dir,case_id,slide_id,label
/path/to/PANDA/features,1,0005f7aaab2800f6170c399693a96917,0
/path/to/PANDA/features,2,000920ad0b612851f8e01bcc880d9b3d,0
/path/to/PANDA/features,3,0018ae58b01bdadc8e347995b69f99aa,4
/path/to/PANDA/features,4,001c62abd11fa4b57bf7a6c603a11bb9,4
/path/to/PANDA/features,5,001d865e65ef5d2579c190a0e0350d8f,0
/path/to/PANDA/features,6,002a4db09dad406c85505a00fb6f6144,0
/path/to/PANDA/features,7,003046e27c8ead3e3db155780dc5498e,1
/path/to/PANDA/features,8,0032bfa835ce0f43a92ae0bbab6871cb,1
/path/to/PANDA/features,9,003a91841da04a5a31f808fb5c21538a,1
/path/to/PANDA/features,10,003d4dd6bd61221ebc0bfb9350db333f,1
/path/to/PANDA/features,11,00412139e6b04d1e1cee8421f38f6e90,0
/path/to/PANDA/features,12,004391d48d58b18156f811087cd38abf,1
/path/to/PANDA/features,13,004dd32d9cd167d9cc31c13b704498af,1
/path/to/PANDA/features,14,004f6b3a66189b4e88b6a01ba19d7d31,1
/path/to/PANDA/features,15,005e66f06bce9c2e49142536caf2f6ee,1
/path/to/PANDA/features,16,0068d4c7529e34fd4c9da863ce01a161,3
/path/to/PANDA/features,17,006f4d8d3556dd21f6424202c2d294a9,0
/path/to/PANDA/features,18,007433133235efc27a39f11df6940829,0
/path/to/PANDA/features,19,0076bcb66e46fb485f5ba432b9a1fe8a,3
/path/to/PANDA/features,20,008069b542b0439ed69b194674051964,4
/path/to/PANDA/features,21,008308f099f0c565fbc024ece6b8b08c,1
/path/to/PANDA/features,22,00928370e2dfeb8a507667ef1d4efcbb,5
/path/to/PANDA/features,23,00951a7fad040bf7e90f32e81fc0746f,1
/path/to/PANDA/features,24,00a26aaa82c959624d90dfb69fcf259c,4
/path/to/PANDA/features,25,00a76bfbec239fd9f465d6581806ff42,0
/path/to/PANDA/features,26,00a7fb880dc12c5de82df39b30533da9,3
/path/to/PANDA/features,27,00a97615a51ba4c475bdec8505623bf9,4
/path/to/PANDA/features,28,00bbc1482301d16de3ff63238cfd0b34,2
/path/to/PANDA/features,29,00c15b23b30a5ba061358d9641118904,5
/path/to/PANDA/features,30,00c46b336b5b06423fcdec1b4d5bee06,1
/path/to/PANDA/features,31,00c52cb4db1c7a5811a8f070a910c038,5
/path/to/PANDA/features,32,00ca0c23961b5510be46c917be11c43e,5
/path/to/PANDA/features,33,00d7ec94436e3a1416a3b302914957d3,2
/path/to/PANDA/features,34,00d8a8c04886379e266406fdeff81c45,5
/path/to/PANDA/features,35,00e6511435645e50673991768a713c66,1
/path/to/PANDA/features,36,00ed4dbf9af6cc102e04cc9a42b313e2,1
/path/to/PANDA/features,37,00ee879798782aca1248baa9132d7307,1
/path/to/PANDA/features,38,00f6ea010b008e7b3635910a13b165a5,1
/path/to/PANDA/features,39,00fbee5161d8cc715b3fe69e16cdf147,1
/path/to/PANDA/features,40,01065a75c0dfd95f78893ebbfd3c70b3,2
/path/to/PANDA/features,41,010670e9572e67e5a7e00fb791a343ef,5
/path/to/PANDA/features,42,010dea54bfd0a4a1eb1c0719949bb4a4,5
/path/to/PANDA/features,43,010f9df31ea44191c106d8226eaf46fb,3
/path/to/PANDA/features,44,011d38d07a0d228d2d3f8433ff483738,1
/path/to/PANDA/features,45,01227af585a47c16680f927d21a7f06a,1
/path/to/PANDA/features,46,0125392d1963a6b69a37f9e30333d68a,2
/path/to/PANDA/features,47,012f41e5276e881af134c1ae218455cf,1
/path/to/PANDA/features,48,01571191abf6e8e209111e819823759b,3
/path/to/PANDA/features,49,01642d24ac5520681d6a20f6c42dc4fe,0
/path/to/PANDA/features,50,0164d95013217d9e6b05cb957b66e6e9,1
/path/to/PANDA/features,51,01699a34381500901408ba3258f5c61a,0
/path/to/PANDA/features,52,0176ea71c553c3988d886d319b9864ca,1
/path/to/PANDA/features,53,0186f4811c9d089707d9dc7460160d88,1
/path/to/PANDA/features,54,018eabc8f4503ab89d0725b430e4808f,2
/path/to/PANDA/features,55,019c1b40e6ec7410e8356c5d8d487954,0
/path/to/PANDA/features,56,019f98ef49bcbff0b0bb513b7d66fcf5,1
/path/to/PANDA/features,57,01a5e35b1ae21f3cfbe100b4b6aef451,4
/path/to/PANDA/features,58,01a9472f2b061f80bb7c125dfa9771e5,5
/path/to/PANDA/features,59,01ad256f991cc99f46f8065cdf0bda01,2
/path/to/PANDA/features,60,01afe81220f729cf1c5b4d99f3abe559,4
/path/to/PANDA/features,61,01b3d1fe5b0bd538d1e9824fe7d2d24d,2
/path/to/PANDA/features,62,01c3fb23ddaec7c51e1c0b52450bb472,0
/path/to/PANDA/features,63,01c669f3f6a18197285bdf357b45d477,2
/path/to/PANDA/features,64,01c816336959ee9d94b23b37b0f71f21,0
/path/to/PANDA/features,65,01c977c97e2f5543e65e559d98dec93c,3
/path/to/PANDA/features,66,01d20d68bce47bec01d816b893630f18,1
/path/to/PANDA/features,67,01d647e17ee868d2991c73a247c28cf9,3
/path/to/PANDA/features,68,01d983ba412b27a65f58848b695ec751,0
/path/to/PANDA/features,69,01dfcde514052a6dc35ea4407f41d6e1,4
/path/to/PANDA/features,70,01e5bb47fb34f075f87cbfbc8d630124,3
/path/to/PANDA/features,71,01e9fa9938ac458e6307690bfce89ec1,2
/path/to/PANDA/features,72,01f25f6392771aa0895dbbafba05054a,3
/path/to/PANDA/features,73,01faa9d3bc7a2464c7b6d71ea904970f,1
/path/to/PANDA/features,74,01fe87e27518936463e751691db8f730,0
/path/to/PANDA/features,75,0200fa88e8c01546663b9db1726936ac,0
/path/to/PANDA/features,76,020a76e6ac9418a2f23f467b861e6012,2
/path/to/PANDA/features,77,020d0243094c8561544f683b4c64859d,4
/path/to/PANDA/features,78,02146992e1884bf87012fd0d5d05cdb9,4
/path/to/PANDA/features,79,0214df71ae527e2144021178c453d204,5
/path/to/PANDA/features,80,021cebcddd589b19448cae16b26c9863,1
/path/to/PANDA/features,81,022181eb0127cb8f1ec240efa3f15799,0
/path/to/PANDA/features,82,022544d1446c2c44f8ca8ff53262dc5b,2
/path/to/PANDA/features,83,0227774a4bea07846d24ddb033767d1a,1
/path/to/PANDA/features,84,022a0bb891701b0161a7d4518415d0f4,4
/path/to/PANDA/features,85,02367dd4a62007ff4dc3226886c93f47,1
/path/to/PANDA/features,86,023b6501333df8d9d1a5e2ee686b1489,1
/path/to/PANDA/features,87,0240270d611683829ea5bee2a8c52eb0,3
/path/to/PANDA/features,88,024ed1244a6d817358cedaea3783bbde,0
/path/to/PANDA/features,89,02533ec710c56377e6df314abc2d6589,3
/path/to/PANDA/features,90,02577ddcd838f2559936453b6071dc17,0
/path/to/PANDA/features,91,025a65c53cd655151b9ff1b9518aa27e,0
/path/to/PANDA/features,92,026081211406349c85c3e5b4fc4b6ff0,0
/path/to/PANDA/features,93,026dcf3b549e8fb23143ea82023f58be,5
/path/to/PANDA/features,94,0277b937ddc8679ae69b3c54bfd714f1,5
/path/to/PANDA/features,95,027c4a5b5f9f1be80602ef51f2619bc2,1
/path/to/PANDA/features,96,02805e3e20ef629ffeeee1e68cf24ab0,4
/path/to/PANDA/features,97,028098c36eb49a8c6aa6e76e365dd055,0
/path/to/PANDA/features,98,0280f8b612771801229e2dde52371141,1
/path/to/PANDA/features,99,028dc05d52d1dd336952a437f2852a0a,5
/path/to/PANDA/features,100,02a2dcd6ad8bc1d9ad7fdc04ffb6dff3,5
/path/to/PANDA/features,101,02a3870e56dbcb6afd73546af54a8457,0
/path/to/PANDA/features,102,02a7b258e875cf073e2421d67ff824cd,3
/path/to/PANDA/features,103,02ac04211b58466d13d690dc9be8adf0,4
/path/to/PANDA/features,104,02b39ad5ba9d37a9636311c7b4357aed,4
/path/to/PANDA/features,105,02c2141567e50ff7d04069f70e9c9c5e,1
/path/to/PANDA/features,106,02d302a8d723fa00331f373091b29135,3
/path/to/PANDA/features,107,02e57c6acba29013ec3f1732ec373afe,2
/path/to/PANDA/features,108,02e5b03f8ea7ea2787101b758291d162,3
/path/to/PANDA/features,109,02e7ef58dba5c2d67b6d3711dc081135,1
/path/to/PANDA/features,110,02ed1bc414852efe74deb5a44bb86336,1
/path/to/PANDA/features,111,02f35b793b4fe3032ad6d91f181e391c,5
/path/to/PANDA/features,112,02f72cb5511e180ee7d2d1bf793233bc,1
/path/to/PANDA/features,113,030ca0cb6956ae6ec93a6fc83453d09b,1
/path/to/PANDA/features,114,030d8b5c2f9562c574872ab99875aeca,1
/path/to/PANDA/features,115,030de916cc0f437f63eb815c1e007caf,1
/path/to/PANDA/features,116,031f5ef5b254fbacd6fbd279ebfe5cc0,5
/path/to/PANDA/features,117,0325d6b779870b7bd216f3a81f6ab3d7,0
/path/to/PANDA/features,118,032de36af1c776f91dfbe4079cf3c002,1
/path/to/PANDA/features,119,03426e9293f207de46b5592c001eb45c,4
/path/to/PANDA/features,120,034add55dd7134b7b5893d787eb5a32c,3
/path/to/PANDA/features,121,035587e63d72f8537b3fce5067bb18df,0
/path/to/PANDA/features,122,0355ee153bd16cfb69018d1ff000c419,3
/path/to/PANDA/features,123,0356fabdec47163b6ad35a2a7b06647c,3
/path/to/PANDA/features,124,035a5208729ef164213954598b8df75d,0
/path/to/PANDA/features,125,035b1edd3d1aeeffc77ce5d248a01a53,0
/path/to/PANDA/features,126,03692c5859b1eb7af0f4292e10586205,2
/path/to/PANDA/features,127,03717c12ffe242a347cdfd9d13e6cd76,1
/path/to/PANDA/features,128,0373ed8a095e0a283da690de360ccc21,5
/path/to/PANDA/features,129,037504061b9fba71ef6e24c48c6df44d,0
/path/to/PANDA/features,130,037c18f1a1ec42be86eed81b09867939,4
/path/to/PANDA/features,131,037e64a6aaddb326a8575de52771064a,5
/path/to/PANDA/features,132,037f29b7d62479c7fb257903f401269a,0
/path/to/PANDA/features,133,0382081d894cac755a53ca7f241f014f,2
/path/to/PANDA/features,134,03849b0243900d79446bb27849dc0bb2,1
/path/to/PANDA/features,135,03881bfd835f664da3e62ce6ea025046,1
/path/to/PANDA/features,136,03a05c8a657934ae2d21d93aab9181f9,3
/path/to/PANDA/features,137,03a1deb18638f73ce898b2adac1c8ec9,5
/path/to/PANDA/features,138,03a3d1bac814f25da8e1f7c511cc10af,3
/path/to/PANDA/features,139,03a9c795eb81e64e11d95584e3eb76c8,4
/path/to/PANDA/features,140,03b113d63b06f6740d82b4cfa1ee4a75,4
/path/to/PANDA/features,141,03b3788b5dca6fdae323d0f1a03c03f6,5
/path/to/PANDA/features,142,03b7d118c5f1988fe73e568f23269c47,3
/path/to/PANDA/features,143,03c518ce7998b55e5b33d3cf76391fe0,1
/path/to/PANDA/features,144,03ca7f8d8c993d3959daf10ef57f4489,1
/path/to/PANDA/features,145,03cb612a6410c5503aa9cf3d0ba1740f,0
/path/to/PANDA/features,146,03cbca92332795356adbdf4dd0c15578,2
/path/to/PANDA/features,147,03cbe5d39233a65cd7f64a81094ccc54,0
/path/to/PANDA/features,148,03d147633edaca0d112520ac2ce6f11d,2
/path/to/PANDA/features,149,03db76b0a1387cfb4206fd11f42051d7,1
/path/to/PANDA/features,150,03e321735fcdc09782e006f9fca23075,0
/path/to/PANDA/features,151,0402b113937fa2d9ed77d3dcd8b6460e,3
/path/to/PANDA/features,152,0403dcc49b1420545299f692f7d8e270,5
/path/to/PANDA/features,153,04063850d065e6fa2d7a479d9eb36870,1
/path/to/PANDA/features,154,040847f885854a69d231c46196288d46,5
/path/to/PANDA/features,155,0416b90e91acd8f71831c1723df3feb5,1
/path/to/PANDA/features,156,04198f362b0329843b23c5cd236f765d,1
/path/to/PANDA/features,157,04201ee15d33abe4b032317792cf1040,0
/path/to/PANDA/features,158,042bd2100df4934b520a4c0c3fbe1d6b,0
/path/to/PANDA/features,159,043489a629f6bdec1d08515a6daabb78,1
/path/to/PANDA/features,160,0446851f36b7a60cb971e05365ce0188,4
/path/to/PANDA/features,161,044b0937a90ecc3347acac21e9cd39f6,5
/path/to/PANDA/features,162,0452381085998676ae1e3c877df5bd4d,0
/path/to/PANDA/features,163,045abbf620e79d285e7d9d0cbf39ec8c,3
/path/to/PANDA/features,164,0465f4b248a57b710e02d636d595bf94,4
/path/to/PANDA/features,165,046b35ae95374bfb48cdca8d7c83233f,5
/path/to/PANDA/features,166,046bac77a58c1be84a6418904e755280,2
/path/to/PANDA/features,167,0470680842880ac7493bbf5e7cfbc26b,0
/path/to/PANDA/features,168,0475c8c61af050d4e83d9f8d2ca27a7c,4
/path/to/PANDA/features,169,047dfcfa9deb50e3ca572a902707442f,1
/path/to/PANDA/features,170,04875b8121c928cc022dd6f26a307d06,5
/path/to/PANDA/features,171,049031b0ea0dede1ca1e5ca470c1332d,1
/path/to/PANDA/features,172,04952a4d6f0309a8a317a56ad88d9145,0
/path/to/PANDA/features,173,0497647d8124c3a7f498c89204b7afe2,0
/path/to/PANDA/features,174,049813f2cb407d0db60d6e671af6415b,4
/path/to/PANDA/features,175,04b2c7aa40033c3fb67096b8327f324f,1
/path/to/PANDA/features,176,04b66a150ef667f328aa378e1ee8d750,0
/path/to/PANDA/features,177,04c64f01e704712be3de4b5687f9bc9e,1
/path/to/PANDA/features,178,04cc6bb8a2b8b3620e4f1b01af1e8269,0
/path/to/PANDA/features,179,04cdf445e919fef2d71bc209f4ec77cb,2
/path/to/PANDA/features,180,04e1a953bceb9b1a0a5bf8840614aa04,4
/path/to/PANDA/features,181,04e31b936f51091d43cb805a30084533,4
/path/to/PANDA/features,182,04ecd322ee23c5be7654baad4d9fbc71,2
/path/to/PANDA/features,183,04f28a8f394396872b7a9ede5041a80c,4
/path/to/PANDA/features,184,04fb016f937abee73415638884ec0367,2
/path/to/PANDA/features,185,0501146a8a4c4f0f20309ff360059862,1
/path/to/PANDA/features,186,05042f83b5d00b7ca6e2b4f0a2b3add1,2
/path/to/PANDA/features,187,05056b81578a9c162eb0b0d4f1688282,1
/path/to/PANDA/features,188,051a2228aadbb0d44e61f8507114a4c0,4
/path/to/PANDA/features,189,052d30c6787716383b5789d5711e6d65,0
/path/to/PANDA/features,190,0532c61a5b3b8223b42bc62b6fac4a48,0
/path/to/PANDA/features,191,0535f33b47de82de3b506799149e3a53,1
/path/to/PANDA/features,192,0536843beb45cb6d5d7db5bf576a37af,1
/path/to/PANDA/features,193,053be6185799c8688b4988b7085c7958,2
/path/to/PANDA/features,194,054b6888604d963455bfff551518ece5,3
/path/to/PANDA/features,195,0550b23f29085f41b10d165a46ad4371,5
/path/to/PANDA/features,196,0559e62f34650bc8e0579cf48aefdf1b,2
/path/to/PANDA/features,197,055dc74f97a387fd1f12beb64e1cca76,0
/path/to/PANDA/features,198,05657a4cdbbe3bd466402d227bf0b2c7,2
/path/to/PANDA/features,199,056806d7a40db6e21868f74a6f4fccc2,0
/path/to/PANDA/features,200,056990e94a55a9bc73f7ffc0a6f8080f,0
/path/to/PANDA/features,201,05812e40387f49e4b21a7bfeca0cca2d,3
/path/to/PANDA/features,202,05819281002c55258bb3086cc55e3b48,4
/path/to/PANDA/features,203,0583f220404a873c7f288d1d908dec96,0
/path/to/PANDA/features,204,0587586b10cc3417c3c3607102b3f720,5
/path/to/PANDA/features,205,0592a76b2a23cf43ceeb8888f36bed9c,1
/path/to/PANDA/features,206,0593354ca8cb549c63f547c29f3a7ff1,3
/path/to/PANDA/features,207,059ab4f2222a3231845f048a63036083,1
/path/to/PANDA/features,208,059cbf902c5e42972587c8d17d49efed,0
/path/to/PANDA/features,209,05a377208625fce1afdc4878e3185ca4,1
/path/to/PANDA/features,210,05a48d521ee6697052fc1bd914fb6edb,1
/path/to/PANDA/features,211,05a5622cb79be8e83a265ee80fd52d86,4
/path/to/PANDA/features,212,05abe25c883d508ecc15b6e857e59f32,5
/path/to/PANDA/features,213,05ae9c45c764c3e40da1e8785a688852,1
/path/to/PANDA/features,214,05b09773ad1b34275f0b5adee3c650ab,3
/path/to/PANDA/features,215,05c4384280a459216bca38ea2a9230ec,1
/path/to/PANDA/features,216,05cc3233dcb5489d2333ee62339a3226,0
/path/to/PANDA/features,217,05e06bff98cf601bbee320f6547cf9ab,0
/path/to/PANDA/features,218,05f15be5254b9dc5c8ad24400448d00a,0
/path/to/PANDA/features,219,05f2ae45ead3e5737d102656366752df,1
/path/to/PANDA/features,220,05f4e9415af9fdabc19109c980daf5ad,5
/path/to/PANDA/features,221,05f79307ac65a11d52caeada92e68949,4
/path/to/PANDA/features,222,06005debf8e7e498384b383c018e1127,0
/path/to/PANDA/features,223,060656fabe162dbdef7e4c520068d2f0,2
/path/to/PANDA/features,224,060f04c4f2dc67635433dc0c5b878265,4
/path/to/PANDA/features,225,060f60eeecf1ab502526a34db9caaf8e,0
/path/to/PANDA/features,226,060fb11087bfa2be0b810fad986328c2,0
/path/to/PANDA/features,227,061054331a952dd1c9df45c283d756b0,2
/path/to/PANDA/features,228,06334c520d4bd54eb501a49f42158a80,3
/path/to/PANDA/features,229,063528c18968c03f23e0c299bbba17e4,3
/path/to/PANDA/features,230,063db632c0ad279c9602070bea1d8dae,0
/path/to/PANDA/features,231,06509deacf578c9d20cdb0c1d6f087cb,1
/path/to/PANDA/features,232,06521bf2287ba40f046dcabc6c9dddc1,0
/path/to/PANDA/features,233,065762b2ae186afcf91bbedc81142ef4,0
/path/to/PANDA/features,234,06636cdd43041e78141f2f5069fa62d5,4
/path/to/PANDA/features,235,066f41ab89acaec2ceb40a01b66cd48b,2
/path/to/PANDA/features,236,0674b9bfe2d2d8aa7731b02eeeee6be8,3
/path/to/PANDA/features,237,067a25212e4e5b9eab412c274ae16df6,5
/path/to/PANDA/features,238,067bc8b33f5a6415e4f4ef61bef2bcd5,0
/path/to/PANDA/features,239,068067cb3873af5f4dcc3e5859b57991,0
/path/to/PANDA/features,240,0684ccb184e2d459dbc06cb350da4293,1
/path/to/PANDA/features,241,068b0e3be4c35ea983f77accf8351cc8,3
/path/to/PANDA/features,242,06a0cbd8fd6320ef1aa6f19342af2e68,0
/path/to/PANDA/features,243,06a6be84f9a7b7669f27956175566d90,0
/path/to/PANDA/features,244,06a7dc123ee1cd1a88b5563bb332666c,5
/path/to/PANDA/features,245,06aae0772aa5f4eecbd806ee0558fbda,1
/path/to/PANDA/features,246,06bf945aaacb9a67d9f2439d9a7d73ea,2
/path/to/PANDA/features,247,06c686f7bd2d084201d635dcbba1baa7,2
/path/to/PANDA/features,248,06cab87cd7a132bd8eaa30aa1ea42434,2
/path/to/PANDA/features,249,06d4ebd3d0ee6d3514d07ccfba615def,1
/path/to/PANDA/features,250,06eda4a6faca84e84a781fee2d5f47e1,0
/path/to/PANDA/features,251,06ef45756a44d6ec0301b519700bf053,0
/path/to/PANDA/features,252,06ef49a7b77e883f089cfdd80642d6f0,0
/path/to/PANDA/features,253,06f3b1ddd71638119ffccf20d386d0f9,0
/path/to/PANDA/features,254,06f714d78f6f5c545cd149cf71c7c1c1,0
/path/to/PANDA/features,255,06fb67ffa126811dad6ffb6ecdb8558b,2
/path/to/PANDA/features,256,06fc0c8a36a83d5150fca83d5bbb2612,5
/path/to/PANDA/features,257,06fe0864a99a2e0cd32cb141b7808912,3
/path/to/PANDA/features,258,0704a3d9638d1657d8b36968ce2b92f8,1
/path/to/PANDA/features,259,070f969f4b4952f08d94f056615c8def,3
/path/to/PANDA/features,260,070f9f27db2db32b456cfc595f29c03a,1
/path/to/PANDA/features,261,07106a451fdebeaa73f2db13f295bfb1,1
/path/to/PANDA/features,262,0716c93c57221da6de731b0df342a641,0
/path/to/PANDA/features,263,071adc8288cc111233b74980684c3552,0
/path/to/PANDA/features,264,0728601281f67ec7964014e1aa3caa35,1
/path/to/PANDA/features,265,072c26f55ed2317ff8d27d8500483121,2
/path/to/PANDA/features,266,072f1b5740579bbe7f69afdd33bee8d1,4
/path/to/PANDA/features,267,072fc649567e358ff3c69f6e5c1f630f,0
/path/to/PANDA/features,268,0748aba46621600d1e6b6ec02f90dfe5,2
/path/to/PANDA/features,269,074c3e01525681a275a42282cd21cbde,1
/path/to/PANDA/features,270,074d9f9ceede2e4fad8aec367a335a77,3
/path/to/PANDA/features,271,076737b247cef7064ad6b9f653892026,1
/path/to/PANDA/features,272,07697ea97bfbbac071d41a375c3ad036,2
/path/to/PANDA/features,273,07809f40e0b2b07d9c4b9d6600673102,0
/path/to/PANDA/features,274,0787fbe4ab90ed76a34fb40a48a777ef,3
/path/to/PANDA/features,275,0789100b2b992fa6f2f281a65fa06db1,1
/path/to/PANDA/features,276,0794712a5fdd9d31bdb4ea7c4f175054,2
/path/to/PANDA/features,277,079fed45c08f216f49fe4aff84d7e8d2,3
/path/to/PANDA/features,278,07a7ef0ba3bb0d6564a73f4f3e1c2293,4
/path/to/PANDA/features,279,07a9af222e35aa6ff2afbdbd38ab893e,0
/path/to/PANDA/features,280,07a9fa12ce780b43fb5dfd7d24b861c6,3
/path/to/PANDA/features,281,07aa24f15ce062d65979b6a8bc7eb3f0,5
/path/to/PANDA/features,282,07aa4a923f58d02bd7c43c50491673d9,2
/path/to/PANDA/features,283,07afad2271546de1802035829d3b507d,3
/path/to/PANDA/features,284,07c24a585f5a30ca2d80f922bae49296,2
/path/to/PANDA/features,285,07c2c3245c3a12051cb517038f946223,1
/path/to/PANDA/features,286,07c52f877d1c531c1da6ea32b3c6bff5,1
/path/to/PANDA/features,287,07c9784228dc2ad0b00d2cecd8ca32ce,0
/path/to/PANDA/features,288,07d138144a7db2828e4e4efb8e144561,0
/path/to/PANDA/features,289,07d600e3fcbebf7dc75e5335d3563e63,3
/path/to/PANDA/features,290,07ddaea003b6959246d07c44c6a67b29,2
/path/to/PANDA/features,291,07e16ae47a5154782affc9dc45b50297,1
/path/to/PANDA/features,292,07e5efeb3064dd07d6392517cd3362aa,1
/path/to/PANDA/features,293,07e81d2eee07982de62cd5b303d19872,0
/path/to/PANDA/features,294,07eaadc46babea72e7fd1c3be000928e,0
/path/to/PANDA/features,295,07f1c3248162f27276cc1ce3a262f05d,0
/path/to/PANDA/features,296,07f6b87e1e88e2370609c102502cd51a,4
/path/to/PANDA/features,297,07fd80d1fce4d559b61bc7103ca21146,2
/path/to/PANDA/features,298,07fd8d4f02f9b95d86da4bc89563e077,1
/path/to/PANDA/features,299,080b829ec59528590e76b57d25fdda55,3
/path/to/PANDA/features,300,081326594b296d372b9dd3e8af82350a,3
/path/to/PANDA/features,301,08134913a9aa1d541f719e9f356f9378,4
/path/to/PANDA/features,302,082fd0a9f827b00494feb039b53b5500,5
/path/to/PANDA/features,303,08347bf830e78903e36a81168c4342f9,1
/path/to/PANDA/features,304,0838c82917cd9af681df249264d2769c,1
/path/to/PANDA/features,305,083ab9e2c95fb0ea2b999c592fb41653,2
/path/to/PANDA/features,306,083bbffb698cdc7ab5402052b5b3dfce,2
/path/to/PANDA/features,307,0841bb278823ec53920d723881c7afd9,1
/path/to/PANDA/features,308,084240df70f5d10ade5f913e7ec86637,1
/path/to/PANDA/features,309,08459aaedfda0679aab403ababbd6ece,5
/path/to/PANDA/features,310,0849749bd2b9fc46b88a56b4c47e4093,0
/path/to/PANDA/features,311,085185a62d672e6ce606260f602ac8ab,1
/path/to/PANDA/features,312,0859f6978ecda3a70941d601287ef6de,1
/path/to/PANDA/features,313,085a35715e8a0f0edeccff03290a6baf,5
/path/to/PANDA/features,314,085b0ae5b6a84676463c3d3faf7d1910,4
/path/to/PANDA/features,315,085d3e58058fa98dcbbdf64dacfe51be,3
/path/to/PANDA/features,316,0864ad4232a64c3350f7a0c5f825ecf1,1
/path/to/PANDA/features,317,087235917714cd15b20951ad00a39cf7,4
/path/to/PANDA/features,318,0873fff5fceb087574469b8c9312eb3d,3
/path/to/PANDA/features,319,0876078db4e90065f7c16c892f74f404,1
/path/to/PANDA/features,320,08788ad91d8fd0fbf8e130739837b03f,1
/path/to/PANDA/features,321,087fd9ebfe6fa82728be6c7eabe1d4e4,3
/path/to/PANDA/features,322,0880e72eb2ad3fd25067a4500a8f0016,4
/path/to/PANDA/features,323,08960c544011ae04f233828b7393fece,5
/path/to/PANDA/features,324,0896c0e0ee1979a0075927acb663f2a4,0
/path/to/PANDA/features,325,08a06fa523ddffc4597efa05ef129f1f,1
/path/to/PANDA/features,326,08a3bce609b63cb12dbd833319fb177e,0
/path/to/PANDA/features,327,08a8d48ec979f002383f336d988673ca,0
/path/to/PANDA/features,328,08ab45297bfe652cc0397f4b37719ba1,2
/path/to/PANDA/features,329,08abd36dda089b53088bb7bf7558336a,2
/path/to/PANDA/features,330,08b04f43997889865568c2c0d7bba8ab,3
/path/to/PANDA/features,331,08b1c6fbb511776ac028b0a5c9e42ad2,0
/path/to/PANDA/features,332,08b92dd5bd510ff336949f1042c11991,4
/path/to/PANDA/features,333,08e5d5b878d7049cf9e8c817f1508bff,1
/path/to/PANDA/features,334,08e77f0dd5d4895c3133efe1056159ad,1
/path/to/PANDA/features,335,08e7beb9ca5dbe53b59cbb27639bffcf,5
/path/to/PANDA/features,336,08e90c44bcfe29aa64beff429f94e291,1
/path/to/PANDA/features,337,08f055372c7b8a7e1df97c6586542ac8,2
/path/to/PANDA/features,338,08f12f69f71b3b4c3c45eafbd710b156,2
/path/to/PANDA/features,339,08fb451c085cb309fdd5c2650070185f,0
/path/to/PANDA/features,340,08fc8cebe98efe59cf5b234d8de36356,5
/path/to/PANDA/features,341,08feee903e2c1828e1ba8599941f4f63,1
/path/to/PANDA/features,342,0903682c23bb2b58a57decbbb833d3fc,1
/path/to/PANDA/features,343,0905d7115955cdd6f438a64bf5061902,3
/path/to/PANDA/features,344,090a77c517a7a2caa23e443a77a78bc7,1
/path/to/PANDA/features,345,090b8c54aa290c2e5e6114cbeddb16bd,2
/path/to/PANDA/features,346,091b756470ae8748ad9384fb9eb73574,3
/path/to/PANDA/features,347,091e4c8eda34e392cbecfc81d7aeb6c7,4
/path/to/PANDA/features,348,09259d619d0f95c6a277e45f2450e7aa,4
/path/to/PANDA/features,349,09271f0045c19ac6179771054455b2ce,0
/path/to/PANDA/features,350,0930ed07f723799f36d48929cdd840df,1
/path/to/PANDA/features,351,09320344c2ed4da7bdf50d9f03b9e0be,5
/path/to/PANDA/features,352,0939cc4fdee01c1d6f34541b9f8bd475,1
/path/to/PANDA/features,353,09471c7d6b4a7b117f7ab3a52d7828c4,5
/path/to/PANDA/features,354,09509b4bff15ef7a166e7964af2d683c,4
/path/to/PANDA/features,355,0954f0bb123cf3be8b00c9c989dcf3d6,0
/path/to/PANDA/features,356,095647135b81501cbb9ba7fa58528e3c,1
/path/to/PANDA/features,357,095965e73cfc1094f7bb310d5a6b2e33,5
/path/to/PANDA/features,358,095d32f7716c9ff9892a7696d2325ea1,1
/path/to/PANDA/features,359,095fc465913010fb51c3499000813454,5
/path/to/PANDA/features,360,0960b0d7aa0b3c3cb95acb72e8bcf4e1,0
/path/to/PANDA/features,361,0964b1a9a2d9012b729e1ae1a4808d79,1
/path/to/PANDA/features,362,09654a0e78754b384b69fad7ecc7ba14,0
/path/to/PANDA/features,363,096e33f3e3733cf2d584ec362c4e26b7,1
/path/to/PANDA/features,364,0981f547380ba7b05772f3e5685b1beb,1
/path/to/PANDA/features,365,098f7f7024f5c0de68e771c7273fc273,5
/path/to/PANDA/features,366,099a334f7290f6821e9125c37428157a,4
/path/to/PANDA/features,367,09a0147a0d752216ce2c77c828bfc14b,1
/path/to/PANDA/features,368,09a20094c83eaa9c6a8c4f7c92b4bac4,5
/path/to/PANDA/features,369,09a50526cdd518958c8c846a912141e5,2
/path/to/PANDA/features,370,09a6f9c1f4102521c8bd55871eb857f6,0
/path/to/PANDA/features,371,09a9f7497e6ba14eb0a12388ca17540d,3
/path/to/PANDA/features,372,09aa67c5eb010454e88598c6ac50c695,2
/path/to/PANDA/features,373,09af7bbed13916dc55c9b90279ac1cd6,0
/path/to/PANDA/features,374,09b1c877be0329742ae7e56e9f1d09db,3
/path/to/PANDA/features,375,09c591c160a3a43be8e03dfcab80b4c0,0
/path/to/PANDA/features,376,09d4be69a2330cd49298bf30d29cc4e5,0
/path/to/PANDA/features,377,09e09dacf849bfa8770a2ff9fb9228a5,2
/path/to/PANDA/features,378,09e15fdd25dcbcf37262c2a87da8db20,1
/path/to/PANDA/features,379,09e7ee8f114d5c39a71113bf04e9d6a8,5
/path/to/PANDA/features,380,09e8b4e9ce5253168cf18c88bdc8304c,1
/path/to/PANDA/features,381,09f734438a9b2f3cf78c72eef5c45b30,3
/path/to/PANDA/features,382,09fc43e064588dca30345bf48cea81a8,0
/path/to/PANDA/features,383,0a0f8e20b1222b69416301444b117678,4
/path/to/PANDA/features,384,0a107c91216d62b2543122a46eb26541,2
/path/to/PANDA/features,385,0a14e008bce3dbcce2470ca1123bd565,4
/path/to/PANDA/features,386,0a336d5bc71e1f83d453297413f11e9b,5
/path/to/PANDA/features,387,0a3bf331f951938b678a1736ea8d8399,1
/path/to/PANDA/features,388,0a5b11fe9c149f5e2e41a5d16dc5f314,2
/path/to/PANDA/features,389,0a5d6a20d1429dd55b94ae1b857ad573,5
/path/to/PANDA/features,390,0a619ab32b0cd639d989cce1e1e17da0,4
/path/to/PANDA/features,391,0a6c5a120961974a7dae8cf11245ff73,1
/path/to/PANDA/features,392,0a6e7a0cfe6a3203b4cb28d6ff6daa6a,4
/path/to/PANDA/features,393,0a75b377181b60efd8278bce0b6260a5,3
/path/to/PANDA/features,394,0a81500dc48b2bb7ee19849502360270,4
/path/to/PANDA/features,395,0a836ea85157d6e0b92371d8ae18a55c,5
/path/to/PANDA/features,396,0a848ccbbb065ef5ee59dd01710f8531,5
/path/to/PANDA/features,397,0a8b2cefacdad96c6005799832055629,1
/path/to/PANDA/features,398,0a8bc9de5acf2d4a667a4528803d1f09,1
/path/to/PANDA/features,399,0a8c2bda6e00a040372185ccd9a3c4ab,5
/path/to/PANDA/features,400,0a90417765296ad56c6c4c401eae71bd,1
/path/to/PANDA/features,401,0a90f3a47f1d9bccee4f6ab1a716839f,1
/path/to/PANDA/features,402,0a93d9a674e358ba32e4e2ec320aefc5,2
/path/to/PANDA/features,403,0a94d55951bd4caebf2712e455decc6e,4
/path/to/PANDA/features,404,0a97bd73cd153b33751d43821ff0a400,0
/path/to/PANDA/features,405,0aa144fb4a6597dd19b3e0de25151e11,3
/path/to/PANDA/features,406,0aa6472328e4807ba54a807b8332da0f,1
/path/to/PANDA/features,407,0ab626bb7e1eb8c7b1eb6ac3fb129349,0
/path/to/PANDA/features,408,0ab859bbba82de5373f3f2fa8e806e2d,2
/path/to/PANDA/features,409,0abc61a1bc7abe47b9e44a9f69979eb0,2
/path/to/PANDA/features,410,0ac4677348cf4fc1ebe354ba1037921c,0
/path/to/PANDA/features,411,0ac7f7d40895378ae07006510aaca8de,0
/path/to/PANDA/features,412,0ace5c189da8f9f9d9cb92e85f142904,1
/path/to/PANDA/features,413,0ad2995378cdc31f88da16d158c77d6e,1
/path/to/PANDA/features,414,0ad349dc15725bebc39d343ef41743aa,3
/path/to/PANDA/features,415,0ad4f3538ae67d99a7dbfcc01b2d2dd8,2
/path/to/PANDA/features,416,0ae4dfa2347160e807c4a4b9bee98f47,2
/path/to/PANDA/features,417,0af9dc7262948b51596d3305675e4a37,0
/path/to/PANDA/features,418,0b0b9e3cb8d9172d8fdf21d096ff93ba,1
/path/to/PANDA/features,419,0b102a47110d5fea1501400cd974f8d2,1
/path/to/PANDA/features,420,0b1775f64d774ab69e50fc0d7a124036,3
/path/to/PANDA/features,421,0b180497f297ce3ae7bba222099115d7,3
/path/to/PANDA/features,422,0b1c63971f6e7515273c95650a2e9063,4
/path/to/PANDA/features,423,0b1d4a81985789feff2fd66bb2d5b760,1
/path/to/PANDA/features,424,0b2c7d97a377d620e70109199bf8eed8,0
/path/to/PANDA/features,425,0b2cba7e97daa7f11ededc2ec7d67045,1
/path/to/PANDA/features,426,0b353bfc9df3fc5534511a8295e40046,1
/path/to/PANDA/features,427,0b373388b189bee3ef6e320b841264dd,5
/path/to/PANDA/features,428,0b48fb4285d6ca230e336ec49d89304a,1
/path/to/PANDA/features,429,0b4b960490879b7588a1d135fcf10fe7,3
/path/to/PANDA/features,430,0b4fba162fc179a4cf63cc986f72ac4c,5
/path/to/PANDA/features,431,0b517956117177d8efec1a7efe60a985,2
/path/to/PANDA/features,432,0b5f952f3a5bf6885d7230acd5cbf720,1
/path/to/PANDA/features,433,0b60ac39ce977146c4bd7978d62bedeb,5
/path/to/PANDA/features,434,0b6a90e1c27bf54488c1f7697c6ce599,0
/path/to/PANDA/features,435,0b6d642c9b160678dcfff095c21ce09f,0
/path/to/PANDA/features,436,0b73719f81c77051bb4b0ece8647a48e,5
/path/to/PANDA/features,437,0b750909b5179cc92b2082a6c5e7ef72,3
/path/to/PANDA/features,438,0b7e106ad1484a6e887b55b18834b740,1
/path/to/PANDA/features,439,0b80bdc8caa658b5f69606234947b422,1
/path/to/PANDA/features,440,0b90de9a5e884982c165c6f2a46c5762,2
/path/to/PANDA/features,441,0b99475a066e609a5ee19ee84e30e376,1
/path/to/PANDA/features,442,0b9cd3a39dce8aebede8054fdca54ad7,1
/path/to/PANDA/features,443,0ba540dcef7c6a994c4e0634cbff4af2,2
/path/to/PANDA/features,444,0bb6facc3ebad1582fca77968ff757c6,0
/path/to/PANDA/features,445,0bb772b06c9e3cd1914e31b509556ebf,4
/path/to/PANDA/features,446,0bbbb6734f721f4df4d2ba60ade0ed15,5
/path/to/PANDA/features,447,0bc1fdd9a51cf38d3dffac3541189c02,3
/path/to/PANDA/features,448,0bc3b1ea9b5e5af3355cfbd9eb7561a1,3
/path/to/PANDA/features,449,0bc4086b7c5ed0463dde3926f10fc298,1
/path/to/PANDA/features,450,0bce55d17bcc628e62c843a2420e723d,3
/path/to/PANDA/features,451,0bd0a172d1f92a1c8bb43585affe0648,2
/path/to/PANDA/features,452,0bd0dd2e0b715471eab534e1d815ebb2,4
/path/to/PANDA/features,453,0bd8e31343eeb3a3d57effeb507c9a91,0
/path/to/PANDA/features,454,0bd941a8340eaec12fd35ffc798599df,1
/path/to/PANDA/features,455,0bdbe5375568e1df2ac1f3aa984081e4,1
/path/to/PANDA/features,456,0be3244ab58beba40b4746250b7c80c0,1
/path/to/PANDA/features,457,0beac47a5319a85fe10af9cc1c114f09,2
/path/to/PANDA/features,458,0bec02fc4922292847f64a9065d7b32d,2
/path/to/PANDA/features,459,0bf296ea0621d5539aa1ca71600e1f09,1
/path/to/PANDA/features,460,0bf60b57d6fbd60feb3923848bdc720a,1
/path/to/PANDA/features,461,0bf8f44d2c53e5bd65599e56113201d8,1
/path/to/PANDA/features,462,0bfcd33173d2b7e6ec7b2fafc20e004a,2
/path/to/PANDA/features,463,0bfcecec15bb9bef0c8e59e2776ee3c7,1
/path/to/PANDA/features,464,0bfe4af623f6be66a82289e411320773,2
/path/to/PANDA/features,465,0c0041c562f7cbcb69a4d195d5a06114,5
/path/to/PANDA/features,466,0c02d3bb3a62519b31c63d0301c6843e,0
/path/to/PANDA/features,467,0c063b8b2ba5bc8f6a77695dab1a8562,4
/path/to/PANDA/features,468,0c086008cc6c8c8da93106b67d336b8f,0
/path/to/PANDA/features,469,0c16dad59425c963a1dba7a84638ece7,3
/path/to/PANDA/features,470,0c184eef4691e624de23e7b3d6a50025,0
/path/to/PANDA/features,471,0c21345669287d5b299ed8d7d0f6e1c2,5
/path/to/PANDA/features,472,0c26185c4a50226bc489999b62860aab,3
/path/to/PANDA/features,473,0c2964f57d972f4cadc28f5cdbe95f48,0
/path/to/PANDA/features,474,0c33f41946ffe30ce79d576e30d7c842,2
/path/to/PANDA/features,475,0c46c60ae2ef49657bc843707162ba6e,1
/path/to/PANDA/features,476,0c4c5c0598098cb221d34dc154cca14f,1
/path/to/PANDA/features,477,0c50e4b8b6e11c3b01c243d9a9e58446,1
/path/to/PANDA/features,478,0c514de56dcdc9d3b7b71173361a5b7b,2
/path/to/PANDA/features,479,0c5170ccdfd5405de0600d2c25850dac,0
/path/to/PANDA/features,480,0c523039461629c0b6ea77d88d412e6c,5
/path/to/PANDA/features,481,0c52d7167d0b75dec868020c35f4873b,1
/path/to/PANDA/features,482,0c563af5c4dbd5855a884441d57c8656,5
/path/to/PANDA/features,483,0c5c2d16c0f2e399b7be641e7e7f66d9,3
/path/to/PANDA/features,484,0c625807666551dc07436779d1969b24,5
/path/to/PANDA/features,485,0c63ad44d6bc717dcf0c965d1284d503,0
/path/to/PANDA/features,486,0c6c14ee4d822472a576f1f6650d79f0,3
/path/to/PANDA/features,487,0c74834f412d04ad87c230fc337d9e80,0
/path/to/PANDA/features,488,0c74f7e82d446bd1cde9628fd6fa94e3,3
/path/to/PANDA/features,489,0c77493e455bd2380f899c278052fb16,5
/path/to/PANDA/features,490,0c77c44639718bde0513e97205b413a0,0
/path/to/PANDA/features,491,0c782b90b01085cd1c390076363c6fe6,0
/path/to/PANDA/features,492,0c7d6e0e07621b5582117e9977327b4c,3
/path/to/PANDA/features,493,0c81adeb18c3a36eebc21d53a2052798,0
/path/to/PANDA/features,494,0c81fb679d464543822f9b5c59aef5a0,0
/path/to/PANDA/features,495,0c841425404c56ae1115867cd37a2bdb,0
/path/to/PANDA/features,496,0c86c8cc04ce1ef02e6f280a932a2624,5
/path/to/PANDA/features,497,0c86d570723c4f38b59a5e9678887eac,0
/path/to/PANDA/features,498,0c884ecf6571905365546a078c02133b,3
/path/to/PANDA/features,499,0c88d7c7033e2048b1068e208b105270,4
/path/to/PANDA/features,500,0c9045b2cc21942d866067874807cad8,0
/path/to/PANDA/features,501,0c9932a7962d6d5a4765b2c9850e9c56,2
/path/to/PANDA/features,502,0ca1096422c8a8ef79428a6d8b2d2268,2
/path/to/PANDA/features,503,0cab431ccdc996b408623172f47fabfc,4
/path/to/PANDA/features,504,0cb2ce337d1a2073f68553d15eacb3a8,4
/path/to/PANDA/features,505,0cb39c742b3ee31e25527b3d31991f09,1
/path/to/PANDA/features,506,0cb3f826fc871be280fd81ddd875b221,4
/path/to/PANDA/features,507,0cbadddd6fd3eca47c33e48752f680cd,1
/path/to/PANDA/features,508,0cbfd6b7a0e0e936db19b032096621ad,4
/path/to/PANDA/features,509,0cc2bae4e8f80349576daadd44897024,0
/path/to/PANDA/features,510,0cc35bc0fe4dd912b20f72d66888fd49,0
/path/to/PANDA/features,511,0cca0b4c31ebd9672ea216b2c6603408,3
/path/to/PANDA/features,512,0cd5be1bd117769faf8325db00c3f5eb,3
/path/to/PANDA/features,513,0cda721ed6ea6bc2826914ddac3cc338,4
/path/to/PANDA/features,514,0ce4ad46cffd5d3be84513fad62dded7,0
/path/to/PANDA/features,515,0cee71ab57422e04f76e09ef2186fcd5,1
/path/to/PANDA/features,516,0cf00319764b0a06dc1b0dbdfe877c45,0
/path/to/PANDA/features,517,0cf88c432c44f7d163afb692e6d1000b,1
/path/to/PANDA/features,518,0d11cd4b1285e9704ecd9fbee3ee8544,0
/path/to/PANDA/features,519,0d19c87a2ac19e41556441cdfafd7234,0
/path/to/PANDA/features,520,0d1e1a99a3ba55fe2d5cf69ba87c9d97,4
/path/to/PANDA/features,521,0d2a6f5c754e82c42ed5f8117d13fa52,2
/path/to/PANDA/features,522,0d3159cd1b2495cc82637ececf63ed41,4
/path/to/PANDA/features,523,0d369ec1d013037dfa409901c96808b5,2
/path/to/PANDA/features,524,0d3a60962ae62416519dd9f4c1f172a0,0
/path/to/PANDA/features,525,0d495f9f23cac774653c41214c574425,0
/path/to/PANDA/features,526,0d66a26a030e95c9de2173b476029b23,1
/path/to/PANDA/features,527,0d6b78c4294517bd27a007b4e41ebd5e,1
/path/to/PANDA/features,528,0d73c6cef9ab76b13f53f6605e8d494e,1
/path/to/PANDA/features,529,0d7666fdc3372c68a080c612081e2b45,0
/path/to/PANDA/features,530,0d78804d555b81c004df3b681b939ff6,2
/path/to/PANDA/features,531,0d88608b8268cef169385e0d7dd43903,0
/path/to/PANDA/features,532,0d9ebaacb0ccda0312b5fca401e699c1,2
/path/to/PANDA/features,533,0da878110769739fb9439908862be9ba,2
/path/to/PANDA/features,534,0db426156d588a5bb0b6036ac0465be0,0
/path/to/PANDA/features,535,0dccbb58add854759951038d5ee736ab,1
/path/to/PANDA/features,536,0dd642748050ba621498690175a3bcb8,1
/path/to/PANDA/features,537,0df6fef657c83392baa2bc0c89880615,0
/path/to/PANDA/features,538,0dfaba8f37fac34150fb70ca8e425141,1
/path/to/PANDA/features,539,0dfd3861c03378ff72a1d6607ea72829,4
/path/to/PANDA/features,540,0e01dca6be914ca5159e6d6bbd9b9468,0
/path/to/PANDA/features,541,0e16745ebec69d81333b472627815751,2
/path/to/PANDA/features,542,0e187aa3c8dd29c41e92af60d2dfb7e5,0
/path/to/PANDA/features,543,0e1a2cbd009133a20feeb1e4bc5a2227,1
/path/to/PANDA/features,544,0e1bc26d651085dca788335c9f3b8dfc,1
/path/to/PANDA/features,545,0e1d010df72414d8873b594afd64a34b,0
/path/to/PANDA/features,546,0e1f3c283a5756b1372fc67e5230dd35,1
/path/to/PANDA/features,547,0e204892570cac5d8352fac145f1e66c,5
/path/to/PANDA/features,548,0e212c3ff7bf9120a46c2f56b67f7f20,0
/path/to/PANDA/features,549,0e2203e117e27e9728407f102404ac59,5
/path/to/PANDA/features,550,0e305c4d31f47db36c44a1d55d389193,4
/path/to/PANDA/features,551,0e347ad243e4019fad579d3282a730f9,1
/path/to/PANDA/features,552,0e347f2fd5526d221233e35dacb2f79c,1
/path/to/PANDA/features,553,0e37381aa92c289f168388fb6a332b8c,1
/path/to/PANDA/features,554,0e3b9cd71b3f0049db58e845a781c228,1
/path/to/PANDA/features,555,0e46418f938971abebfda741d6840e9b,5
/path/to/PANDA/features,556,0e492e8df48427de3324676b8df25fd0,3
/path/to/PANDA/features,557,0e4e6e275dbdf6742d98d5f853b2eaf1,1
/path/to/PANDA/features,558,0e4e894993e03ea910ecfb8bcdbc4baf,2
/path/to/PANDA/features,559,0e50d62c5d764fabebe2a05877bbdef6,1
/path/to/PANDA/features,560,0e5ede875ccdf25c8f1cb9b26fb64dc7,5
/path/to/PANDA/features,561,0e6670ba0c2f6a57e6af57d1a5def196,0
/path/to/PANDA/features,562,0e6ba66e0b6faf748d29425b8fef9d79,3
/path/to/PANDA/features,563,0e8b496c4be0464a4808bbbe846334a9,1
/path/to/PANDA/features,564,0e9219ba3378fbf1de1743a53f3a0c18,4
/path/to/PANDA/features,565,0e96f3cc7cdc244d53d817842d78b703,4
/path/to/PANDA/features,566,0eacb18986da2b25c5d82bd9676536e0,0
/path/to/PANDA/features,567,0eb245bb330a149e1d1e821f37dd1b65,5
/path/to/PANDA/features,568,0eb4c1db923d5395c5eb15e8850804ed,3
/path/to/PANDA/features,569,0eba277034f9fee35b08e4aa8a2cd1ef,0
/path/to/PANDA/features,570,0ebca9447d84a555740f21ef4c585bd6,1
/path/to/PANDA/features,571,0ebea13245a2b04ca3e6a482091e35d6,2
/path/to/PANDA/features,572,0ec18b204bb91f36ae7367016df623ec,4
/path/to/PANDA/features,573,0ec1b37c75064128cfa8381a8d7e5d72,2
/path/to/PANDA/features,574,0ec5bf6cbb0a9195b4db46173203a848,2
/path/to/PANDA/features,575,0ee8e3eb6bc2e209cad1064cdef0f422,5
/path/to/PANDA/features,576,0eebae52fb7dd8f6423aec7f5e3d4f3a,1
/path/to/PANDA/features,577,0ef695aff0f8378645f8de807856cc0c,0
/path/to/PANDA/features,578,0efdb66c93d6b474d93dfe41e40be6ca,5
/path/to/PANDA/features,579,0f09d54c1c7484c7892e834be3153964,2
/path/to/PANDA/features,580,0f0cb9aefe4adc765a1d91318d075c4b,2
/path/to/PANDA/features,581,0f374b1b7edab897de6d3dcfecd1aac1,1
/path/to/PANDA/features,582,0f38ed2800802b352271d4384e9e4654,2
/path/to/PANDA/features,583,0f39f5898c4efb71453313f528f70c9d,0
/path/to/PANDA/features,584,0f3ba8427d8b99f6cf18731f576617da,1
/path/to/PANDA/features,585,0f53ee7b9fc1531794645ce38854df6b,1
/path/to/PANDA/features,586,0f5c1fd0f3e0662cadc45432a81d99ab,4
/path/to/PANDA/features,587,0f5c20d93b7c6b92fafc26069ebe239b,0
/path/to/PANDA/features,588,0f5c7c1f601657a2dc0b528f4886bf4b,1
/path/to/PANDA/features,589,0f79d6c2d500c1538179ab617b99c21c,2
/path/to/PANDA/features,590,0f7afae16aa8f61f8f1682665e53ef98,3
/path/to/PANDA/features,591,0f7e1771e31bc1e8fb2014f9aa23cf98,0
/path/to/PANDA/features,592,0f83710916fcc2edf1a7a9a103fd48ac,2
/path/to/PANDA/features,593,0f84142b14d262cf937566629ea76c67,1
/path/to/PANDA/features,594,0f871f7b53fefec938ee7569319f74e2,3
/path/to/PANDA/features,595,0f8af6ebeb6e70fa820355ead935036a,4
/path/to/PANDA/features,596,0f955260121c6c2f54e1301e8c738153,0
/path/to/PANDA/features,597,0f958c8bbbc828b2e043e49ea39e16e2,4
/path/to/PANDA/features,598,0fa091b9d04aea7cb4bb047d75939204,1
/path/to/PANDA/features,599,0fa7acc07477423731f916e0e694bc41,2
/path/to/PANDA/features,600,0fb3565c36d9c379d64120b4367a83da,3
/path/to/PANDA/features,601,0fb9b3a05b5cdf37f6c20513c4075d3c,0
/path/to/PANDA/features,602,0fbd680b68f4245a539b628563484f28,4
/path/to/PANDA/features,603,0fc7609bce8a244da2acfb417c80db7d,1
/path/to/PANDA/features,604,0fcc5673242af956da6637881d14c414,3
/path/to/PANDA/features,605,0fccc3f87b6c20d6ccc7e0df535eca8f,2
/path/to/PANDA/features,606,0fcdf945e3bffc4de6384a63733b5572,0
/path/to/PANDA/features,607,0fdc638497683fff29f753e08a347200,0
/path/to/PANDA/features,608,0fe439d806b88e850a6a69442d295530,2
/path/to/PANDA/features,609,0fe9a27d4af8817d43d5939344204f14,3
/path/to/PANDA/features,610,0febce723014e9ed2afe3bf5325775cc,0
/path/to/PANDA/features,611,0feceea983889baf5672d8caa4e22781,4
/path/to/PANDA/features,612,0fee48bfc0a56f57a07134f30f54ca49,3
/path/to/PANDA/features,613,0ff2c672b4f6838c5ae4d69a32d683ec,3
/path/to/PANDA/features,614,0ff9887e50a45141bb1755c5dda1b8c6,1
/path/to/PANDA/features,615,0ffe691b5af61da422c79762c902ba78,0
/path/to/PANDA/features,616,1001232743e59b621733775979b08c76,3
/path/to/PANDA/features,617,100baa8d87e72b100609e5a07c43fbfc,1
/path/to/PANDA/features,618,101a772946573d407bb440a3e38c5684,0
/path/to/PANDA/features,619,10218e6dc6a4fb9af7879333c11af510,2
/path/to/PANDA/features,620,102457e538762e4082f7ee8a4d1a9e16,3
/path/to/PANDA/features,621,102aaf6f71973e1fe82551918255ba58,1
/path/to/PANDA/features,622,102c1ec848392aabff3fb4df2aa3598b,1
/path/to/PANDA/features,623,103b9b34a5c6a68bccd320b924513711,0
/path/to/PANDA/features,624,105639feabdeb9be2a7a1b1db7ea7625,1
/path/to/PANDA/features,625,105ae7bb05346ace6021610f723adf97,1
/path/to/PANDA/features,626,105cbd187035503e56605db53600b491,5
/path/to/PANDA/features,627,105fe6192a1f84fbfef74388de5e48d8,1
/path/to/PANDA/features,628,1065338563d9c597516c2aa684329554,4
/path/to/PANDA/features,629,106b34c5c7cef8e43594524c9fd1c999,0
/path/to/PANDA/features,630,106bc932dfebc6ffb887fe799f01caab,1
/path/to/PANDA/features,631,1075cff47acd7b66b405f2d186192ad9,5
/path/to/PANDA/features,632,107694232cb071255848ddca5efbe061,2
/path/to/PANDA/features,633,1085993bc2b29373d30b5d0ef0c549fd,0
/path/to/PANDA/features,634,108f2256764d82324ed9b2416b958291,1
/path/to/PANDA/features,635,1090bc9626ae4dec99207c3b64a1a050,2
/path/to/PANDA/features,636,1091823128e2ad54c3c90e316e0e5736,0
/path/to/PANDA/features,637,1097d143ba39545d1ccee8e240044902,0
/path/to/PANDA/features,638,10a745e5c034e37f75ebc8756fc2d6eb,1
/path/to/PANDA/features,639,10a8a9a745a971ab7ed129c6283a3f7d,2
/path/to/PANDA/features,640,10b00bbaff7224b83537ccb02e7e1416,0
/path/to/PANDA/features,641,10b57920070f6adc8435b9531e0a5398,1
/path/to/PANDA/features,642,10bf7780fc6540d6f79eae2aa2e5d4b9,2
/path/to/PANDA/features,643,10c7898fb3c68c0e1b268ddb57590eb3,4
/path/to/PANDA/features,644,10cb295e2db9ac2cd1f32523b401d95a,0
/path/to/PANDA/features,645,10cc280acc57c3653201a07bc07ba6a9,4
/path/to/PANDA/features,646,10ce72448dc8291b84c67016f41fbd9a,2
/path/to/PANDA/features,647,10d22d845b6bdd506a53af379e7f0b20,2
/path/to/PANDA/features,648,10d3ed411fb2f2e829fd5574e76160cc,2
/path/to/PANDA/features,649,10d4b2144d1520bf7380ba99940a0093,1
/path/to/PANDA/features,650,10d6b8614b2c6daa7335f6de0492b049,5
/path/to/PANDA/features,651,10dc2544e17f8446dda51f9a9b05181c,2
/path/to/PANDA/features,652,10dd67ea8e8fe3edbceeabfff19d1934,3
/path/to/PANDA/features,653,10e8ee42a0d3052959f77b6c7d27dd9b,1
/path/to/PANDA/features,654,10f2e4aecfe1402c6de73772cd78c8a3,1
/path/to/PANDA/features,655,11024c824e699307cf890c95271039c2,2
/path/to/PANDA/features,656,110c38159f8cc6780e2cd266baa332ef,3
/path/to/PANDA/features,657,1115d114a4339de8dd9f36d6465c6d57,4
/path/to/PANDA/features,658,111b574b0f3bed1be6764860d7ea7adf,2
/path/to/PANDA/features,659,1122ee7e304d12cb66d63920c7a8788f,3
/path/to/PANDA/features,660,11253234dfdb3f8252246a66f3440d6f,4
/path/to/PANDA/features,661,112736e8b78700f977df0da98c19e0c3,2
/path/to/PANDA/features,662,11312ffaf33b8252eef70f9274d540ac,0
/path/to/PANDA/features,663,1131645a3637519663bd25b10778f048,1
/path/to/PANDA/features,664,1141ca7040f9f32bf84531cc1b1d9f51,3
/path/to/PANDA/features,665,114db3f43c4ac596ba4e0da70b7afc90,3
/path/to/PANDA/features,666,114e7c13474be685062ffdb3ac3f56c8,1
/path/to/PANDA/features,667,115bd4dfe4bfd01f17f11c13eb61a77c,2
/path/to/PANDA/features,668,1163571b3edf666ab3a1dd30686e7530,1
/path/to/PANDA/features,669,11641ccf5569bc94de323bb50b7fec7e,4
/path/to/PANDA/features,670,11685dcddfbc26b1c8dded45957469dd,0
/path/to/PANDA/features,671,116b4f2b0182e6730a1299ddd6b42e4e,1
/path/to/PANDA/features,672,117322874280c217ec357f6de7b5c77f,1
/path/to/PANDA/features,673,117683a5298a7f5f8832b85c3e827750,0
/path/to/PANDA/features,674,117e082dcd41f3e3244100693ceef2b8,0
/path/to/PANDA/features,675,119182caac2f060a5385107efe4472d5,2
/path/to/PANDA/features,676,11987580ef3e38921af9931918c88a26,1
/path/to/PANDA/features,677,119d1c736e13f731478d2437a4c25c02,1
/path/to/PANDA/features,678,11a3ed5470a0ed68fbf58c562f9683d9,0
/path/to/PANDA/features,679,11a621fdaec9f33cf09edaf06d0edb1f,5
/path/to/PANDA/features,680,11a715facad7b619e3213ce126be1c77,4
/path/to/PANDA/features,681,11aa1f65c72d9154a065404e24215f00,1
/path/to/PANDA/features,682,11acf00f7aba60feb6c6626ceff0cc51,2
/path/to/PANDA/features,683,11bf68736bc51525ed31f21abe8ff6a5,1
/path/to/PANDA/features,684,11c5d0603ad03546001b684977df9993,0
/path/to/PANDA/features,685,11cd4062d15d22baae8edc898f374563,5
/path/to/PANDA/features,686,11d510d280156e0f3d3b14d22f6fd577,4
/path/to/PANDA/features,687,11edd2e754f196b7655508e0e3177fdf,4
/path/to/PANDA/features,688,11f1519eb38ea10e74539a5d96cc8567,3
/path/to/PANDA/features,689,11f9b8c48b800c4434f693f0e76bc3b4,2
/path/to/PANDA/features,690,12017acb07785c016482bdf208ced93f,1
/path/to/PANDA/features,691,1204e417143ace066318e750b4700df5,0
/path/to/PANDA/features,692,12093daa08f6c758c689b8ba4dec2a93,3
/path/to/PANDA/features,693,120b29f7213f43ccb8472fdc9d2845e7,0
/path/to/PANDA/features,694,120f3222f28aea27936ebacdfc0af3b6,0
/path/to/PANDA/features,695,121403d574d2d7a06114cca4940d3963,1
/path/to/PANDA/features,696,1214680ab7c7ce4d1cc89b78a96010b8,0
/path/to/PANDA/features,697,1215adafbc41adff149c6ab127598917,0
/path/to/PANDA/features,698,1216c13ad2394eb1dc3206c8622418f8,0
/path/to/PANDA/features,699,1216d1b344dd61ff86779875b5a98cf3,2
/path/to/PANDA/features,700,1225755051562b0885a33b3f0fb25e43,1
/path/to/PANDA/features,701,122bad4033a205ea7a3963d2fd585e89,0
/path/to/PANDA/features,702,1240d1d2b60f75c4aa51358b73ee3fb8,1
/path/to/PANDA/features,703,1247e37756a0359a031295879d1d4fa4,1
/path/to/PANDA/features,704,12493fb2b3ab6e3a628dfff875cbb335,1
/path/to/PANDA/features,705,124a0616099409f5b9aaedfd3ac3ab6d,1
/path/to/PANDA/features,706,124c10bdb11d578dbff37e79de0a7ca2,0
/path/to/PANDA/features,707,1254b6e7bf569bb23c87369196f6e816,5
/path/to/PANDA/features,708,12592e0c38df5d4d8222fabaeb5ed8bd,1
/path/to/PANDA/features,709,125ed8b10ae6c064811a76636e949515,4
/path/to/PANDA/features,710,12625a6ae522d7d2168049db06b4a86d,4
/path/to/PANDA/features,711,126ab775290fbfe771a67c94c6d50799,5
/path/to/PANDA/features,712,128ade97a27c446fb413b1787426760c,3
/path/to/PANDA/features,713,129065b74e139bb331d985027c1da317,5
/path/to/PANDA/features,714,12942b14ee8cde158e33d537cc3582a9,3
/path/to/PANDA/features,715,12949eee9c2be841d54a2f25933396da,1
/path/to/PANDA/features,716,12991337ce60e83556332e5d7be52ef3,0
/path/to/PANDA/features,717,12a318e597b0a4ac2c1cde0584e39206,3
/path/to/PANDA/features,718,12cef0383505d96338a2ccd5491f972f,4
/path/to/PANDA/features,719,12cfad8e48fa7241aaeb2436a719daa7,5
/path/to/PANDA/features,720,12d5dea1bb9e690b0a7d2b541b3d2145,3
/path/to/PANDA/features,721,12e25a87792128bda9c444d1e1db5c20,2
/path/to/PANDA/features,722,130019276ea41cbc9c01147481b1d6db,5
/path/to/PANDA/features,723,1307e25950ec553c3d02121252e6a80f,2
/path/to/PANDA/features,724,1308c87f8993821604adb52903701e8b,4
/path/to/PANDA/features,725,130e070fe606be39506ac1dc4bd7f5bf,3
/path/to/PANDA/features,726,1315d15b0d51a32a199c7e203740d3fd,3
/path/to/PANDA/features,727,13181ac5a364d28673e6bbe718133c71,1
/path/to/PANDA/features,728,131f9de0c2ab07b31a7fd18a7f068f9c,1
/path/to/PANDA/features,729,1329fffac9982cca468efe133cfacf50,4
/path/to/PANDA/features,730,134160267beeb22f782f92b728cc5abd,1
/path/to/PANDA/features,731,134abc83106e446a1847676095b08381,1
/path/to/PANDA/features,732,134b29504e8774c3d38102d6ee81cdb9,4
/path/to/PANDA/features,733,134d69e06d397dc06ed6794b737c63fd,5
/path/to/PANDA/features,734,1351e50aead63f689072a7d605c9e976,1
/path/to/PANDA/features,735,1355acd8e4798125a040dd6d61578b1a,0
/path/to/PANDA/features,736,135e69f222d3c272fd97a5914341065f,1
/path/to/PANDA/features,737,1364c10e1e7f1ad0457f649a44d74888,5
/path/to/PANDA/features,738,1364e13447099b5f287c9e44768e2c8e,0
/path/to/PANDA/features,739,13676e50355c7661e2e2745ecbe2cb7a,3
/path/to/PANDA/features,740,136cae2844e9f6fd15f09ccc9453e0b6,3
/path/to/PANDA/features,741,13707d91437e3023c635b4a1c5c25185,0
/path/to/PANDA/features,742,1370ed5281f0658a1584e0e47bbe6ecc,1
/path/to/PANDA/features,743,137424bd3da854f6a78b917324fb5bdb,3
/path/to/PANDA/features,744,13813facc985c2ea007fdf764ef98a5a,1
/path/to/PANDA/features,745,138385f6db299b22afc13ea6da682c8d,0
/path/to/PANDA/features,746,1392751dc2ff4e148c89fe975c5a505b,0
/path/to/PANDA/features,747,139867ebde8b60c30e3dc6f6ae1b5a6e,2
/path/to/PANDA/features,748,139aa5db6376a70044c4c6dd6f4a6666,0
/path/to/PANDA/features,749,139cb12bffe84ce402f7eeef365bb842,2
/path/to/PANDA/features,750,139cb907ebee7f62b3999f62e9a753ec,5
/path/to/PANDA/features,751,139e1e89bca7897799f80da93adcd3c7,0
/path/to/PANDA/features,752,13a1a0432b80f929411a82f275df7807,5
/path/to/PANDA/features,753,13a2f4b3f904a0893997c4fc8f2ec7d5,4
/path/to/PANDA/features,754,13a8fe60e02b607f947bc9495821b1a6,0
/path/to/PANDA/features,755,13ab419e772cf0dd8140f34f905bd918,0
/path/to/PANDA/features,756,13aba34105b637fcf77e4efdc4ccaef4,4
/path/to/PANDA/features,757,13b816b6539dfd7561e1884454a31405,1
/path/to/PANDA/features,758,13c7ba8751e64f63d0e81b35bdadbefa,1
/path/to/PANDA/features,759,13ce15fcef18b33d4fe66796504c2be8,1
/path/to/PANDA/features,760,13e0eb0bb20ae07ee32ce2d6a70ed9ff,2
/path/to/PANDA/features,761,13e4be70b22c03bb8e39b3804e6a9099,1
/path/to/PANDA/features,762,13e54c704fc23b77d23ea515c16bc955,0
/path/to/PANDA/features,763,13f6953762b4d8fd146b19d2b7514832,0
/path/to/PANDA/features,764,13f815f5a33a985e3c9a9f2b2e347e5b,1
/path/to/PANDA/features,765,13fccfcbb4f797bef31dc3411881bde1,2
/path/to/PANDA/features,766,13fda059fd1f53956062ab04079b8cf7,1
/path/to/PANDA/features,767,140543a4d39b1a3ed0fce740ba2feb3d,0
/path/to/PANDA/features,768,1406f6f2b430bc206d22fb814d6edeba,4
/path/to/PANDA/features,769,1412a0c38eb545dd5eda231c3236fa9b,3
/path/to/PANDA/features,770,142aba6117eac17884a4bb4c99f7b78a,0
/path/to/PANDA/features,771,142bb88e0db1abb959a792eb24b646be,4
/path/to/PANDA/features,772,1438f19e07c389b47fd5219ca62f9f0a,0
/path/to/PANDA/features,773,14411930ca92c73dac58d94db37e7581,0
/path/to/PANDA/features,774,144128bf2adebe5cb85b76e0f94f3f01,1
/path/to/PANDA/features,775,1443a8d2509ecfda39e42fe18ce2d864,2
/path/to/PANDA/features,776,144b7114a9ffe98d0318301946629813,0
/path/to/PANDA/features,777,144fdfa6434011495a994327bff50aa0,0
/path/to/PANDA/features,778,1450e63cc91f0a136c2a54bebf9a07a8,5
/path/to/PANDA/features,779,1453f0c51c9d2fe1a8ca6711d11b1608,0
/path/to/PANDA/features,780,1459943bf3862e70c71fe36be825aeaf,0
/path/to/PANDA/features,781,145ae6f948b36cb450a7eeb9cbac4cfa,5
/path/to/PANDA/features,782,145c74333d681b537b51a1f2c553c24e,4
/path/to/PANDA/features,783,146767f7d93d3093f647e003c9fdb0bb,1
/path/to/PANDA/features,784,1467d804990bad99d1c553ca5a007ecc,1
/path/to/PANDA/features,785,146b34839149849ceb98aa7b9bd7edcd,0
/path/to/PANDA/features,786,146fdf9cb391b6199413967a26ee3305,4
/path/to/PANDA/features,787,147269cb7bcf195c64d110a4d2c8987f,4
/path/to/PANDA/features,788,147c2ba0e69a12aef763162255c73e90,2
/path/to/PANDA/features,789,148121423c7bdd1892bf501a2d5a800b,3
/path/to/PANDA/features,790,14820c513b48eaf1025e6d876ea87d52,0
/path/to/PANDA/features,791,148b753bb4a61f27bc4f17c6d123e1ec,1
/path/to/PANDA/features,792,148fe91d0372058647fd126db36714d5,3
/path/to/PANDA/features,793,149013f5cddc13244ac55531bf74f8f7,4
/path/to/PANDA/features,794,1496bd10b5eb474af7b764aed67309ba,5
/path/to/PANDA/features,795,149fd3c5d3ede543589633ea0e711c24,1
/path/to/PANDA/features,796,14b6e5e738edba8fb2a18cb95dc9af6a,4
/path/to/PANDA/features,797,14be156bb67b73f034b0c326e4b973d0,0
/path/to/PANDA/features,798,14be84455c24ef064605eccd0c80ff48,1
/path/to/PANDA/features,799,14ce3c173f87224952e91d6fbfeebeba,4
/path/to/PANDA/features,800,14cfeff25aa96b156a952fae9669162c,3
/path/to/PANDA/features,801,14cff64d674f558dc47ee5e817b7f671,1
/path/to/PANDA/features,802,14d1af536fcad0a2463bd59d34c9f1dc,1
/path/to/PANDA/features,803,14d4d7374400dc55ce7cc8d184c9a4c7,2
/path/to/PANDA/features,804,14d85920aa1445d33deaa0d5ff443fd5,4
/path/to/PANDA/features,805,14dfad45a9eb1e87d8828514d293a558,0
/path/to/PANDA/features,806,14e8546f89ef3481e9f99eff7c7a74d8,1
/path/to/PANDA/features,807,14ea2c01b8204092d14b2b182128b9b4,2
/path/to/PANDA/features,808,14fefa0444174c6575f8832c18fc66f7,1
/path/to/PANDA/features,809,15081ecc0dd0de8694dd86e1dab23e54,0
/path/to/PANDA/features,810,150b3dd8a42745a633ff7a5ec9faeb5f,5
/path/to/PANDA/features,811,150fa2f94a0066c9e5d2a604f90a5b82,1
/path/to/PANDA/features,812,1517ef21c1a72cf5ba4e1eeb6176dccc,1
/path/to/PANDA/features,813,151fd14ad2dee1c8292dfc3d211873ed,5
/path/to/PANDA/features,814,1521d8add6039d68060e919270448018,1
/path/to/PANDA/features,815,153b4416487925655ba21b75555e04d7,3
/path/to/PANDA/features,816,15447547cf8a987a2281f9283358eac3,4
/path/to/PANDA/features,817,1547c01d962c01a8d6b30e6c916facb2,4
/path/to/PANDA/features,818,1553a517c2865e17ba28e1fac79bec75,1
/path/to/PANDA/features,819,155867d947fe378bcce54cc1adf8acba,2
/path/to/PANDA/features,820,1562710a0cda2f5494cac08ea3c536ec,1
/path/to/PANDA/features,821,1563523865810e5763f7f1dd1a30da85,5
/path/to/PANDA/features,822,1570eb633e568a39a3da4477f9620c5d,0
/path/to/PANDA/features,823,15740c3d11b760c261e2afb76df75501,2
/path/to/PANDA/features,824,157565e23ba28d5a42f63f34f3dd4425,2
/path/to/PANDA/features,825,157d8f1bb29e1288e265e5c15d70014e,0
/path/to/PANDA/features,826,158b063304bd83f4f6cbe952de5325ab,0
/path/to/PANDA/features,827,159013703bc13afa6207bfcba78ec64a,1
/path/to/PANDA/features,828,1594bc57c05bef1f97faaeffceba6250,0
/path/to/PANDA/features,829,15a3396c7f121c19977fb8cf543da766,4
/path/to/PANDA/features,830,15a542e51a3c58da002695eed33a1511,0
/path/to/PANDA/features,831,15a585235227d24cba1043ec9ab1928d,1
/path/to/PANDA/features,832,15a6a06636e0bb96ad2703a64d06fcfc,5
/path/to/PANDA/features,833,15a9c0953b407dec51daa965eb0a1db1,0
/path/to/PANDA/features,834,15adbda27f36bcbb0cd4cec566db82a9,0
/path/to/PANDA/features,835,15b607e8ee4ebc4809b499b7b7699bec,0
/path/to/PANDA/features,836,15b76986fa6a5826ed39c184aea31e4f,1
/path/to/PANDA/features,837,15b9c9c16952a563a85bc7a9c91e323f,2
/path/to/PANDA/features,838,15be10044a3e4b704d0822432416fde4,4
/path/to/PANDA/features,839,15bf6b34c8ce10b0eddf687e3a670e4d,0
/path/to/PANDA/features,840,15d988a363c6d81572a8ed9ccc3f46f6,5
/path/to/PANDA/features,841,15ea2d5d326ff73f1f5b25bf7721232a,2
/path/to/PANDA/features,842,15ee33d8a2845dd72a240f17db87000b,2
/path/to/PANDA/features,843,15f760b0ede8f90ccc5327ccf4b771f9,4
/path/to/PANDA/features,844,160a477ebf1063575de0657e87aee1c2,5
/path/to/PANDA/features,845,160a724e4f6c877d8175fdf7d07a0a67,1
/path/to/PANDA/features,846,161e2fc76e242f0b8861888cf41d0e18,5
/path/to/PANDA/features,847,16245569965bf8a154f6bd2defc8df7e,1
/path/to/PANDA/features,848,16272df65f00bdc126b5ca32de2b3a6b,4
/path/to/PANDA/features,849,162cd4fc05480042f1429d3eaed599d8,5
/path/to/PANDA/features,850,163c22cdbba739e4c063ab9fc4314d6a,0
/path/to/PANDA/features,851,163ee5ba5116b02bb3424105ab4b57e6,0
/path/to/PANDA/features,852,163fabe883fcd17de4f899ca8ede45a8,3
/path/to/PANDA/features,853,164b35a1b6e77358640cd0d8554e396c,0
/path/to/PANDA/features,854,164b9b20392561c3e89dbee047e8f4bf,1
/path/to/PANDA/features,855,164c55e525662562a2cfdbaad45fdb75,2
/path/to/PANDA/features,856,165967d689959172a441baed3bde7bc4,1
/path/to/PANDA/features,857,166436a31a2cc621e93e3e530518d611,1
/path/to/PANDA/features,858,1665277114b8f7349da97f801a0e8061,5
/path/to/PANDA/features,859,166631bd73e53e8ebb1ab844dcd6d3dd,1
/path/to/PANDA/features,860,166f7618e2d9e5c9b05e4dd358f7659e,5
/path/to/PANDA/features,861,167ff6e9aa4e03593520c277f4071557,4
/path/to/PANDA/features,862,168105faabc838069792b436feb6416e,2
/path/to/PANDA/features,863,168d6d2237b12cf241993ee140c2558a,4
/path/to/PANDA/features,864,169d9147cecd82694d89707040728d5a,4
/path/to/PANDA/features,865,16a7fa5280ee932e6410f1ec3ef39a39,3
/path/to/PANDA/features,866,16a9e8227156e2d8598cd22e633610be,1
/path/to/PANDA/features,867,16c54daa33d67cc8de9b995611fca90e,2
/path/to/PANDA/features,868,16cc34b16c0b30e43e8c33f572440ae6,2
/path/to/PANDA/features,869,16d60f4cf354e55767cd9ad2b7ccc4bb,4
/path/to/PANDA/features,870,16d80dbe6d4b3bf22ecf54833b17f3ec,5
/path/to/PANDA/features,871,16daea5ca6d034bed70a0b972ffa8374,1
/path/to/PANDA/features,872,16dc162b86248d1f878e90001742a886,1
/path/to/PANDA/features,873,16e1c7937dc0a2394bf82f863dd1a25f,0
/path/to/PANDA/features,874,16ef750c637aff5133cac9c3c5176431,0
/path/to/PANDA/features,875,170c91c206648c545cfe69c718c059f2,0
/path/to/PANDA/features,876,17186646a2ce2b1697b6d3cc8d32344b,3
/path/to/PANDA/features,877,171f7bcb6ead41478ece0bc757ea7e09,3
/path/to/PANDA/features,878,1722126079d714cbffbe8e199976e0e2,1
/path/to/PANDA/features,879,17234e71a8ef40303017a71da8988a9e,5
/path/to/PANDA/features,880,172d4c7386d55a10b4ab726280279cd6,4
/path/to/PANDA/features,881,172fa84ffb4f92d432e8a805dd772a01,0
/path/to/PANDA/features,882,17364682bc0141eab397828f49642a60,0
/path/to/PANDA/features,883,1736f312a48e3f3129f0251edeaa893e,0
/path/to/PANDA/features,884,173b49fe81aff971168dc5d7ef4124d8,2
/path/to/PANDA/features,885,173b9c70742ca8ab4fd17e0e6ac82323,0
/path/to/PANDA/features,886,173f4e37ce1592690c9bb78b99eafb1c,4
/path/to/PANDA/features,887,1748c4d7cfd4014f04809b6371935286,1
/path/to/PANDA/features,888,17537cf7df9f40a7ffb523b4d2a2bb8e,1
/path/to/PANDA/features,889,1757a80843004abda5b946918a04dfa9,0
/path/to/PANDA/features,890,175dca62ef815a4e6d053c230fddec9e,0
/path/to/PANDA/features,891,1760aef18a699d58272ee68c01df619c,1
/path/to/PANDA/features,892,177373821195cf33e7bc4c8bcd089a2e,0
/path/to/PANDA/features,893,177832eff75d0ffb22520e6c8a052e6f,3
/path/to/PANDA/features,894,1784ab09ff0d41a78a89e36226bf3eb5,1
/path/to/PANDA/features,895,1785c37e3065cf68c0ef04d6fdb5dbcb,0
/path/to/PANDA/features,896,1796a7081ed86d83fddf677904d3843f,3
/path/to/PANDA/features,897,17a486c9252622e27c2714de7e7695b7,5
/path/to/PANDA/features,898,17abbd0b7b7c7aec53ae4e6e14ddeaab,0
/path/to/PANDA/features,899,17ae9e54799a59930cca9015e503ac07,0
/path/to/PANDA/features,900,17b83466a22a8a96ccf3a7cccd83068f,0
/path/to/PANDA/features,901,17be66f0581d62f5df1a4df6a3f2954a,0
/path/to/PANDA/features,902,17bf343efd84faecfcdbfcd7eda18280,1
/path/to/PANDA/features,903,17ce197283f339f4ab406de74d03f6b2,4
/path/to/PANDA/features,904,17ceaa3198ace548e0fd65b95c800a32,2
/path/to/PANDA/features,905,17cedc9620be373816ca026a94e0d6c3,1
/path/to/PANDA/features,906,17dc4e9664af18df95c412fd180201ab,0
/path/to/PANDA/features,907,17de92c570fb51e416f02c6675678daf,1
/path/to/PANDA/features,908,17e1f862d37507d9b5a73208ef30ccc6,2
/path/to/PANDA/features,909,17e2a87ca593cc8ace8ac21fbdfc6b33,2
/path/to/PANDA/features,910,17e370eedaa11c265e5cabb3601a2fd2,1
/path/to/PANDA/features,911,17e7aba72b4614e4c562c346e3ca2e28,0
/path/to/PANDA/features,912,17e7bc7b6ff0f1db97684be9611f64d9,1
/path/to/PANDA/features,913,17ed38674f65ff958bef435280acd1dd,5
/path/to/PANDA/features,914,17efb686df335e94942c65347a380135,1
/path/to/PANDA/features,915,17f368585f7e3bd1a82bdfa88b85e5e1,2
/path/to/PANDA/features,916,17f48bf0c5eb7b43d1647622faf72504,0
/path/to/PANDA/features,917,17f8d9e0325c50e08ea3a4705988842b,1
/path/to/PANDA/features,918,17fb8562eb75c8f6745cacf164f9314b,0
/path/to/PANDA/features,919,1806b2c1ff66377269ffc9a26ffde9d7,5
/path/to/PANDA/features,920,180e2320aefbf3dfecab785446bc555b,5
/path/to/PANDA/features,921,18157fa5a744739d34a3c498e4aa8dab,5
/path/to/PANDA/features,922,1832ae9a1efe869a99284ae7f98f744f,1
/path/to/PANDA/features,923,1836f6539ccc9e37d426603cc4526f8b,1
/path/to/PANDA/features,924,1844a09c66e370d856cefb21f5e82be4,2
/path/to/PANDA/features,925,184965d59df827467527b2241f2d06e2,1
/path/to/PANDA/features,926,184a184ac82d72d499f99b67d6a1c631,1
/path/to/PANDA/features,927,184ade4deb68e6299183b68f1289ca5b,5
/path/to/PANDA/features,928,184b98556b06d9962dee7e737b23902b,0
/path/to/PANDA/features,929,184bc80c0ef21eb49d00434f52477f04,1
/path/to/PANDA/features,930,18533bc08197fa92ff063ad89ceddc89,0
/path/to/PANDA/features,931,18566c8e26d5b14f599fc92acec008e0,4
/path/to/PANDA/features,932,1866ab99cc028bbb8ed656f1181215f1,3
/path/to/PANDA/features,933,18675435ced259b2f843fd3022c1e725,5
/path/to/PANDA/features,934,186792e327f31fd011b9fced9de8f667,1
/path/to/PANDA/features,935,186fb113fceed1acca3fba087ba146de,0
/path/to/PANDA/features,936,18720a3463951c46b4b3392b8785e11f,1
/path/to/PANDA/features,937,1879de2690c241fab002235b2d6e0d6a,3
/path/to/PANDA/features,938,189088d279c4cc2ab0239a9801867290,5
/path/to/PANDA/features,939,1894dd1e67ddfc62a309e78ef7ffc5e3,0
/path/to/PANDA/features,940,1896b63650679d190184e973cb3f2be6,2
/path/to/PANDA/features,941,189d912db86a01560ba6bd090e06034a,0
/path/to/PANDA/features,942,18a3bb8a5a0e5449d25195eb10804e39,3
/path/to/PANDA/features,943,18ab344517b07a6fa78f38b9839fed98,1
/path/to/PANDA/features,944,18b975c3706ee8afd820eefd5b5c209e,5
/path/to/PANDA/features,945,18d067c6e901818fd873836a73e927e2,0
/path/to/PANDA/features,946,18d66a4b8755474ebb3cf0ed64f3b401,2
/path/to/PANDA/features,947,18e2d22113d3bf1ef0575c90cb22fde6,1
/path/to/PANDA/features,948,18e8d0f069454b4492f5502f15883589,5
/path/to/PANDA/features,949,18eb49f9b5f5b45b3a93717ec10bfd7e,3
/path/to/PANDA/features,950,19057c319689cbcd2d3f4453be1d9c4f,0
/path/to/PANDA/features,951,190fdc642be1770bf973c7e1b354f1b9,1
/path/to/PANDA/features,952,191e83ee04803d8fa8b5c43f0fde09c1,1
/path/to/PANDA/features,953,192863a82b5a954ba0fa56b910574e1a,1
/path/to/PANDA/features,954,192ef6b5c13cb775f8a1d3047c627d99,5
/path/to/PANDA/features,955,1932b8075d97a1cb1d45fee931bc99f8,2
/path/to/PANDA/features,956,1932ff2c873d7b98914c8bf50a32f263,2
/path/to/PANDA/features,957,194066dc552ca10537a8aa68fbf1f65b,0
/path/to/PANDA/features,958,194bdb6540c1d8b3e65bbc1f7cb506ca,0
/path/to/PANDA/features,959,1955abe61aaf0edc0a62aed6d25f00e5,4
/path/to/PANDA/features,960,19565bef71aac6c8e9fa6638480c8ecd,0
/path/to/PANDA/features,961,19638106770d8d0494e4d1ccf64e1662,0
/path/to/PANDA/features,962,196a19d5bcec9d1cd1c98eb21b7b8358,0
/path/to/PANDA/features,963,196e12042d3b6f07d722f0cf128a7765,5
/path/to/PANDA/features,964,196f3b66be713d67db88cd412ed8768d,1
/path/to/PANDA/features,965,1975c20bde8ee4ef2fe32b7a3a7b3656,4
/path/to/PANDA/features,966,19840ff5d82db210608c67b2d2d7c96c,1
/path/to/PANDA/features,967,1987d293a6345a3fdfd2accf524bc2d1,1
/path/to/PANDA/features,968,198fa06f052feedc1684e42829c137fc,1
/path/to/PANDA/features,969,1990f9eb40f798dcb50f7fad287c0e28,3
/path/to/PANDA/features,970,19929dc431ae4560780d6a92a8e9fd20,5
/path/to/PANDA/features,971,1995d7f1f42ad259aae1fc004fbc6360,4
/path/to/PANDA/features,972,19963a5a3c42675307056e0be36851cf,3
/path/to/PANDA/features,973,199cac82a1dd58d80c3f29213f2de1cc,0
/path/to/PANDA/features,974,19b00475de6bf1629c4b797397632711,2
/path/to/PANDA/features,975,19b0eb9d02259e897f81f08afbcfc9bc,1
/path/to/PANDA/features,976,19cd8d1657528f7d4895398a6fd093ec,4
/path/to/PANDA/features,977,19d156b7230b9379ce387261876116c5,0
/path/to/PANDA/features,978,19e4aab3fa00eb67e72d400fedae03a3,0
/path/to/PANDA/features,979,19e5619ec8b7da130f452bb71f8953d0,1
/path/to/PANDA/features,980,19f3f3265bd80f1ee68cff968541639a,0
/path/to/PANDA/features,981,19f82c826d1b9406c778eb66d2e5c5ad,1
/path/to/PANDA/features,982,1a083757c0cb74de08e3c02376732459,2
/path/to/PANDA/features,983,1a09038fa60de37d48cdec28144cf98e,4
/path/to/PANDA/features,984,1a0f9b33bff0a3649d79b7bf01203e04,0
/path/to/PANDA/features,985,1a1208999bac2b32bec7241bd5cec16f,0
/path/to/PANDA/features,986,1a1229aa03a98248db658d6c2ae18478,1
/path/to/PANDA/features,987,1a12bfa2c136b75f8faa911f625b2ef9,3
/path/to/PANDA/features,988,1a1dd1f3590e710d0613a768a5c928c7,0
/path/to/PANDA/features,989,1a1e0aae09fdf97a2e4554cf6146c6d7,4
/path/to/PANDA/features,990,1a274108ed16ee2d395210ab896904b4,4
/path/to/PANDA/features,991,1a2aac625091eebb572f8b74bb8d1ce2,2
/path/to/PANDA/features,992,1a33d8ea1893170a972d67e493d59396,1
/path/to/PANDA/features,993,1a3d0f31cb39106c08c2ee02c36f0348,2
/path/to/PANDA/features,994,1a47516a42e7fd48f8a05253ad26ae62,0
/path/to/PANDA/features,995,1a4aaf5d3dbf7898979d11578955e780,3
/path/to/PANDA/features,996,1a4ca4766f17d9244e867783c042fb53,2
/path/to/PANDA/features,997,1a4cd10d5927f583f1a6c78dbc5a4765,3
/path/to/PANDA/features,998,1a5123a18c641040307c36f5e9811efc,0
/path/to/PANDA/features,999,1a54fe096ab9492e54984e3e4b3a02d8,1
/path/to/PANDA/features,1000,1a66b4d3dbb1089891835d2698c6deec,5
/path/to/PANDA/features,1001,1a789c6c69c689629ac6e8c11eb0f5fa,2
/path/to/PANDA/features,1002,1a79038a91cd77e7bab291eef4bc5832,4
/path/to/PANDA/features,1003,1a9dc3df5b76c7c4968530cdc05df1ec,2
/path/to/PANDA/features,1004,1a9f78cc32989e67762cf35090a6319f,0
/path/to/PANDA/features,1005,1a9fa82127c61ef9c0babf2de4173be8,0
/path/to/PANDA/features,1006,1aa9e4bf5ddf5317e7ff4366a56a8fb6,0
/path/to/PANDA/features,1007,1aaa3e8a1b4a738cb9a2d358dd45dbc5,4
/path/to/PANDA/features,1008,1aae086597a13b31488027e734c279e3,0
/path/to/PANDA/features,1009,1ab5733eafcd0a2baede5e06d4195915,0
/path/to/PANDA/features,1010,1ab9af72a41c10ab6e385d4fa97b37b4,1
/path/to/PANDA/features,1011,1abb6882a5cba3d9c166736825bbe101,0
/path/to/PANDA/features,1012,1abf1e5a8a5aef4100c97ffd8ea09ce4,1
/path/to/PANDA/features,1013,1ac235330a79126d7b6e99abfe615161,1
/path/to/PANDA/features,1014,1ac4c0ef34eda596f51a074b5755da87,3
/path/to/PANDA/features,1015,1ac5fed19cf6f44db9a4dfa85aefce4a,5
/path/to/PANDA/features,1016,1acafac8fcc424cdba4d17f3dd0792ef,1
/path/to/PANDA/features,1017,1ad3541a3fe674e74dba9b3507eea0d7,1
/path/to/PANDA/features,1018,1ad564271dc93cc93f29cd271bad5937,0
/path/to/PANDA/features,1019,1ad725c53a59666f85d84dbea616000f,0
/path/to/PANDA/features,1020,1ae5bb38e69e00f22cb087a4d2237b43,3
/path/to/PANDA/features,1021,1af7e665c7903097d0805cdc95e9656d,2
/path/to/PANDA/features,1022,1af858c67cfccebbfeade00d3481254c,1
/path/to/PANDA/features,1023,1afb7eb814308f8491a88398a6068422,2
/path/to/PANDA/features,1024,1aff7ddcd1864b0e2fa4fdf61e965a83,1
/path/to/PANDA/features,1025,1b02a0433382c74a83904b008dab6a92,2
/path/to/PANDA/features,1026,1b04602fffd6117606d1a05efa96daaf,5
/path/to/PANDA/features,1027,1b0652ca8ccd6531c5c4d6121919171f,1
/path/to/PANDA/features,1028,1b117dcc119ec9a258eccc88bd419b0f,0
/path/to/PANDA/features,1029,1b176c9049260a8843b97349ccdd3eb7,5
/path/to/PANDA/features,1030,1b1d9451010fce1234639d728e25f3ec,1
/path/to/PANDA/features,1031,1b22bd5100d6a2d9f0f826fce3222d4f,2
/path/to/PANDA/features,1032,1b323176137e2d3b0fa66c691af7168e,4
/path/to/PANDA/features,1033,1b37e45a5f52c1150b3c5dcadf618aac,1
/path/to/PANDA/features,1034,1b395ce8fd3eee21b0feb260e477a197,1
/path/to/PANDA/features,1035,1b3a2a301b7ad171ab00b79bf7760934,2
/path/to/PANDA/features,1036,1b4e035a6233cc3d80ececed44532129,2
/path/to/PANDA/features,1037,1b5076baaa25ce4ab5e9da8e0ae041ca,0
/path/to/PANDA/features,1038,1b537a80f1e8a878059a4bfea02a7a6b,1
/path/to/PANDA/features,1039,1b56aa5e47dd082eec700054ff320db9,0
/path/to/PANDA/features,1040,1b62979da20ae2bef863e859a964a65d,0
/path/to/PANDA/features,1041,1b6ada2e6a396b9fc86ec1905b3c017d,1
/path/to/PANDA/features,1042,1b75a56162b47135cd93def864901042,1
/path/to/PANDA/features,1043,1b79e625b909d41c61c81bce580b1c97,3
/path/to/PANDA/features,1044,1b827e1b8a49b6f59b4ccad9d6323e57,3
/path/to/PANDA/features,1045,1b86a85640e5832e6b27d89c8f99adf9,3
/path/to/PANDA/features,1046,1b875804696c16df1c91abf6d16a7b4e,0
/path/to/PANDA/features,1047,1b95a0c32503e4549326e820a57127fd,5
/path/to/PANDA/features,1048,1b965b82acd903a38a837ae3d80ce5b9,0
/path/to/PANDA/features,1049,1ba43868a64036f2ad3b2cbc2a982f97,0
/path/to/PANDA/features,1050,1bad13504eda64538804494754164afd,2
/path/to/PANDA/features,1051,1bb0fc2e65f114c35ff38339c532bd5b,1
/path/to/PANDA/features,1052,1bbde495fbbf31612ecf4f29a25b9966,1
/path/to/PANDA/features,1053,1bc342d4ebef1660782a5a477f916083,1
/path/to/PANDA/features,1054,1bcd72efb2404e184d0b572612bf1355,0
/path/to/PANDA/features,1055,1bd161a24fc63eed0e1bc3742e0dc7fd,1
/path/to/PANDA/features,1056,1bd7ebd175fec439e449bb17786dd824,1
/path/to/PANDA/features,1057,1bdf2c81b6b6aad6aae2818a844957f0,4
/path/to/PANDA/features,1058,1be5a513d61c97663d45df55e8d62d8b,3
/path/to/PANDA/features,1059,1be6e10d8e0afdbe07aab32a2985b23b,1
/path/to/PANDA/features,1060,1be9e30be0bac0c96eb660eeeb1a79b2,0
/path/to/PANDA/features,1061,1bf018aea8d9b1546d3d3461b37d215e,1
/path/to/PANDA/features,1062,1bf0cb1e3f0b2ce35b9b0a406cd225c5,3
/path/to/PANDA/features,1063,1c0305b42ca0c55668c8144e27dc8ba5,0
/path/to/PANDA/features,1064,1c0fbb1d600f761847294c4b8019edfe,4
/path/to/PANDA/features,1065,1c231e0f3f25031a6a0a2261d0f9cbcf,1
/path/to/PANDA/features,1066,1c239449d7f8707211a0e6821848a1c1,3
/path/to/PANDA/features,1067,1c3080e8967bbcebcec87dd2041db7de,5
/path/to/PANDA/features,1068,1c36b3db47d83f1436bd260288c5723f,1
/path/to/PANDA/features,1069,1c36c6b2d051fd1952232efb2613808d,4
/path/to/PANDA/features,1070,1c3c1fe065c9325cbfcab6722d6b9b39,0
/path/to/PANDA/features,1071,1c3cb1efbcd042da9d3f1939f4c8418d,5
/path/to/PANDA/features,1072,1c4653246dc78308252d47160786ad15,4
/path/to/PANDA/features,1073,1c493cc3f6240272c5ec8fd043b2fed1,2
/path/to/PANDA/features,1074,1c6073151697059354f3b8b03d9c4c8e,5
/path/to/PANDA/features,1075,1c629d01bc58bb8cb94014b6f935b40e,0
/path/to/PANDA/features,1076,1c63335d177c12cab2b3baa2ccf4c328,3
/path/to/PANDA/features,1077,1c691c8c6fd05875e916519e1dca50a0,0
/path/to/PANDA/features,1078,1c6e04c29601f73eed22bd7b6381b8e1,2
/path/to/PANDA/features,1079,1c8a65cafba1a82092bf5ff231205f71,3
/path/to/PANDA/features,1080,1c96795fe1c10e5bdd3911731edfc623,1
/path/to/PANDA/features,1081,1c9968ab31b8a210c54ef761d36d8b8d,0
/path/to/PANDA/features,1082,1c9bf14436cc28f6281f44f73d6fddc8,4
/path/to/PANDA/features,1083,1ca7e07743aef6606933cb060829f2f4,1
/path/to/PANDA/features,1084,1ca999adbbc948e69783686e5b5414e4,0
/path/to/PANDA/features,1085,1cb4a7d3594586b84849e63b828de968,0
/path/to/PANDA/features,1086,1cb56f571749e201e1e37e166d32b0bf,3
/path/to/PANDA/features,1087,1cb70e0b07ae87537d5bc98d2555d7a5,5
/path/to/PANDA/features,1088,1cca851fcb421dbabc8e6550257e8160,2
/path/to/PANDA/features,1089,1ccd539748c427c85899566015a9373c,1
/path/to/PANDA/features,1090,1cce91f7fa498dba0e31b6c6548214e0,1
/path/to/PANDA/features,1091,1cd489bab8e8776d5f2882e97799f30e,1
/path/to/PANDA/features,1092,1cdd6def1e3099a9763938457cf0b4be,4
/path/to/PANDA/features,1093,1ce690a5968d81df0b732a157625c112,1
/path/to/PANDA/features,1094,1ce9b649870f923675d3d965a02dffcf,0
/path/to/PANDA/features,1095,1cf5843c2a55f70a2e93c6107424b545,1
/path/to/PANDA/features,1096,1d05f36a330dd277b194f98a84a08ee8,0
/path/to/PANDA/features,1097,1d09b5fc1bf2482cdb2e3eb93b94226f,1
/path/to/PANDA/features,1098,1d0aa0b565ed9bdbc6c1f4a00bbc4f3d,1
/path/to/PANDA/features,1099,1d1163f720942d79ca68721d8f634914,0
/path/to/PANDA/features,1100,1d171970c0d07daab553e087d01de308,0
/path/to/PANDA/features,1101,1d2e39029f1d50a22bd157b3fc4f6b16,5
/path/to/PANDA/features,1102,1d2f6f79ee18460e6b18e3710c87e8a2,5
/path/to/PANDA/features,1103,1d311ab3363fde90bede7d9f3919f5d8,3
/path/to/PANDA/features,1104,1d33889037497d32695ac48a786af6d5,3
/path/to/PANDA/features,1105,1d363430fe95e7bf857cd20b5759a9cb,5
/path/to/PANDA/features,1106,1d3b91cb4283e31af1436b4f55396623,3
/path/to/PANDA/features,1107,1d3d8045a44963e4367b437fdf361dc5,5
/path/to/PANDA/features,1108,1d3dbba03eea11b79283c459629a8be5,1
/path/to/PANDA/features,1109,1d3f9e07c7f7765e2d29f64ed733c141,0
/path/to/PANDA/features,1110,1d423b8701a1b47e4076ed303562ac9b,0
/path/to/PANDA/features,1111,1d435035f56a641e0fa2c9eea34bd8f2,0
/path/to/PANDA/features,1112,1d46f4df1dfdf3fa0a06b21e9f9ae99a,2
/path/to/PANDA/features,1113,1d4fe16db48e399d3967a6c07f4cf8b1,3
/path/to/PANDA/features,1114,1d5020566df10aaab6c523721ba45f0a,3
/path/to/PANDA/features,1115,1d54eb35ac47ca398377128f15275f40,1
/path/to/PANDA/features,1116,1d5d638e25521b927dd533db4fadbd46,2
/path/to/PANDA/features,1117,1d5db12468b623f2e6f9542d6b32920f,4
/path/to/PANDA/features,1118,1d645028ae7e6bb2c83f3b6207d074ad,0
/path/to/PANDA/features,1119,1d728152dfddffb95b2a45677300fada,0
/path/to/PANDA/features,1120,1d735506b1d8339520792d6e8ccb2194,5
/path/to/PANDA/features,1121,1d7d62aa2c349f831a43aa023412bd1c,4
/path/to/PANDA/features,1122,1d7f8f1abfefa25cfae8cc2ede5d847b,2
/path/to/PANDA/features,1123,1d8574ef8f2ebeaf169ac040bda870af,0
/path/to/PANDA/features,1124,1d8de93e7c638323a0572bbc7e3c927e,3
/path/to/PANDA/features,1125,1d93f2db56a439730528e78b5a8c6c65,0
/path/to/PANDA/features,1126,1d9cff5178c2b9d864a628c04773a70c,1
/path/to/PANDA/features,1127,1da0f39ac6aed19ff817d0034acf9753,3
/path/to/PANDA/features,1128,1da207ca934ce44dc9b3dd8809d0b834,4
/path/to/PANDA/features,1129,1da6dabc916a5258e4bf7b9eb425cbda,3
/path/to/PANDA/features,1130,1da8a722a706485d9299b750b3be0a38,0
/path/to/PANDA/features,1131,1dbfecc5bf240a1989bcb423693c7109,3
/path/to/PANDA/features,1132,1dc674257107ac67c2368ed033a9f804,1
/path/to/PANDA/features,1133,1dc7abaf979206e3c54f6f03072ed941,2
/path/to/PANDA/features,1134,1dd5326b67781543971d89e31d32ab9b,3
/path/to/PANDA/features,1135,1dd5d88d1e936e032ebb4840b46546f3,1
/path/to/PANDA/features,1136,1dd805b0572515c3eac56564cddf181c,0
/path/to/PANDA/features,1137,1dd96a0c9793cac8d8900c57c3e8a7bf,2
/path/to/PANDA/features,1138,1dda4dfc7a97b5f37085727da5852db2,2
/path/to/PANDA/features,1139,1de9133f550d23418c7f1c58d75280c7,0
/path/to/PANDA/features,1140,1de948cc0f1296a7351a00312f501f62,1
/path/to/PANDA/features,1141,1df32b02eaa3cfad5d8c51a3e289cfc1,1
/path/to/PANDA/features,1142,1df557b5c2319b8006f6da4817792d15,0
/path/to/PANDA/features,1143,1df63c491243a9f5c0ad727672be2763,5
/path/to/PANDA/features,1144,1df857f30247a04b2a529e8addb5f3d1,2
/path/to/PANDA/features,1145,1dfa9e0e91f817fbd98ae93fc20d6255,5
/path/to/PANDA/features,1146,1dfdeac1fc181e305aa85de148f0c60f,0
/path/to/PANDA/features,1147,1e01dfede475c7b0f80e89d31bb99f1d,1
/path/to/PANDA/features,1148,1e0379988bc494245913cc4bb10fb8c1,3
/path/to/PANDA/features,1149,1e04135bfa21358d83253135862b6d2f,0
/path/to/PANDA/features,1150,1e0ad5923738c6350a87ba9bac5ffeea,4
/path/to/PANDA/features,1151,1e150406bd29518c7c0bd1e8efd28705,2
/path/to/PANDA/features,1152,1e1862f8927813cacf7391cc55848ba4,5
/path/to/PANDA/features,1153,1e1abceed2668f2c40f13039733f6d0f,1
/path/to/PANDA/features,1154,1e1f00a9410f29e4d4c9920530d883c0,5
/path/to/PANDA/features,1155,1e1fb5eb07d438571db43ef8376880fb,0
/path/to/PANDA/features,1156,1e23449104568325e9c5a032351dfdc6,5
/path/to/PANDA/features,1157,1e3397833ac1ae92d092f0662f9cb259,5
/path/to/PANDA/features,1158,1e3f2e4f52aca18239a2cd611fc23f38,4
/path/to/PANDA/features,1159,1e4a12af1b4c664a5f7c2b4460a1aead,0
/path/to/PANDA/features,1160,1e4bf9d3f2d777304abbb673980d287f,1
/path/to/PANDA/features,1161,1e5b35728a6af734a4723f480bafafa9,5
/path/to/PANDA/features,1162,1e6417b7ccdcfe97f00fe41f8b25f70a,3
/path/to/PANDA/features,1163,1e642b4f5afa230c341c6622461dd48b,0
/path/to/PANDA/features,1164,1e644a98460e4f7ea50717720a001efd,5
/path/to/PANDA/features,1165,1e6f80037841250f61245102cb51baba,0
/path/to/PANDA/features,1166,1e73a4d3e89de944a6c309defde99839,4
/path/to/PANDA/features,1167,1e751c3e6fd07ca73ff1eb2814c5335d,0
/path/to/PANDA/features,1168,1e781756a0e97724ca9592a7a9d8623d,1
/path/to/PANDA/features,1169,1e80a4ca18e6c2d29e453893266da535,1
/path/to/PANDA/features,1170,1e820904c1e4c84e7e11162145c5bc2c,5
/path/to/PANDA/features,1171,1e840659f5bfc1b50403eb1f2743c632,4
/path/to/PANDA/features,1172,1e99519dbc2e6b48bebaca59c0a1536d,1
/path/to/PANDA/features,1173,1eab1d74f5c90e353ce5f4440b502bc3,2
/path/to/PANDA/features,1174,1eac3c664f2d65ed9aa575797fa5a682,4
/path/to/PANDA/features,1175,1eb9fce2fa50f42d94899fd7fd83326a,3
/path/to/PANDA/features,1176,1ebba2e4d644831ac586b7bda5eda313,5
/path/to/PANDA/features,1177,1ebc8e2c122b49ce263fdd8d7839b029,5
/path/to/PANDA/features,1178,1ec31c0ef1a94feed5942cfb9643f077,4
/path/to/PANDA/features,1179,1ec4cf5fe065308a0fc66057b6043020,2
/path/to/PANDA/features,1180,1ec8e0f0d006e23ad9ab3686bc6a61e5,1
/path/to/PANDA/features,1181,1ed6debd60ccda239c0f6eb93306ee26,0
/path/to/PANDA/features,1182,1ee1681eddf2ebd32e9207c583db4d09,0
/path/to/PANDA/features,1183,1ee5dd11e670c5a007555d77537635b6,0
/path/to/PANDA/features,1184,1eee3477eafb3accebe157a47112e8f1,4
/path/to/PANDA/features,1185,1ef4397ef01bbb2381980977b361025a,0
/path/to/PANDA/features,1186,1efeb4184829ebaa4d10c223e73c5d4f,1
/path/to/PANDA/features,1187,1eff40a181bdf4e036ebf8fecebe8b20,1
/path/to/PANDA/features,1188,1f060ebd06b1a771a40c42acf064f694,3
/path/to/PANDA/features,1189,1f1440204eba45ff4f999795c7d52040,0
/path/to/PANDA/features,1190,1f16f094f5488694af5785d517bda17b,5
/path/to/PANDA/features,1191,1f22040fa64f8ac3d16c27f038b07e62,0
/path/to/PANDA/features,1192,1f292d81c31e54220af6d92c812b0801,3
/path/to/PANDA/features,1193,1f368e9829e850bd6b6de7a521376720,0
/path/to/PANDA/features,1194,1f43e244b01c44b24a7086ed2dee7bff,5
/path/to/PANDA/features,1195,1f48036fcc122a364b5d8becb60aa240,2
/path/to/PANDA/features,1196,1f521ce50cb1fa32fc831ec207587494,4
/path/to/PANDA/features,1197,1f547d9613e2a5417d94bcd914f75f09,0
/path/to/PANDA/features,1198,1f60da87c3550bcd5f66be5f76416113,1
/path/to/PANDA/features,1199,1f6a82e2a74957e7ad3d960ee0d0d6a5,0
/path/to/PANDA/features,1200,1f6da112dfe5edad33a992c7906ef1cc,2
/path/to/PANDA/features,1201,1f714e09f15848bb3292e917f711333a,0
/path/to/PANDA/features,1202,1f722fff98986499a0aea339cd05a75d,1
/path/to/PANDA/features,1203,1f73af67719cfb51ccbe7673118cacf4,1
/path/to/PANDA/features,1204,1f7819845dfc427b9fb10a3420deaba4,3
/path/to/PANDA/features,1205,1f7d9fb7fcfae8b5c2395fb7dd5222f3,1
/path/to/PANDA/features,1206,1f80aa9a268b5ba64292bd4f7d88fe33,2
/path/to/PANDA/features,1207,1f86b6a526481bc5d2ca18d94f94f062,0
/path/to/PANDA/features,1208,1f8b382e4b53c5c4b4b7d58cf28850b9,1
/path/to/PANDA/features,1209,1f8b5cd484f0cb5965d03ca696ad0171,2
/path/to/PANDA/features,1210,1f8c98a43c6e755c2b3a785db72520e1,3
/path/to/PANDA/features,1211,1fa229ec96b3e350801aae58f0628023,0
/path/to/PANDA/features,1212,1fa2c2ef880847b97b4fdd3c1cb38fe4,1
/path/to/PANDA/features,1213,1fa5537c8bba02102cbd68fe9b4abd27,4
/path/to/PANDA/features,1214,1fb0e1a195d073656c1a1f9b1ac76465,0
/path/to/PANDA/features,1215,1fb65315d7ded63d688194863a1b123e,5
/path/to/PANDA/features,1216,1fbc262d3ebf45b12fda7cd8b6125b0b,4
/path/to/PANDA/features,1217,1fc02c67c10dae06aa3f259d8374a31a,1
/path/to/PANDA/features,1218,1fc07c65ff0dc92429f8f5990785cec7,1
/path/to/PANDA/features,1219,1fc2550b52a90b15a9b20484c012b6dc,3
/path/to/PANDA/features,1220,1fc49bfab631583981f96f285ec0c94d,5
/path/to/PANDA/features,1221,1fcf738e075d2efad20e9b1d6cf3961f,1
/path/to/PANDA/features,1222,1fd3d60b4833d266003fce5f17205baa,0
/path/to/PANDA/features,1223,1fe0cfea7347950a76bcbdafa0ad96ab,2
/path/to/PANDA/features,1224,1febe89c017446eadebd0fce9a68b537,2
/path/to/PANDA/features,1225,1ff168402732503d9036a2858dc8ce2c,0
/path/to/PANDA/features,1226,1ff3c2c6abd78e3c115939d98644f15e,3
/path/to/PANDA/features,1227,1ff4d64bee09dc1b72b7a2adb9dd097a,0
/path/to/PANDA/features,1228,2006437aaa412947ebfe92fd61c62a18,1
/path/to/PANDA/features,1229,2009aa01bb165a3c8a6b3d5a633ca9ce,3
/path/to/PANDA/features,1230,200c27d689b7c5b6461f6cc33428049a,0
/path/to/PANDA/features,1231,2013de8f585f3ef670ac9355bebd930b,1
/path/to/PANDA/features,1232,20295d0f4917e297c4827296397fbec1,4
/path/to/PANDA/features,1233,202ae5085bfd89bb3b20f96d3db3b126,1
/path/to/PANDA/features,1234,203256da67cb1aab601d3af3f13d5db5,3
/path/to/PANDA/features,1235,2033421adffe1e569704229c139c0dab,4
/path/to/PANDA/features,1236,20340e3ee5bd16fdb06dabb63079c835,1
/path/to/PANDA/features,1237,203c6d9817fc00d1b1fdcc6eae2118b4,1
/path/to/PANDA/features,1238,20478545f99d3c8cc9d3d262a40bae74,1
/path/to/PANDA/features,1239,204a1ddef1580e571872b2d4e424b4fe,2
/path/to/PANDA/features,1240,204e4ce65d86ea74521e5c7236aa6232,4
/path/to/PANDA/features,1241,20546599b4a51afc9eb43344f42df611,4
/path/to/PANDA/features,1242,205afeef1c18c6455b3a99703cdfb8df,2
/path/to/PANDA/features,1243,206c5193a3d82da78c115c6dc4b4cf6c,0
/path/to/PANDA/features,1244,2071295e7aaa84c087939f5017e7f7b3,0
/path/to/PANDA/features,1245,2072739e2ab35b10028fadda30660e42,1
/path/to/PANDA/features,1246,208025030fedd3a2e858890eff150f36,2
/path/to/PANDA/features,1247,209e212fd587a016db5b429425778aa5,0
/path/to/PANDA/features,1248,20a13fefec6f1487c80bb0c89c1505a1,1
/path/to/PANDA/features,1249,20a39638af25bbc0fd5ee384b9af48a0,4
/path/to/PANDA/features,1250,20a8699c8e439631be7e4bcf6242598d,1
/path/to/PANDA/features,1251,20b4e3b00b34fb10d8e00ab145d70692,5
/path/to/PANDA/features,1252,20b65b9fdf04f2d2d80f515bc939ee7a,1
/path/to/PANDA/features,1253,20be7c34058e2f24ef3bb0cda3c376d5,1
/path/to/PANDA/features,1254,20bfdfeb0d070454d02b2c98e351e5f6,0
/path/to/PANDA/features,1255,20c05ea5426b6c50b857057ad0ef7126,2
/path/to/PANDA/features,1256,20eacac6717ec529a2629ed8e6baf29c,0
/path/to/PANDA/features,1257,20ec7cf1e184baab03dad85a1a601532,4
/path/to/PANDA/features,1258,20f2fb898c462c1cb2104c90a0a73710,0
/path/to/PANDA/features,1259,20f78bd7716dd352981d93d2fe7fd178,3
/path/to/PANDA/features,1260,20f97907e71dbc8c945a87ecbe31a781,2
/path/to/PANDA/features,1261,20fa7333809b2501ca2be700cd046c00,0
/path/to/PANDA/features,1262,20fe45e5ea3022602775d0aa86e8ef94,5
/path/to/PANDA/features,1263,2102c15174fe1886893e2469cd8fe18f,4
/path/to/PANDA/features,1264,2102cdaee1284c7da24effe67551ee87,2
/path/to/PANDA/features,1265,210411ec362d79a5e34b8b0fdbd60745,3
/path/to/PANDA/features,1266,2108712d16ce155cbeff56ce3bb3105c,0
/path/to/PANDA/features,1267,211a6f165958a7c3f77b5a9b83cb111e,3
/path/to/PANDA/features,1268,2130725064d39284b1bdcb57aa584dcf,2
/path/to/PANDA/features,1269,2131ddffffd2ccdc49b3c50edecf9d6e,0
/path/to/PANDA/features,1270,213e65c07731d28dae53ba58fbb85889,3
/path/to/PANDA/features,1271,21433417efd68bdf8d8ca4d446f29318,1
/path/to/PANDA/features,1272,2144175d2259fe321bd5be95bea58d89,1
/path/to/PANDA/features,1273,214419f1697f9b376b6f18b7965d8aa7,0
/path/to/PANDA/features,1274,214461bdbd0837e1188244d0cad99460,3
/path/to/PANDA/features,1275,2146b81f11fac3a65d644c9ca3c23ebc,1
/path/to/PANDA/features,1276,214c08ad1a6a368008dd62164e6d6ac3,1
/path/to/PANDA/features,1277,214c897059e8c37741b74163b21ef4c9,4
/path/to/PANDA/features,1278,216f065ac7c14bff00b1b64208a7c5ad,1
/path/to/PANDA/features,1279,21707f5853f0d1d7f0cdd6cf4c49a704,3
/path/to/PANDA/features,1280,21708bb4798bdebb4bffb7414bce44cd,5
/path/to/PANDA/features,1281,21715a3b533e4bcdd9f189bbd5c234b9,1
/path/to/PANDA/features,1282,217eb2dd2f2e3c24b6420aa0c3e3894a,4
/path/to/PANDA/features,1283,21842d9a9ebb1e4efb6527fa04163452,1
/path/to/PANDA/features,1284,218baaa5430458db80449bcbd66ea11c,2
/path/to/PANDA/features,1285,21ab5bb704709f8b9143a6bf5274dd3a,0
/path/to/PANDA/features,1286,21ae1b71e4e2007a2893cbcd00c28631,1
/path/to/PANDA/features,1287,21c38be50507087a0aa63fb270d221d5,4
/path/to/PANDA/features,1288,21c61eab96e1f16d7caf28a6645c22fa,0
/path/to/PANDA/features,1289,21d307db700f7fc8904081fe0894c81d,4
/path/to/PANDA/features,1290,21d90fcd566bcc6dc30b056ba7675a32,0
/path/to/PANDA/features,1291,21da367ab5b9d2b74882cbd626042608,3
/path/to/PANDA/features,1292,21dcd35e0e0aaa2e5453c871874a8ae1,3
/path/to/PANDA/features,1293,21dddf092fce415496c5870a23e3266a,1
/path/to/PANDA/features,1294,21e2ecf1c1b82030c3096263fef8b927,1
/path/to/PANDA/features,1295,21e4e2533162dc9eea4b2508b0d3df46,1
/path/to/PANDA/features,1296,21e92b285b43c4585bdff04f758bf883,5
/path/to/PANDA/features,1297,21e9ed95b0e48b751b987794aa9cfd8d,2
/path/to/PANDA/features,1298,21f3767f9a827e5b9f64d2a47594ad27,0
/path/to/PANDA/features,1299,21fe1bf0d9c7448a5e010c024b13ceb3,5
/path/to/PANDA/features,1300,21fe7ff04e29b6226685f06b08208e49,1
/path/to/PANDA/features,1301,2201aa074bbae016bcf623ab6d0256f7,3
/path/to/PANDA/features,1302,2203dab5343f7f0da21b7fce128232db,5
/path/to/PANDA/features,1303,22138d8dce74b82fbb14745e3003a57e,5
/path/to/PANDA/features,1304,221637f57fab333edc9e75bdebd06685,0
/path/to/PANDA/features,1305,222b3051fe1a0783b2ec382191714e54,2
/path/to/PANDA/features,1306,2230a7655194054d5b1d2b52998d1585,1
/path/to/PANDA/features,1307,223a54a99ae228f5ff2dd37df24889c4,1
/path/to/PANDA/features,1308,223e76d88f565a91aea53f9192940561,1
/path/to/PANDA/features,1309,224103c42d4b1a3ae6407993940b1e52,1
/path/to/PANDA/features,1310,224204f1ccde52b6d5a43c94440d9324,0
/path/to/PANDA/features,1311,226301ee1193716a8079c58d8669b4f9,0
/path/to/PANDA/features,1312,226579a577a7a7487e97cb9c9a2c3886,0
/path/to/PANDA/features,1313,2268c3174c1c0890af7ae1bae4c8cd74,5
/path/to/PANDA/features,1314,226b94e61f78ecb7be9f4301771ab7c6,0
/path/to/PANDA/features,1315,22756712280d5fcf0c9ca638fdcaa661,0
/path/to/PANDA/features,1316,2285fafb1f76a5c4fc268b08c7e8ff9b,2
/path/to/PANDA/features,1317,2287f90162ce46f3e2d211ca1f1e455c,0
/path/to/PANDA/features,1318,228e60ce9785add71bcd377e0c6fafa9,1
/path/to/PANDA/features,1319,22929b2cf2dd413c3a4f6f737d02a74c,3
/path/to/PANDA/features,1320,22a1fe33bc997f4e93c147d90a2b93de,1
/path/to/PANDA/features,1321,22aa8069a9ed5dd4884ae19dd73ad716,3
/path/to/PANDA/features,1322,22b05f7f7b5dc2c88e0b2038cd1a96a4,1
/path/to/PANDA/features,1323,22bc9ce13212880e57eb842bd19375d6,0
/path/to/PANDA/features,1324,22bd68be2b5e83226add4783a892a467,5
/path/to/PANDA/features,1325,22c2e58ea58b90066e98d86bfb8a0baf,0
/path/to/PANDA/features,1326,22cae767983c100daad0bf1f8c87b059,2
/path/to/PANDA/features,1327,22cb30954b18a319b87b51e7036deacb,1
/path/to/PANDA/features,1328,22cfe834f8eb30a0d2af73cfa957e555,1
/path/to/PANDA/features,1329,22d0fa89e2f644d9c6ef77735619d760,3
/path/to/PANDA/features,1330,22e0f8d843db20fc522b7aa9100ba15d,0
/path/to/PANDA/features,1331,22e864a06b508693b7cba4119282a1df,2
/path/to/PANDA/features,1332,22e86f6f501c3a922f756b2bca597a01,1
/path/to/PANDA/features,1333,22ed80ee33043b4289b64b40b1032368,1
/path/to/PANDA/features,1334,23015584da279e40f3aee6ee2cf25d65,0
/path/to/PANDA/features,1335,230181f28dca7a3923e3f3e224464a53,1
/path/to/PANDA/features,1336,230276c9065df9cd12014e93151dd52c,1
/path/to/PANDA/features,1337,2309b313ab206df1adf09d970478f4c0,1
/path/to/PANDA/features,1338,23145eb40dbfd7033b4c21e7a9649ca7,1
/path/to/PANDA/features,1339,2314634bf328b5e24bc7a5a3d82c08ee,0
/path/to/PANDA/features,1340,231d7fa0fe822b31b77a705d6556efdc,0
/path/to/PANDA/features,1341,231ff3d1398ec6a584cddb1661dd20a4,1
/path/to/PANDA/features,1342,232539a9ca7dcc82d7a5577e394305f3,4
/path/to/PANDA/features,1343,2325cbe32251cf6efe75a15e756493af,2
/path/to/PANDA/features,1344,23279725c942117657b2287c41520b96,3
/path/to/PANDA/features,1345,23414fe2aed7c291d2036527c761874e,5
/path/to/PANDA/features,1346,234fc34638b5b9a3a3ba25e514fd47f5,3
/path/to/PANDA/features,1347,235c5e6cd107a96be0670d71e72ebc6d,1
/path/to/PANDA/features,1348,235cc1d05d01d1a3d2424514b27e68e2,0
/path/to/PANDA/features,1349,23629ab626c0df37b8194538586b6674,1
/path/to/PANDA/features,1350,2362d93816e6dff7db5f3de85b660777,1
/path/to/PANDA/features,1351,2364e13161b373f7d463220e68eea803,5
/path/to/PANDA/features,1352,236bc413143580332dbb51863d097b4f,5
/path/to/PANDA/features,1353,237a26535117ff8e51d28df0058e488d,0
/path/to/PANDA/features,1354,237d42417a3621368cfb0a3280d3f252,4
/path/to/PANDA/features,1355,237f5ce41bb73c120e10024a66602ea7,4
/path/to/PANDA/features,1356,2384f9b394b4aebf46feef7bda01efdb,2
/path/to/PANDA/features,1357,238caac47e3fa370cd45a03d494dd061,4
/path/to/PANDA/features,1358,239660e9bd9561c6167ab5b46105b035,5
/path/to/PANDA/features,1359,239e61368d2da4c31752f3d7a9173f6f,1
/path/to/PANDA/features,1360,23a080bdf72d0fcb4b804fd1c81341d1,0
/path/to/PANDA/features,1361,23a463a806c876003a02dda580ed37d5,0
/path/to/PANDA/features,1362,23a5352a05eb718d38fc0e2e8e22e9b5,0
/path/to/PANDA/features,1363,23c27ba471cabbfa0732dd9029c68ad5,5
/path/to/PANDA/features,1364,23c7e23b418a44db2d86d9cde9b7ba3f,2
/path/to/PANDA/features,1365,23cba918ca0d35e8c3486db356cc8c6f,0
/path/to/PANDA/features,1366,23d7454cc9f8a4a5e26b4ddec0382eb9,4
/path/to/PANDA/features,1367,23da95939f6c2de791206800db861c1c,0
/path/to/PANDA/features,1368,23dd7d82c52f1518ac5fe3324c5e8809,4
/path/to/PANDA/features,1369,23e7cd1cf2deb4c870ed6d282283c329,1
/path/to/PANDA/features,1370,23ec43578519dac256b3f6ce800b82e7,2
/path/to/PANDA/features,1371,23ec87e1f63c8280c65b233420d08065,2
/path/to/PANDA/features,1372,23f4b308dcf9354e9bdf5886c7f6f36b,0
/path/to/PANDA/features,1373,23fb8c811f66b576d6f412c120eac878,0
/path/to/PANDA/features,1374,24018895d65de3eab9c2f29b071bf2e8,2
/path/to/PANDA/features,1375,24059c009e9ce9f671be3182eb6e24e3,0
/path/to/PANDA/features,1376,2409b82676fa73d6a71cde9839222b4b,1
/path/to/PANDA/features,1377,240b648441500e0797a6883cf8b81a8d,1
/path/to/PANDA/features,1378,242184480428879aa2b44933fac0d491,3
/path/to/PANDA/features,1379,24303cf860c2a29fdc618efef5da00ba,0
/path/to/PANDA/features,1380,24307a99905df0ceeb4e945c0b876d16,4
/path/to/PANDA/features,1381,243111debafd72d448a03ca22a0be2d7,0
/path/to/PANDA/features,1382,243d8c9814f5982607fd7297137bc801,3
/path/to/PANDA/features,1383,2442cc58025c02b3d153183bb0f65bd4,1
/path/to/PANDA/features,1384,244840885b55826d692012d3bbf8f469,0
/path/to/PANDA/features,1385,244aaeaceae1f9c1bfaae192bf4d2984,4
/path/to/PANDA/features,1386,244c9793ea360003a6a63877be2d7c49,0
/path/to/PANDA/features,1387,244d9617bd58fa1db73ab4c1f40d298e,5
/path/to/PANDA/features,1388,2450332fd88c37a0014408abd9800884,1
/path/to/PANDA/features,1389,245f3500e86798b42b985e4322fa219f,1
/path/to/PANDA/features,1390,2464608febcd797682b2392b5badbc2d,4
/path/to/PANDA/features,1391,2466cb378b2949fca28ffb83050d151a,0
/path/to/PANDA/features,1392,2470531626032d9f836359f11fd4fdf7,0
/path/to/PANDA/features,1393,2478b7db4a1d7d9013536df40b338f3c,1
/path/to/PANDA/features,1394,248055652d366e498410b86a233d8978,3
/path/to/PANDA/features,1395,248849ede6c19a5b38182908836cb666,0
/path/to/PANDA/features,1396,248fc842149898be28b346ce1fb15ab1,5
/path/to/PANDA/features,1397,24b0dda87e02e90f4bdc747a8a1964a6,4
/path/to/PANDA/features,1398,24b0f50862340357466f38fd42940a45,0
/path/to/PANDA/features,1399,24b5ae892c0ba535fc16f5cddcbf8dcd,2
/path/to/PANDA/features,1400,24bfb2f82ae5941e2fdcf4f75cfad2a6,5
/path/to/PANDA/features,1401,24c0f0bf150365059c0e8a4e1fef058b,3
/path/to/PANDA/features,1402,24c1e1cef9fbcbd82978ebe7d14334cb,3
/path/to/PANDA/features,1403,24c62d554f43181518499236941d6163,1
/path/to/PANDA/features,1404,24c94ed90d7bc1ea0353ebf23c887536,0
/path/to/PANDA/features,1405,24cbc57ba378971a02cf24479cd7933d,5
/path/to/PANDA/features,1406,24ccdd39791fcac60d157701cb18c200,3
/path/to/PANDA/features,1407,24d1d744c187ef83d2f29a2283a6ba96,1
/path/to/PANDA/features,1408,24db83be28dcd7f40d311c2b2cfeb78c,0
/path/to/PANDA/features,1409,24dc089d3fa302b5de69d63afb22b32f,1
/path/to/PANDA/features,1410,24dec714435950378692d40fe4d4b449,5
/path/to/PANDA/features,1411,24e915870a8fcdc0277c197e2eb80934,3
/path/to/PANDA/features,1412,24ecf26ce811ea7f0116d7ea5388bc4a,2
/path/to/PANDA/features,1413,24f6f3d25dd8561d3f258eac906a526c,0
/path/to/PANDA/features,1414,24f81c84fd8d2d14490060c548f7d9c1,1
/path/to/PANDA/features,1415,250e91349b32a3a0a04153a94c9c5844,5
/path/to/PANDA/features,1416,2516fcb7500ad40ce411cdca7a7d9873,5
/path/to/PANDA/features,1417,25193f2e5eb320bb11ac639eb5dc11c3,2
/path/to/PANDA/features,1418,251b6517db8b1474cfcb5c15ef53bb33,0
/path/to/PANDA/features,1419,251e12eeb15fcbbd0a39cd7928c74345,3
/path/to/PANDA/features,1420,2525882f928dfd824cd2842045982267,3
/path/to/PANDA/features,1421,2529d7548a0f10637e2a6af1c06f2d3a,0
/path/to/PANDA/features,1422,2530082d8f4b3eee15503339398d7fb3,1
/path/to/PANDA/features,1423,25397c3a483ae10a695772a7c5ce8f8f,0
/path/to/PANDA/features,1424,25398ca8d2082be7640ece66fc126d6c,2
/path/to/PANDA/features,1425,2539a3af2419f1cd39bb34d0947e3863,1
/path/to/PANDA/features,1426,254289dc6ef3ccf26a7ee32617106936,3
/path/to/PANDA/features,1427,254efefa21964ee7664503a878757485,0
/path/to/PANDA/features,1428,254fbd7f21925ba7732800213af7ed47,3
/path/to/PANDA/features,1429,255523fabdf1360f3db6def0d4b2d7d6,4
/path/to/PANDA/features,1430,2558bc957c387115a0bceee1f18f0bd9,5
/path/to/PANDA/features,1431,25591f9ed81c3fb2001ce4e62b08b627,1
/path/to/PANDA/features,1432,255a76a1ac28860f33678d4b9cbde7bf,1
/path/to/PANDA/features,1433,255b7b763760bd0cd6774aad75a3e0eb,0
/path/to/PANDA/features,1434,25637fe69d28ce0cb944c631222a6b52,5
/path/to/PANDA/features,1435,2568f00f6eaeade4a03a4c98e8fa4ee1,1
/path/to/PANDA/features,1436,2569e44ff22ee25e44ae31cafe6450ba,5
/path/to/PANDA/features,1437,2577c90f6ee46adf9d3f7c16ba8db9c3,0
/path/to/PANDA/features,1438,25793bdf166c37d6d462ff0f0cfc5b15,0
/path/to/PANDA/features,1439,257d6a1beca738d4411347c728f5bf7b,2
/path/to/PANDA/features,1440,259178ac6e1413c067aa7b0f01a13f7a,5
/path/to/PANDA/features,1441,2592cfd1d3e053e519598bab9423d279,0
/path/to/PANDA/features,1442,25961aea3db8652eeb0bbce7b0b539e0,5
/path/to/PANDA/features,1443,259e66de7ab753d9c36797b831ce518e,1
/path/to/PANDA/features,1444,25a213edbcc763a0b37c60d060c028a6,2
/path/to/PANDA/features,1445,25a27922edaf3f338e8693ededcbe1c2,4
/path/to/PANDA/features,1446,25ab0410a69c9d163d0371bd82b2291a,0
/path/to/PANDA/features,1447,25ab6fdebec09bb2b98756d9068a4c09,0
/path/to/PANDA/features,1448,25c0f98758c3fb09bc2070d1dca0a299,0
/path/to/PANDA/features,1449,25c2b08a48f106eab07ae2586a70a5fe,1
/path/to/PANDA/features,1450,25c2e6b1c5a915c24df1732d4de8e435,5
/path/to/PANDA/features,1451,25c5c31bc182f9c26fb4c084e1fa2df4,1
/path/to/PANDA/features,1452,25caa73d08a34c0bedd8034cb4a623b5,3
/path/to/PANDA/features,1453,25e85593a9a51bbe10d9a2821cb096d9,5
/path/to/PANDA/features,1454,25f05be992338d0229bf3a5cd110143c,1
/path/to/PANDA/features,1455,25f1f45391a5dc81aa7d68a9f06d91e2,1
/path/to/PANDA/features,1456,25f7b992e5a19d4dd7fa7e390ee1721c,0
/path/to/PANDA/features,1457,25f8b4140df3fcadc642f18b4279582d,5
/path/to/PANDA/features,1458,260f6b664eeb6504635f86287f781e4c,1
/path/to/PANDA/features,1459,26149968f810b690fca81375c1d74373,5
/path/to/PANDA/features,1460,2626d578899ee91a14a09bab13ae8b07,1
/path/to/PANDA/features,1461,2627c765b74591958e7ba12fd857f80e,3
/path/to/PANDA/features,1462,26346b4e789c4f7c871f5f0e689b41d5,5
/path/to/PANDA/features,1463,2639c2ede0d5a7cf6e924c67fedf60d7,1
/path/to/PANDA/features,1464,2641b27c17ee58e7da17b354109be726,0
/path/to/PANDA/features,1465,264e5e8732450598190acec51da65cdc,0
/path/to/PANDA/features,1466,2659c8793ae036bf6e6b1d05a080329d,0
/path/to/PANDA/features,1467,265e7f265773d27e1770a3cd3ce05677,0
/path/to/PANDA/features,1468,2665dd5db932525f171f931c16112c65,0
/path/to/PANDA/features,1469,2672914ac9d2dec1a04d09aaac482df1,1
/path/to/PANDA/features,1470,2673584f9398ce0acb21a86a1a711088,0
/path/to/PANDA/features,1471,267ba1e851e2ef1c9e6714ad50d09bb7,1
/path/to/PANDA/features,1472,267f0ec89d4c07f0a113e4ebceca7d54,2
/path/to/PANDA/features,1473,26868ac74c4ed809efbae61c6ba15726,0
/path/to/PANDA/features,1474,26885e1727dfa63fd2c06db5a164be0b,1
/path/to/PANDA/features,1475,268dcbd78318c0108974c5f99e1dca78,3
/path/to/PANDA/features,1476,2694eb0781b846eb79f88ca295a821d5,1
/path/to/PANDA/features,1477,269fa3df1382e01014f96edf7ef9b731,4
/path/to/PANDA/features,1478,26a271cd2fdd034304566deb6bcfdafe,0
/path/to/PANDA/features,1479,26aeae00f116e0b0154b8e9e7df44f28,1
/path/to/PANDA/features,1480,26b5257856e96a2a3d3d3e681ae13aa1,5
/path/to/PANDA/features,1481,26bc992079d504e172e50fb565915bf7,0
/path/to/PANDA/features,1482,26c37ce739ad72a09f22bfa4ded46db7,0
/path/to/PANDA/features,1483,26ca4dbc8c6f341f304cd49e4fa0a215,1
/path/to/PANDA/features,1484,26cdc0af323b18d54925546b032e442c,1
/path/to/PANDA/features,1485,26d4882a86307bc4701e0147738aa320,1
/path/to/PANDA/features,1486,26d87b5c1d532025ff0f0dc77dcfa346,2
/path/to/PANDA/features,1487,26db031a2a246f6525d08296fad489f6,5
/path/to/PANDA/features,1488,26e2844b510b6ee70b32c1de7f980c75,0
/path/to/PANDA/features,1489,26f2d29004f336693739d11c4047816f,0
/path/to/PANDA/features,1490,26f53821a1b09c51271e4f8900f6842b,1
/path/to/PANDA/features,1491,26f57dc441fe3aeb40c8ab299e49137e,3
/path/to/PANDA/features,1492,26f717c6128d8e5d0854376f01893c8a,2
/path/to/PANDA/features,1493,26f8ef8adb88779ee2e40da2466bbf02,1
/path/to/PANDA/features,1494,26fbbd4a7d610aadc6411bd82b7b60b5,0
/path/to/PANDA/features,1495,26fbfd016190823c434c95a81f156ae4,0
/path/to/PANDA/features,1496,26fd29e7d309a915227060487f9a4973,0
/path/to/PANDA/features,1497,26ffc10557b83c414ab624b0dc6c8b24,0
/path/to/PANDA/features,1498,2700883b744706feb3a8b1ec69563ee9,0
/path/to/PANDA/features,1499,2714e18fc6a1e7b6385901f04c2760f2,1
/path/to/PANDA/features,1500,272500bbbd8c3ee4e2769a0e2ecf51d0,2
/path/to/PANDA/features,1501,273aca7c9745bca16dcfb07930f0fc52,2
/path/to/PANDA/features,1502,274187a867ebf7834ab44372da776439,4
/path/to/PANDA/features,1503,27489a7f1972687cccb1258116ff7f10,0
/path/to/PANDA/features,1504,274fb123637904be69bad66bb8277ed2,0
/path/to/PANDA/features,1505,275322852b2d7d5cff8a19cc5e72ff4e,2
/path/to/PANDA/features,1506,27556fdb820073abe367089a67ab87d3,5
/path/to/PANDA/features,1507,275adc34d57f1e6ce223e7a462569fbe,0
/path/to/PANDA/features,1508,275d62217ae06ac7e773c5cd2d568832,0
/path/to/PANDA/features,1509,275d8bdfde4df9a23274d06788c7ec38,0
/path/to/PANDA/features,1510,275e372464deaeda080e47c4a1f8a8ef,0
/path/to/PANDA/features,1511,2761824bce549fdab3b032fb57e120a8,1
/path/to/PANDA/features,1512,276ed80762773462f05abc10da5228c8,2
/path/to/PANDA/features,1513,276fe273713496862d1e614288e3f670,5
/path/to/PANDA/features,1514,276fe75dba8074234beaf8bb9782085a,0
/path/to/PANDA/features,1515,277e42bee7396d25cb4e9e2286e9f245,2
/path/to/PANDA/features,1516,278ae74156d22b4e8457cd1bf2960f58,0
/path/to/PANDA/features,1517,2794fc86e8d4ab7388b0d6b198559572,4
/path/to/PANDA/features,1518,2795d566011881cc6814096518b4a214,2
/path/to/PANDA/features,1519,279a99068552ce9002067ae78064169c,0
/path/to/PANDA/features,1520,27a0805c02fc2d0fa9baff39ab5f36d6,0
/path/to/PANDA/features,1521,27a17fc7cc2919bb39ac51dae3c377a5,2
/path/to/PANDA/features,1522,27b0d570a40d5c3679f508e9bc181e8c,5
/path/to/PANDA/features,1523,27b29f95c9715edd273ed25920611a63,1
/path/to/PANDA/features,1524,27b2b3b36533f1f516d6de5c9704ce76,4
/path/to/PANDA/features,1525,27b41e2cc69f73452fd35f3d72d1350f,2
/path/to/PANDA/features,1526,27df50f5957b4cb382beebc93e3a1966,0
/path/to/PANDA/features,1527,27e5bb4709a5b4e8dd9f7c7a3f45fa2d,1
/path/to/PANDA/features,1528,27e9213748b0ca86fc5c49d1279102ee,2
/path/to/PANDA/features,1529,27edf875a1201b124fd11124451dad4e,1
/path/to/PANDA/features,1530,27f3dbbf2b9a5e59f508dc6b0c23d5cb,1
/path/to/PANDA/features,1531,27f7f9411439cd55a744e007227cb76f,4
/path/to/PANDA/features,1532,27fc326a541217b0ddf54ba29ffef99b,0
/path/to/PANDA/features,1533,27fd3bb44c76fb86e26ca77b4e92f7a0,5
/path/to/PANDA/features,1534,280220720b546eacfa223edf513ec94e,1
/path/to/PANDA/features,1535,2819283411c64ee7b3c4885044bcaa0a,4
/path/to/PANDA/features,1536,281a317af902949d02d14c41f5762013,1
/path/to/PANDA/features,1537,281b539a237756ce1b75fcd7ac2a27de,0
/path/to/PANDA/features,1538,281b5e3e80477bed6206fad69a470756,3
/path/to/PANDA/features,1539,2823c18cde8d2c294a0f8d1cdc4c1a1e,3
/path/to/PANDA/features,1540,282661ce17b00e09fff141cc827d6849,3
/path/to/PANDA/features,1541,282814f67e44cc563ba0eef3ea6f4bd5,2
/path/to/PANDA/features,1542,282cb9398d53504c4fdae1e18d2dbfbf,2
/path/to/PANDA/features,1543,283624a201d08d9abc72c51af1da7923,1
/path/to/PANDA/features,1544,283b3a40795ae1992f0ddd56a55c396a,1
/path/to/PANDA/features,1545,283d925bbde649adc0a7c703049ee7d5,2
/path/to/PANDA/features,1546,284dcd2d3d6d09fab242477dce6b69d1,5
/path/to/PANDA/features,1547,284fb1dab2ace8d8a67e590395096142,1
/path/to/PANDA/features,1548,285186bdcabfd05a4d4fe4be52983a59,3
/path/to/PANDA/features,1549,28522b00c39c8b77580bae8bc86c0c76,0
/path/to/PANDA/features,1550,285e28ef159dc6a54e18cc1962136596,5
/path/to/PANDA/features,1551,286e4c0e3f65869597aad4faba94b9bb,0
/path/to/PANDA/features,1552,287288c13cab7312a9ced8268cad03ef,1
/path/to/PANDA/features,1553,28773bed9737ae69d31bee2766704c0d,0
/path/to/PANDA/features,1554,28794c06886c4abf3946538620e3e36d,3
/path/to/PANDA/features,1555,287954ebec5531c31c41010a31ca23b8,5
/path/to/PANDA/features,1556,287de3ae1fa63dec27e7b5f42cfe7c66,0
/path/to/PANDA/features,1557,288a512bf5affa970a81d9c553feef40,4
/path/to/PANDA/features,1558,289b6b44f1e8014f82a8eaf8dd9e480d,4
/path/to/PANDA/features,1559,28acde305cf3cfec908b01a2514758a1,0
/path/to/PANDA/features,1560,28c2858a4d611799f6748464e1eb825d,5
/path/to/PANDA/features,1561,28c34a837397ac08f276bfac99af6daf,0
/path/to/PANDA/features,1562,28c5a726ef22dffa940c6a38f2612fc3,2
/path/to/PANDA/features,1563,28ca3539cc4b25b0a3d571c1fe108aba,4
/path/to/PANDA/features,1564,28ca63263be7194fbefbfaedd0637469,3
/path/to/PANDA/features,1565,28cf4db2f0e24ad607e0267e83980799,1
/path/to/PANDA/features,1566,28d634f91167158876095cfed86ec0d1,2
/path/to/PANDA/features,1567,28de07f534e1942fb63732ccd9e09338,3
/path/to/PANDA/features,1568,28dedadd36e56681c6bdd7fe04297ac8,5
/path/to/PANDA/features,1569,28df755fd0a605c432d3342214f8cd65,1
/path/to/PANDA/features,1570,28e51d6764c6d71b78406be1fb53b76b,5
/path/to/PANDA/features,1571,28e69ed7b2c2b132b29d50a9ccaf6238,5
/path/to/PANDA/features,1572,28e7aad04d25346b6e27220e15ffcc11,2
/path/to/PANDA/features,1573,28eaf92d73381366c785c97a675762a4,2
/path/to/PANDA/features,1574,28f40860b7c8b473ddf40b81898f2339,1
/path/to/PANDA/features,1575,28f4e2984fc653938374f54b1af98fa1,4
/path/to/PANDA/features,1576,28f61fed84718b7bcd54bd30612fc3ae,0
/path/to/PANDA/features,1577,28fe202d59a8ebbac9bb63ea093236d8,0
/path/to/PANDA/features,1578,28fef958d77c41e9d318bd9177bd1225,0
/path/to/PANDA/features,1579,2900c4adc2de0d0e57f2da522a337410,0
/path/to/PANDA/features,1580,29012d883d912965b3719856bf07021b,1
/path/to/PANDA/features,1581,2902a2f38703f59632892819a1c72377,3
/path/to/PANDA/features,1582,29053c264a170a054de97ff356245dfc,5
/path/to/PANDA/features,1583,2905dd802e34908ca5fc64e3d08af1b6,0
/path/to/PANDA/features,1584,290c577d0c6de06fd2c82375427d9bd9,1
/path/to/PANDA/features,1585,2910b44434274b848553a4ec3db11df8,0
/path/to/PANDA/features,1586,291ae123af90c4831e5a504e909e52ec,1
/path/to/PANDA/features,1587,291b2132e1fb9131478b8d691406874b,0
/path/to/PANDA/features,1588,29266f4feb6766468bce536888b3bc0c,3
/path/to/PANDA/features,1589,2929fb804a8ce7c6e2210e0e5710c243,1
/path/to/PANDA/features,1590,292c42388727f251a0d1ca66efda85fd,5
/path/to/PANDA/features,1591,29392c4ed2a73fc38cdce3db84fa624a,1
/path/to/PANDA/features,1592,293a463681a08ed0c816c6618a032534,1
/path/to/PANDA/features,1593,294017fb97e4fec299eb8e83fd2d3be2,3
/path/to/PANDA/features,1594,294a347e030930d5a794a62fd5b6bf5b,5
/path/to/PANDA/features,1595,294c12f8fdc2228f1f080227aac95f27,1
/path/to/PANDA/features,1596,294c41defe507592692b93bb10c33123,1
/path/to/PANDA/features,1597,294ceada24790459c1b9d4392fb07f4c,5
/path/to/PANDA/features,1598,294ec32adf84bc61c69974ae54cf7e83,1
/path/to/PANDA/features,1599,295e1526a3281254a94586b9980a3056,2
/path/to/PANDA/features,1600,295f60908595262b10bfd016661819fd,1
/path/to/PANDA/features,1601,29666407d53a57a9dfd417fb75040f8c,1
/path/to/PANDA/features,1602,2966dfe36bca2724806b2020aa677990,1
/path/to/PANDA/features,1603,296b35ac3df2ea9d8748425bf2ccffdd,1
/path/to/PANDA/features,1604,296c0eebe031a2dfa58e2921f74354dd,1
/path/to/PANDA/features,1605,29717c0234da6f914f61eb927d138896,4
/path/to/PANDA/features,1606,297276e5cd02ffae7626e025bedfd9fa,5
/path/to/PANDA/features,1607,29828828368fdf428816c8268444833e,0
/path/to/PANDA/features,1608,2985752de460036227f56e8cd0796f39,0
/path/to/PANDA/features,1609,298a2bcc8923a18f24c1368eadf10d9e,5
/path/to/PANDA/features,1610,298d780b37c48a65e22016e482978113,2
/path/to/PANDA/features,1611,29902e0468255fe761c664658ec3b751,2
/path/to/PANDA/features,1612,299cbccbc459c1c8c2685a92fb3c9182,2
/path/to/PANDA/features,1613,299cda5b6769ede928f02624c46f1bf0,2
/path/to/PANDA/features,1614,29a1168a223e589bb808ac09c36c1d56,0
/path/to/PANDA/features,1615,29a913bc07d243846f4c811eb927a2dc,1
/path/to/PANDA/features,1616,29a92930e1c1cad4e50b074a329bc9d6,0
/path/to/PANDA/features,1617,29ac0dc44c2f3136d4867882bb9edcd9,1
/path/to/PANDA/features,1618,29baf6f84e1414443d5fcd1ddb1af08b,0
/path/to/PANDA/features,1619,29bbcff6625bfabb9f01a0c3244980b3,2
/path/to/PANDA/features,1620,29c932b5138052d632a08a3a2540f735,1
/path/to/PANDA/features,1621,29cf9fd036abf9bb241580d247b39b1b,1
/path/to/PANDA/features,1622,29d2f5d94f7b35edd1df65bfa6cba406,1
/path/to/PANDA/features,1623,29d70921c5346342007bb79603c58303,0
/path/to/PANDA/features,1624,29d80dc50d0b6ba0c43087089514c688,0
/path/to/PANDA/features,1625,29e2cfb8a5b8b437876e531f8c5f753c,5
/path/to/PANDA/features,1626,29f797d63f44138202a45d24a32de5eb,5
/path/to/PANDA/features,1627,29fe9e445bbf0c9d84aec6799cbba4a5,0
/path/to/PANDA/features,1628,29ff1c9442a8be9179e198c0c82f2623,5
/path/to/PANDA/features,1629,2a006dc0297080f9f6f23397b180a889,0
/path/to/PANDA/features,1630,2a0413cade5edfb4cf5b0d43e7346659,4
/path/to/PANDA/features,1631,2a0f517e43256b1e6580c389d95cc96b,0
/path/to/PANDA/features,1632,2a1618d215aa5f7b175930c94f46ac80,2
/path/to/PANDA/features,1633,2a19481bc45224a047b2a79460592762,0
/path/to/PANDA/features,1634,2a1a6a11e1eca0c26b102832b362a5f3,3
/path/to/PANDA/features,1635,2a1c3373688904fcabbdeb4a177972f8,1
/path/to/PANDA/features,1636,2a1da196c725cd74cff0d64e7a006551,0
/path/to/PANDA/features,1637,2a2811b6c2f277fcdef16f4582a41421,2
/path/to/PANDA/features,1638,2a3883e1ff960fefc4b94fe5b1b0391e,5
/path/to/PANDA/features,1639,2a484c7522f0a5e3a41654eb2c452fd8,3
/path/to/PANDA/features,1640,2a4cff606b103cb1698560ba1dee0eb6,4
/path/to/PANDA/features,1641,2a530e65e41c7d63d70cb4b4a994223c,2
/path/to/PANDA/features,1642,2a560b45f1696770fecd76bb8ca75c59,4
/path/to/PANDA/features,1643,2a5ac092c2766b2750c68c227d5357c8,0
/path/to/PANDA/features,1644,2a5c483208aa31a6867e091f6f14bbc5,4
/path/to/PANDA/features,1645,2a6c1b639b5a5d0f32b60d8874f517b6,0
/path/to/PANDA/features,1646,2a6d0c4bd562bb83e9863a175af50de4,5
/path/to/PANDA/features,1647,2a709812f21cab8f45ccc91371b7dc5f,5
/path/to/PANDA/features,1648,2a837ababa0cb124818a3b4852244711,1
/path/to/PANDA/features,1649,2a84040c18505be27e6eaab8b2dce6cd,3
/path/to/PANDA/features,1650,2a8a6a2ae403793e716160d1bf5b5441,2
/path/to/PANDA/features,1651,2a8b2bd072020a502c3fbc8acb651172,2
/path/to/PANDA/features,1652,2a8d5c257563e9fdad0a0ecb62d63a9d,2
/path/to/PANDA/features,1653,2a8e0ac626666a2e86b868ff22249946,5
/path/to/PANDA/features,1654,2a8f8a39a833b8f141e0474b097fdb36,1
/path/to/PANDA/features,1655,2a907778714d02eb4c3bb613093820ed,0
/path/to/PANDA/features,1656,2aa5b4c0381297847a846c197a4208b3,3
/path/to/PANDA/features,1657,2ab52c52ba33baff64d3de0c8e10bf82,2
/path/to/PANDA/features,1658,2abb253542077998ae8734508e256ead,2
/path/to/PANDA/features,1659,2ac0289a1ec7052e6e157ffdb6b68fe4,0
/path/to/PANDA/features,1660,2ac36a2e35654c0be9e818f9f9407807,0
/path/to/PANDA/features,1661,2ac5f9c41e6b9a004fc0cecf6c3083be,1
/path/to/PANDA/features,1662,2ad0a0582297b6f2ddb131796e300ee3,0
/path/to/PANDA/features,1663,2ad0f2857a4552a25127205fd04a5e9f,1
/path/to/PANDA/features,1664,2ad16b523a703a18fa164a4d7d12d852,0
/path/to/PANDA/features,1665,2ae687e6a07ac70f9391efc3c3a08746,1
/path/to/PANDA/features,1666,2af2dd6d1fb4012582c9932ab3147492,4
/path/to/PANDA/features,1667,2af30006f5947d527000166f41ea09c7,0
/path/to/PANDA/features,1668,2afc7c9cd96699ecb7d88a8a6f387628,0
/path/to/PANDA/features,1669,2afed834461cca7b071d5dfe604e1586,4
/path/to/PANDA/features,1670,2b03baa16076f3848892001f9f5d392a,0
/path/to/PANDA/features,1671,2b0e9769c35027a1d3a0bef42da767db,2
/path/to/PANDA/features,1672,2b12c146454d425994569aa61bceb435,3
/path/to/PANDA/features,1673,2b1ea815af8da3697c64c682855f9b3b,0
/path/to/PANDA/features,1674,2b2101125ce01016af9496bed25908e1,1
/path/to/PANDA/features,1675,2b279c048e084401a4f953ebd66d3c84,3
/path/to/PANDA/features,1676,2b2866cb48fb18fa8dadd200798c5feb,1
/path/to/PANDA/features,1677,2b2d9708e830ea9fb021f1f7ad96f25b,3
/path/to/PANDA/features,1678,2b340c9844077ddcdf641adac5f116e3,0
/path/to/PANDA/features,1679,2b4d629c0b0a02ddfb05cc41c0c8dc65,4
/path/to/PANDA/features,1680,2b4e8eac6e778eddf0fe5b64e7ab47a8,3
/path/to/PANDA/features,1681,2b59dfa72ed1fbb3cc1dd6be9b16ae76,4
/path/to/PANDA/features,1682,2b5c8f68994cec1f26e894850ab51704,0
/path/to/PANDA/features,1683,2b692574e216f29a6c1b40d7ca36c086,1
/path/to/PANDA/features,1684,2b730c057bde4c56e79f693e3d577138,5
/path/to/PANDA/features,1685,2b744f7f47a4fbd91e26eba3f37df819,0
/path/to/PANDA/features,1686,2b8bc8c425c959228db9a99fd1b4ec66,2
/path/to/PANDA/features,1687,2b8cded1eb60bf2f5c97be4576341a07,3
/path/to/PANDA/features,1688,2b8faa47d6c6e03411386c4a68017794,0
/path/to/PANDA/features,1689,2b8ffd4a93e66e9e5c043c02f73cf902,4
/path/to/PANDA/features,1690,2b943dfeaa727bb8c9a6d8047350f57d,0
/path/to/PANDA/features,1691,2b959b442154e1f4627cb95d04c31745,3
/path/to/PANDA/features,1692,2ba44e7f931c66cb48e41c58bdb25c89,1
/path/to/PANDA/features,1693,2ba4c7fd23f63ddda9762222b0b3416d,4
/path/to/PANDA/features,1694,2babdf1162041d360cbb252043e5912b,2
/path/to/PANDA/features,1695,2bae80bd95f31d80a4e101ff44f4c0e8,0
/path/to/PANDA/features,1696,2baf0e44d4c112ec9d268029638ea7f8,2
/path/to/PANDA/features,1697,2bb71a08eb8c45dc81ff474387144987,0
/path/to/PANDA/features,1698,2bdbaa928fb1b06bf5f4cfb04fb57b1d,0
/path/to/PANDA/features,1699,2be0fecc99253c5c199d478c1f655579,2
/path/to/PANDA/features,1700,2be84345474f8546c2607c6be750ab0e,1
/path/to/PANDA/features,1701,2be8c910fac204ab798528ec628e7495,5
/path/to/PANDA/features,1702,2bed4be8e6d950d76394d0552c59ddfa,0
/path/to/PANDA/features,1703,2bf1bd8e01f52377993bdeaeb88c570f,0
/path/to/PANDA/features,1704,2bf2517893cfca318c2ca581da3adec6,0
/path/to/PANDA/features,1705,2bf72532786e74021c1cbd0474890470,2
/path/to/PANDA/features,1706,2c0af08d3020cc2b6f2ce7eba581b84f,0
/path/to/PANDA/features,1707,2c0e4995c6e82389dc1964ab5ac6a407,1
/path/to/PANDA/features,1708,2c17d73eaffa2997a47e75019abadae5,3
/path/to/PANDA/features,1709,2c24476310b2a011fb8bca443400c361,2
/path/to/PANDA/features,1710,2c251997e95187c5f5471f125eda79a2,5
/path/to/PANDA/features,1711,2c2ea50438dabda801440d9ee961a13f,4
/path/to/PANDA/features,1712,2c338fdeda4b425aec3800c89246828a,1
/path/to/PANDA/features,1713,2c4a4e772b6e021261a3d4c9fc654132,2
/path/to/PANDA/features,1714,2c648f25c47e7344bf1977154c31c25b,4
/path/to/PANDA/features,1715,2c64c620bb90c077032831ccc57361dd,1
/path/to/PANDA/features,1716,2c654377bd25b4e7ba71f32ddac3045e,0
/path/to/PANDA/features,1717,2c657f6c839abdd8fd4a6dc72dabc6ca,5
/path/to/PANDA/features,1718,2c66a2cdbbfc4bd3b96f1039ad3fa630,5
/path/to/PANDA/features,1719,2c688d7d92059ab3bac7c190dd6e31cd,1
/path/to/PANDA/features,1720,2c6daebe0963942f9b960aa3814b0b75,2
/path/to/PANDA/features,1721,2c80f3b5b711c0ff847087a5c154b5a0,1
/path/to/PANDA/features,1722,2c875f4a66fa395e8781dd797a6ea8db,0
/path/to/PANDA/features,1723,2c8fd1d0ab8640342f6d10a0a54e5279,0
/path/to/PANDA/features,1724,2c98f05bcfa52796fbb66a10f15ad826,2
/path/to/PANDA/features,1725,2ca7ad8da2140efde3184d5fb4d3d5d2,1
/path/to/PANDA/features,1726,2ca8a7fcf79d56c8e9fd54cdfabc402c,5
/path/to/PANDA/features,1727,2caca376bbc989ff677e3c82928b5fd2,3
/path/to/PANDA/features,1728,2caf855d25d357626f5ea914bdfe5774,2
/path/to/PANDA/features,1729,2cb257b54e4f700a448606578ac3261b,0
/path/to/PANDA/features,1730,2cd038d5c85feb0a8da44407e4fb6a5a,2
/path/to/PANDA/features,1731,2cd0a5200034022b5e594f200bb8073d,4
/path/to/PANDA/features,1732,2cd0af2f881832c9f718c8f435048cd4,1
/path/to/PANDA/features,1733,2cd49d2e284604eacd8cbd643a36a2aa,0
/path/to/PANDA/features,1734,2ce127e7731155d1373bfbd0abdc368b,4
/path/to/PANDA/features,1735,2ce35862db5e157ec48188318c015576,3
/path/to/PANDA/features,1736,2ce7388467758e8e5f310aba63f87ead,1
/path/to/PANDA/features,1737,2cf0ca3050e57483195091e21cfbbab6,5
/path/to/PANDA/features,1738,2cf2371193eb1c0cf34ca2562004d5e2,1
/path/to/PANDA/features,1739,2cf4acada2a853e1415674e8e04da605,0
/path/to/PANDA/features,1740,2d04835e3b30fd9dcf1fe23dfc9812d9,1
/path/to/PANDA/features,1741,2d0be5f801037c5471b96ed3984a4e15,0
/path/to/PANDA/features,1742,2d0f5c3a7e2c2fc4bd659e853380fb20,0
/path/to/PANDA/features,1743,2d1024edfe79d03c55004ca2be624d6d,2
/path/to/PANDA/features,1744,2d1ab39f0ff6e7285467da5c26750d20,4
/path/to/PANDA/features,1745,2d1b57132c3a9858f4d983a10e07e9a0,4
/path/to/PANDA/features,1746,2d28055eea0125a66fef5d885d0786f6,1
/path/to/PANDA/features,1747,2d2b8462838f388306beebdc1e2994d0,1
/path/to/PANDA/features,1748,2d3325a54dddefa778af88a70e7d196d,2
/path/to/PANDA/features,1749,2d346d8348eaadb0b8951b85f1024ec2,0
/path/to/PANDA/features,1750,2d4511f3f129efc2865691aa75e5eb0a,2
/path/to/PANDA/features,1751,2d476f44e80b5536c71dc3793b0a2bc9,3
/path/to/PANDA/features,1752,2d4909a3958f29872fe825878a8df373,3
/path/to/PANDA/features,1753,2d4e339401d42b194cf2eef7cdfc26ec,0
/path/to/PANDA/features,1754,2d5d881e4abedaf2afa83807d93d18b9,0
/path/to/PANDA/features,1755,2d6db0d8b5f891613239814ae8513a73,1
/path/to/PANDA/features,1756,2d7eef10a777361cd0872f70dda344ba,1
/path/to/PANDA/features,1757,2d8152a733d8da8e84f75e6b2174c420,4
/path/to/PANDA/features,1758,2d89735825e26abf44c7c5f5981ddeb6,1
/path/to/PANDA/features,1759,2d972bda9d6baa13d47dbcfec586429e,1
/path/to/PANDA/features,1760,2da314766cfe9d62f7bd6a60cfd856bb,4
/path/to/PANDA/features,1761,2daec36424a8f2afeaa4aad3d33a1589,5
/path/to/PANDA/features,1762,2db286ff4d3398fa6538678a6452497f,1
/path/to/PANDA/features,1763,2db3720a45f02467c5863f2755ca18e1,2
/path/to/PANDA/features,1764,2dd9b8080f0f72ec8521d3d72a4bf018,2
/path/to/PANDA/features,1765,2de0597cbb7af462bfdb7b1c4f935248,2
/path/to/PANDA/features,1766,2de16bc6e49ce2a2e371f01824f78600,2
/path/to/PANDA/features,1767,2de19392851565602fb1929dfa3f89ff,1
/path/to/PANDA/features,1768,2de70a06f44c854c7e5a14f46fc14e9a,1
/path/to/PANDA/features,1769,2df70f54603d1288589dd36d562fd88a,0
/path/to/PANDA/features,1770,2dfc3c0d45043aa9d7aee9560f487a43,4
/path/to/PANDA/features,1771,2dfdd6b4aad360a5af8a9615b3964b07,0
/path/to/PANDA/features,1772,2e0132178e80af8c343a19317589e2fe,5
/path/to/PANDA/features,1773,2e1107832601b1d8e00fef91a5a41f69,1
/path/to/PANDA/features,1774,2e1b1f41e613f0592627547bf4b49cb2,3
/path/to/PANDA/features,1775,2e20fa4b5612ba96f79c29cbd9635dfc,4
/path/to/PANDA/features,1776,2e24b2e477e5650b425ae9d58eff5654,5
/path/to/PANDA/features,1777,2e28fc383fe5ed4a4b0e5cb9492a4721,0
/path/to/PANDA/features,1778,2e29362867ce157b32293c93d133539b,0
/path/to/PANDA/features,1779,2e2d3ed2069dd704dde97c3d6d194b94,5
/path/to/PANDA/features,1780,2e334c25ab0f1ca7dfacf732073be953,2
/path/to/PANDA/features,1781,2e5002e01c53488e4f40c4a68b3cd4b6,0
/path/to/PANDA/features,1782,2e512e923950da10c0b4432d08ca0663,1
/path/to/PANDA/features,1783,2e53a31a0727921e823b781914782036,1
/path/to/PANDA/features,1784,2e6297af323773874cf67262e7732dee,0
/path/to/PANDA/features,1785,2e703d55529a045980adc4fde731b100,5
/path/to/PANDA/features,1786,2e75d8e70ab893203aafbd1444d7ebe7,1
/path/to/PANDA/features,1787,2e8108a8a3804a73fe77559ee141af8e,1
/path/to/PANDA/features,1788,2e8e1273e497a95810ed43ca7eaf09c6,3
/path/to/PANDA/features,1789,2e990ed6a696d1486ed6047a436a4edf,0
/path/to/PANDA/features,1790,2e9e4edca77424744faf152caf4408bc,2
/path/to/PANDA/features,1791,2eb5bcf03e017074aeab169637feb019,5
/path/to/PANDA/features,1792,2ebc99a3c4af2b3f021ab423c0ab1e8a,1
/path/to/PANDA/features,1793,2ebdf4f501a6a50b16697d8f1b864791,2
/path/to/PANDA/features,1794,2ebf6b50e4c245e4078976a271b7aa79,2
/path/to/PANDA/features,1795,2ec11dced066d924bb139f640c2c4a4a,0
/path/to/PANDA/features,1796,2ec367872ec7245522d6090ae792d6e0,1
/path/to/PANDA/features,1797,2ed1c3b9541f619a827a287a55c806e8,1
/path/to/PANDA/features,1798,2ede85ae0f0e328331f28b2f9a09d29f,1
/path/to/PANDA/features,1799,2edf6cc7696c91d86eb86413fa9c82d7,5
/path/to/PANDA/features,1800,2ee04159001b56e9f28dfa9541e1b9fb,1
/path/to/PANDA/features,1801,2ee5b3ee58d54264c2a037ea1c0ada4b,0
/path/to/PANDA/features,1802,2ee68cce1ed0a65cf352ed55488979a0,4
/path/to/PANDA/features,1803,2eeb91e9fbbcca1547ed12e0705ff377,0
/path/to/PANDA/features,1804,2ef31e571dd843c12f74ac96c3793d9f,4
/path/to/PANDA/features,1805,2ef63698c41601df57031b3e1313bd0a,4
/path/to/PANDA/features,1806,2efc345029c31b8c52f224ced1029ff8,2
/path/to/PANDA/features,1807,2f0131a5e37bdf341c47dfc724eb0eb2,0
/path/to/PANDA/features,1808,2f033389ca7cbabc0ccb14b1b57d03cb,0
/path/to/PANDA/features,1809,2f051c3fc82f154a76189c707c3293ea,2
/path/to/PANDA/features,1810,2f06601cb2159b6b369e145d19e59081,1
/path/to/PANDA/features,1811,2f0a9b15f067539455c1a5548a114f78,1
/path/to/PANDA/features,1812,2f178956e9fc7df485c50395b9664b40,3
/path/to/PANDA/features,1813,2f1c751ab10b8b009b3391ae86acf6c3,3
/path/to/PANDA/features,1814,2f1ffd9eba705b8795e52d48bd31fc04,0
/path/to/PANDA/features,1815,2f27c52c7d58fbe0818d6531d3707c78,0
/path/to/PANDA/features,1816,2f305c85a7bb5ce4ea89ceee84f17f6b,1
/path/to/PANDA/features,1817,2f307cc31799996529e44c0bcc87b9dd,4
/path/to/PANDA/features,1818,2f36ff8187d5edeea79ad2e87763a89b,5
/path/to/PANDA/features,1819,2f3d3eff62b40b0e7a14f0ccbdfde2f8,1
/path/to/PANDA/features,1820,2f3e4e71d38f7f20aad08dd262b9ca63,0
/path/to/PANDA/features,1821,2f45cafe638848ee98e0b998d9aeb888,0
/path/to/PANDA/features,1822,2f491a451632c349642a575a9275f8d8,1
/path/to/PANDA/features,1823,2f4a98c5cb069aca8fca131da4cd7aaf,1
/path/to/PANDA/features,1824,2f4b34b8dbe73484255823c89c9c44aa,4
/path/to/PANDA/features,1825,2f4bc629d9e354e52c5b7625ff7af929,1
/path/to/PANDA/features,1826,2f4f8ac22786b2606a4e307d9cb116e0,5
/path/to/PANDA/features,1827,2f5379bf67ca1190c7f168736d9d8efc,0
/path/to/PANDA/features,1828,2f5c2f001402c02682217050f718d375,0
/path/to/PANDA/features,1829,2f5d00dfbc4e77e4f7697265826a2c85,1
/path/to/PANDA/features,1830,2f64fb8c55543d67a8831f1b1a7a89c2,4
/path/to/PANDA/features,1831,2f66cb1103d6a05264fcc8e8841a6890,5
/path/to/PANDA/features,1832,2f6d2360db534d012b0d7535f7bc4528,5
/path/to/PANDA/features,1833,2f711ff54c15f3d9d627cb5e98b278fb,1
/path/to/PANDA/features,1834,2f9ffca172b0c51947b406ad19c4ea94,4
/path/to/PANDA/features,1835,2fb191421a983123779eb773b89c0df9,1
/path/to/PANDA/features,1836,2fb49b4bb80d5c1f3b5b2fc44fa8a763,4
/path/to/PANDA/features,1837,2fb68d6713a52e322692dbc99ac82444,3
/path/to/PANDA/features,1838,2fb988029403766a9fe962f57cefe124,3
/path/to/PANDA/features,1839,2fc6bf2ccab59b08bb4b3cb2ee0602d9,3
/path/to/PANDA/features,1840,2fd1c7dc4a0f3a546a59717d8e9d28c3,5
/path/to/PANDA/features,1841,2fd30e8bcadfd927b8280fb9d7fdb610,1
/path/to/PANDA/features,1842,2fd7cbd01f3cecb64e915a0a62121cda,0
/path/to/PANDA/features,1843,2fdc521c56b6cce0e7907d05a8db1f25,0
/path/to/PANDA/features,1844,2fdcb544b8c07838dd6bbc0b609e80b6,4
/path/to/PANDA/features,1845,2fe856ea963cd9d023f693db12fe696e,0
/path/to/PANDA/features,1846,2ff022519be7751ee90020e3c71c7c4f,0
/path/to/PANDA/features,1847,2ff57a1bdcf1e23c8a7ee5b37e4c3aba,0
/path/to/PANDA/features,1848,2ff7164620f1d249f39598329ff7690c,0
/path/to/PANDA/features,1849,301d13eb98beab38bf58e20fe04bc68e,0
/path/to/PANDA/features,1850,30214f9a2c610f550a40501fd11d74b1,5
/path/to/PANDA/features,1851,3026f00129e340bd9d68f28c7670f917,1
/path/to/PANDA/features,1852,30270f86298368679023222c1722412e,1
/path/to/PANDA/features,1853,302fb7c22e2b2addcb939501b25882f9,5
/path/to/PANDA/features,1854,303090fcc31ecc2584e6addeadfa1402,2
/path/to/PANDA/features,1855,30353f220e31776ecc7610f803d9b6d4,1
/path/to/PANDA/features,1856,30362d7b1bcf3e92232f765dd647752b,0
/path/to/PANDA/features,1857,30379b51a55f270ba254de56f795af5f,0
/path/to/PANDA/features,1858,30403a9005838f41b3615a20574e398e,1
/path/to/PANDA/features,1859,3046035f348012fdba6f7c53c4faa16e,2
/path/to/PANDA/features,1860,304a3ffc48df61727191b465d69f9544,2
/path/to/PANDA/features,1861,30515517119578d33d884c8bba103079,4
/path/to/PANDA/features,1862,30524fa719ca467beaeed0879835ae7a,5
/path/to/PANDA/features,1863,306c500894cef0f73406f227152ef357,0
/path/to/PANDA/features,1864,30703edaf3bf39b0d04685f0f0a1d43b,3
/path/to/PANDA/features,1865,30714dc10ad30cb8cda2ed487ebd4934,2
/path/to/PANDA/features,1866,3077b49eba93c24a339086c57db4edc1,2
/path/to/PANDA/features,1867,307f2f1883a10ac0e49787c25eacbd9f,0
/path/to/PANDA/features,1868,308af8bc571b7c2e743a35d7489e4e32,2
/path/to/PANDA/features,1869,308d663fc07a63cf1650b8ece0b26565,0
/path/to/PANDA/features,1870,3094f0e7f338e708620942f9f939c7cf,0
/path/to/PANDA/features,1871,309a240cec8d3f98a615f8cfba3f7624,2
/path/to/PANDA/features,1872,30a51ed1a47b8312c8607b32e37cce85,1
/path/to/PANDA/features,1873,30a54c050c9eb531d2709b05ede484ce,0
/path/to/PANDA/features,1874,30aa7a12d6a142aa9fafbe37e08cb1a3,1
/path/to/PANDA/features,1875,30ad3675c2b49fad2eb54c57bd76b791,0
/path/to/PANDA/features,1876,30b055a2178ca6019b4d891dfe253e6f,4
/path/to/PANDA/features,1877,30b37bbf7aed29914e4f117eb66f8783,0
/path/to/PANDA/features,1878,30b5b45882af856464150d2bd86668b1,0
/path/to/PANDA/features,1879,30b5ee6b12c39a6b22f0ed0875e0452d,1
/path/to/PANDA/features,1880,30c978d8a7cf9d17410584f1fd4bf5ef,1
/path/to/PANDA/features,1881,30cedc1713c3941e5b45ac98586b8208,4
/path/to/PANDA/features,1882,30d1afcfeaf59da8e4f527df77e92aa9,2
/path/to/PANDA/features,1883,30dbd061bed3964c478e64269bb5870e,5
/path/to/PANDA/features,1884,30dfff7ddc76129a2a53329c4e52511a,0
/path/to/PANDA/features,1885,30e6954a2b038cf46b628bbbf6cd23d4,2
/path/to/PANDA/features,1886,30e85f5810d4b790b17fa0c3b9ac0437,0
/path/to/PANDA/features,1887,30eb8e531d1c9116964b7fbf45bf95bc,4
/path/to/PANDA/features,1888,30ec590d9ad752737dae45f47f2b37cb,1
/path/to/PANDA/features,1889,30fda2983d8f3111e475d0d859068081,2
/path/to/PANDA/features,1890,30fe4507ced857a7c09246018e2c0c3e,5
/path/to/PANDA/features,1891,30fe53074379ef47b2269368ceeb531b,0
/path/to/PANDA/features,1892,3109bea8f9be6a92c492ccf55c2ec5a1,3
/path/to/PANDA/features,1893,310c156419ea422872c92052fddd902b,0
/path/to/PANDA/features,1894,310c3c470ea8bf65581df6c9e49262f9,0
/path/to/PANDA/features,1895,3111867f5335731289a4feb3db5644b7,2
/path/to/PANDA/features,1896,3112c494c644128c2a0f7fbc1e9a23f1,5
/path/to/PANDA/features,1897,3115c635439ae18f4a53ba3f91f7819c,0
/path/to/PANDA/features,1898,3118e3e9bd7f836ede5bc6e3cb0cfecd,1
/path/to/PANDA/features,1899,313fa90b9e772c45fd3208fa562646ea,0
/path/to/PANDA/features,1900,314264cd7bbe279f88f6777fb1f107e8,2
/path/to/PANDA/features,1901,3153fb3c7de0d4451a51d7899b9107dc,4
/path/to/PANDA/features,1902,3155aef3abdeacd75a4758c212d93e42,2
/path/to/PANDA/features,1903,315d3d4f897775dc35d0b3e6314bfeff,1
/path/to/PANDA/features,1904,31629bdb4c8854f418155db6ec7bf588,0
/path/to/PANDA/features,1905,3166c2eecec00b44f1ded2a024b93240,1
/path/to/PANDA/features,1906,316a926df7392be710915fdaaebbf18b,0
/path/to/PANDA/features,1907,3179817b3335bbbb5af4adafb46ed8dc,3
/path/to/PANDA/features,1908,317dd757da6889845fe0d4dc109d0485,1
/path/to/PANDA/features,1909,3184f4b67b1ab07cb39e2e3e4b381c16,2
/path/to/PANDA/features,1910,3188f3061a095a59f0ba6130014a3679,0
/path/to/PANDA/features,1911,3189cb39f65cbd55aa4bf4513f246692,0
/path/to/PANDA/features,1912,318cb948ba8cb28995204b0a7ebba6d4,1
/path/to/PANDA/features,1913,318f7ac852fb7911436ad2d6aa48dea9,1
/path/to/PANDA/features,1914,318ff075e5d3a785584049343b93843b,0
/path/to/PANDA/features,1915,319b3e952790c3b1136e48067886c6dc,0
/path/to/PANDA/features,1916,319b99d2bfe196e331728992238023cf,0
/path/to/PANDA/features,1917,319e18fe9a6e761753d858a42e1e9c87,1
/path/to/PANDA/features,1918,31a2c62376a98ed5062bbe72a92b3541,1
/path/to/PANDA/features,1919,31a3f7a3ae29edf51a356c3e8eaa023e,4
/path/to/PANDA/features,1920,31a7aefb0e4723400ba7934ff463d663,1
/path/to/PANDA/features,1921,31ad7f884a90445e3031e60e00c4146a,1
/path/to/PANDA/features,1922,31b7e0ab60877ab8de35a95e04629144,4
/path/to/PANDA/features,1923,31bebafb463103bcfb0d5be7141720b0,1
/path/to/PANDA/features,1924,31c2c473c5f4101dbb928548bd176ae7,0
/path/to/PANDA/features,1925,31cf52bcc7a77d04bb82932c235c796f,2
/path/to/PANDA/features,1926,31dcc24ac04b9c4b00e5b898dfab4c91,0
/path/to/PANDA/features,1927,31dd790140f4ec6409c5117b15a9e940,1
/path/to/PANDA/features,1928,31e2791b5cab69a7ad81589bf9da9c4e,0
/path/to/PANDA/features,1929,31e4a1bbfc15b961823e2abfe8a835e2,1
/path/to/PANDA/features,1930,31e5c663f99421030b778af7f2dfe339,0
/path/to/PANDA/features,1931,31e5f57adfb53bd852426904fce70247,1
/path/to/PANDA/features,1932,31e82faf725d625e322f58692dd90ac1,5
/path/to/PANDA/features,1933,31e9a210cfaf76f2df69e8b484cad534,3
/path/to/PANDA/features,1934,31ecb175bcd8e4f9028b196d9fa42d3d,1
/path/to/PANDA/features,1935,31f51b7b36414dc9f0ddda7cac67328f,1
/path/to/PANDA/features,1936,31fd11d1920dede9f0fa0dcb35baa34e,3
/path/to/PANDA/features,1937,3202735e79f54cef6981c1b481f18859,1
/path/to/PANDA/features,1938,320543392885dbaff272faaae7657749,2
/path/to/PANDA/features,1939,3205cf61128c41e20cf2c12c3c89b2a5,0
/path/to/PANDA/features,1940,3208b512a881073da1fad575ae4e8cf3,0
/path/to/PANDA/features,1941,320a5a8ed48d1d03103a79659913c987,4
/path/to/PANDA/features,1942,32137f2c309e98e70a78da4cd1382663,0
/path/to/PANDA/features,1943,321b013478d7d444ba897b75e9f71805,3
/path/to/PANDA/features,1944,321c9acd852ae2de358f0519adefa413,0
/path/to/PANDA/features,1945,32291426a698e316ff990f4b93e27e98,3
/path/to/PANDA/features,1946,322b308222ea34f31e3c1191ecdc663b,2
/path/to/PANDA/features,1947,322fec2e148f8a2d3ca008e1cc20d8c4,1
/path/to/PANDA/features,1948,32411bf01125a6d4d930d4efd76b46a3,3
/path/to/PANDA/features,1949,32482eca51f84c3b0e5729f68490fbb9,2
/path/to/PANDA/features,1950,324f605f884d850b88a4fb5db437eb1c,2
/path/to/PANDA/features,1951,325e3be7a65743676ea732b08b9b26d6,3
/path/to/PANDA/features,1952,326a42dac78dfb195f986b348b87c7ba,1
/path/to/PANDA/features,1953,32751c898368ef065ae6b907d1743846,1
/path/to/PANDA/features,1954,327e57e785d4808c280054de8f4639b0,4
/path/to/PANDA/features,1955,328301e9dab5b0983dec6ae3cd87897f,4
/path/to/PANDA/features,1956,328cde17511e4aa4e62e485d4dc0cea7,3
/path/to/PANDA/features,1957,32993cdc127974fa9a42424bf060a203,5
/path/to/PANDA/features,1958,32a1954e415796b8d5f01ff1a6d7b1c5,3
/path/to/PANDA/features,1959,32a8d32ea13e14000f83964e0af6101f,0
/path/to/PANDA/features,1960,32a9b5b85a1b52d9a9a677aef9d0b837,3
/path/to/PANDA/features,1961,32b84dbd24b4c2db47ba783d3806b6d0,0
/path/to/PANDA/features,1962,32c85855821eeec7bd0be47969b89680,0
/path/to/PANDA/features,1963,32d22cb31348b9bc05db98b08da8c867,0
/path/to/PANDA/features,1964,32d951dce83800cf441b41c50b50208a,0
/path/to/PANDA/features,1965,32eca7c7634f59e3b286e3a89461f95c,0
/path/to/PANDA/features,1966,32ed7a2359cfebfb8db4eb360c784adf,3
/path/to/PANDA/features,1967,32f0241a4fbafab0850770a4832678c2,1
/path/to/PANDA/features,1968,32ff402bc897175da9f8cef21d98e3f7,5
/path/to/PANDA/features,1969,330823f8120df480aefdbf1d107747ba,3
/path/to/PANDA/features,1970,33105f777ddf03e095ed3350179b41da,1
/path/to/PANDA/features,1971,33151b1492b83b7ee5fe34789fc1dc03,0
/path/to/PANDA/features,1972,33169dcbdfa0088266152accc011f8c8,4
/path/to/PANDA/features,1973,331df8bf3a7f766dfe45ed525040fa85,0
/path/to/PANDA/features,1974,331e4fe39216db524c07eab27b107cf7,1
/path/to/PANDA/features,1975,3326d06821589c1c4b29133f0fcfe6f9,0
/path/to/PANDA/features,1976,332db6f0f6f290e521b714b4d209ff25,2
/path/to/PANDA/features,1977,333bc859088cb64ca1d20af155b8bf57,0
/path/to/PANDA/features,1978,33431b7e55430ad8b17a6a61f9ce8f88,1
/path/to/PANDA/features,1979,33453ab3633e39269f3368e83acb993b,4
/path/to/PANDA/features,1980,334bfff5b9f41e36cbc1869ea86aad38,0
/path/to/PANDA/features,1981,3353690a5d3c6a384c545ef8caf56f95,2
/path/to/PANDA/features,1982,336ef6609c6ce4ca2663aee82d9de63c,0
/path/to/PANDA/features,1983,33704cffb452193742ff3ddb420ea9e5,0
/path/to/PANDA/features,1984,337243a9bd89017f962fcd5bf3cf9d64,0
/path/to/PANDA/features,1985,33752aa0f25ce754f491b9c6c442983b,1
/path/to/PANDA/features,1986,337917b03be19ec176ed5b3e77f6e55b,2
/path/to/PANDA/features,1987,337ba2724e08323f454f2e4abc414243,2
/path/to/PANDA/features,1988,337be23a5a57efd390460172053fe5b7,5
/path/to/PANDA/features,1989,3380c3e1993e6ab8c7d6910fb2cabc9f,2
/path/to/PANDA/features,1990,3381ea445ec8554a5cb3e7d3153fc0c1,3
/path/to/PANDA/features,1991,33828bf89098a295d028099fa2d3560e,1
/path/to/PANDA/features,1992,33886505edad882dfed435954e9723e5,1
/path/to/PANDA/features,1993,338e30b609bbf80246203caf63a2f0a0,3
/path/to/PANDA/features,1994,33988246de7efa7c24f3c2224cba333e,5
/path/to/PANDA/features,1995,339af1c837c6046bcf11ef8f6ee7a3c3,4
/path/to/PANDA/features,1996,33a9999af688cef83c55fe3579c4bd53,2
/path/to/PANDA/features,1997,33b1d7be5b5cc5230d25191ea8305d9a,3
/path/to/PANDA/features,1998,33be098ae12eeb17caf5658edaa6baa4,3
/path/to/PANDA/features,1999,33c4d18be1caa7b19589365bf1abba5b,1
/path/to/PANDA/features,2000,33cfff7a487aad24b8501f93ba8831d9,1
/path/to/PANDA/features,2001,33e5c5adbc6e45de43d219d96f244f3b,1
/path/to/PANDA/features,2002,33ec4577b716c843eb1224b41204aab2,2
/path/to/PANDA/features,2003,33f343b9a016f58f2e78d1b2109ffab9,0
/path/to/PANDA/features,2004,33f9166b614aff651d1f0cb240dc98af,5
/path/to/PANDA/features,2005,340236fc3587d38939e3dd669bbfe3e8,3
/path/to/PANDA/features,2006,340517b590a8d20a3c8a13c8d3df4099,1
/path/to/PANDA/features,2007,3405272b1d7134dc93364c69167448da,2
/path/to/PANDA/features,2008,3406d5d8ae8ffd5e42386d8caf2d023f,1
/path/to/PANDA/features,2009,340a470bf7a9667523386de85bafa32f,2
/path/to/PANDA/features,2010,340c846f464f205cf4df3cb61fab3a0b,3
/path/to/PANDA/features,2011,34159ad757c19c1bded93e4505dc2903,4
/path/to/PANDA/features,2012,341c392a86a83c179d50ff99330f067c,5
/path/to/PANDA/features,2013,3421d5f3e6fbeccf4ccfc51ca0e7e911,3
/path/to/PANDA/features,2014,34238501396310a6512eccb0120bd85b,0
/path/to/PANDA/features,2015,3424fa4daa40e0bb944a1f579ca895ca,5
/path/to/PANDA/features,2016,342873df1a459c1480c270e4185d2748,0
/path/to/PANDA/features,2017,342b38a965d96d8e8b606ade1094e96e,1
/path/to/PANDA/features,2018,342cf992c6259c1e9dd731d27a4573cc,4
/path/to/PANDA/features,2019,342ebe047585744a01b924491ecd5222,5
/path/to/PANDA/features,2020,343071a8c11157ff068bfcdbc0f76ca9,0
/path/to/PANDA/features,2021,3431b6b189e8547fb02ced891b4201b4,0
/path/to/PANDA/features,2022,343f98a6c6f9fae1fa1717899154ddf4,0
/path/to/PANDA/features,2023,3444f3932c7c9d04bb8fcb095037ad06,3
/path/to/PANDA/features,2024,344764125b7586cb29d3af60106bd807,1
/path/to/PANDA/features,2025,344cc56a75aa993d5b20be3f31210879,0
/path/to/PANDA/features,2026,345308e335f09ee04152c18426ad9a91,0
/path/to/PANDA/features,2027,345f3e86a3dcc26dce73ceeacc5a4a0a,3
/path/to/PANDA/features,2028,346cf9a23c4ddd3c86ac4d732424d9b8,0
/path/to/PANDA/features,2029,3474fd9accd7a2a6e537b295161930bd,0
/path/to/PANDA/features,2030,3479b69cf34e5241ddabe268dc304c56,0
/path/to/PANDA/features,2031,347a582c6b8c3415b576cc8a53c83599,2
/path/to/PANDA/features,2032,3482a1ac6b5279fb56a14504a6c9fed2,0
/path/to/PANDA/features,2033,3484d8c6a8bfbbdd516bb1e57a338953,0
/path/to/PANDA/features,2034,348acf4acd24d50bdbf174e29d4e7309,0
/path/to/PANDA/features,2035,3498ec4b282659968e291e8840c943dc,0
/path/to/PANDA/features,2036,349b1b6fa6ffc5625b8eedabf03d5948,0
/path/to/PANDA/features,2037,349c0555d5aa6813c4faedb0e78b6b4a,2
/path/to/PANDA/features,2038,34a48086263adb0c3245ec2bbb925809,5
/path/to/PANDA/features,2039,34a7736e8074a6cef57277d7dfcaeeb7,0
/path/to/PANDA/features,2040,34a98ca2d4eb1a91e428bf2112e26543,1
/path/to/PANDA/features,2041,34acef22e21c0085165007dbead61508,0
/path/to/PANDA/features,2042,34af9f01d464fb37f9e55eb51996d0a7,5
/path/to/PANDA/features,2043,34b8869c4b4ba4fdfea0a9e579502c5f,1
/path/to/PANDA/features,2044,34b9896eebff5d0501dc23156b26f2b3,0
/path/to/PANDA/features,2045,34ba9b9acea808ce0b9f3b69de2251e5,0
/path/to/PANDA/features,2046,34bbbf1788a8c12eefb14f8b8ef71e79,1
/path/to/PANDA/features,2047,34bf0923d7382e438664901cf794d748,4
/path/to/PANDA/features,2048,34bf9dcd2f03642e6d42163091900112,5
/path/to/PANDA/features,2049,34c3b4aca1bfb10df42aff5eb5f87281,3
/path/to/PANDA/features,2050,34d661c988d4a40925060a9a50a4544c,0
/path/to/PANDA/features,2051,34decd8752d355a11b8428eef2c3b614,2
/path/to/PANDA/features,2052,34ed0654b8e0fe5bbe2a9741433f7658,0
/path/to/PANDA/features,2053,34f9cb8a992bc7fab6593d27d59f6abe,0
/path/to/PANDA/features,2054,34fa5161127ad3c7535fea02bb42e29b,1
/path/to/PANDA/features,2055,3516c82481d652069ea4d5ab5e082041,4
/path/to/PANDA/features,2056,3516d06f3dcb2e9959661efb48cf081d,1
/path/to/PANDA/features,2057,351a7cf22baaa7916631910a15f148bc,0
/path/to/PANDA/features,2058,35281ad4d124eaa1546bd64e7bbdca86,0
/path/to/PANDA/features,2059,3531763820dc825219b9d6283721a959,0
/path/to/PANDA/features,2060,35332e0dbeaa5fcba199e892954528a7,0
/path/to/PANDA/features,2061,3533ae4b2d7f1502831838390504af3a,3
/path/to/PANDA/features,2062,3539c3b891f836b874775d2b0fa36fe9,4
/path/to/PANDA/features,2063,3539e2470a916da8d98b749d89ee69ce,1
/path/to/PANDA/features,2064,3546206e8f2a9495e81fdd6af08a5a6b,1
/path/to/PANDA/features,2065,35590689349e29d6540a7c14f8a3d42c,3
/path/to/PANDA/features,2066,35597497e528841c22f9c07331b08c49,1
/path/to/PANDA/features,2067,355ea2cac2adcccab67fb784d5222461,1
/path/to/PANDA/features,2068,3569276c714b74577335c6b5860f0659,3
/path/to/PANDA/features,2069,3573e7b9ae29eeca81c80d683f714361,0
/path/to/PANDA/features,2070,357bb7135ffd688bbd6ae0efc984342e,1
/path/to/PANDA/features,2071,35978c997f83d969e02f26305f3983ec,2
/path/to/PANDA/features,2072,35a01018982323a647399b88ef4d2287,1
/path/to/PANDA/features,2073,35a2ba270ef1fe91e4434cc83ccac50d,0
/path/to/PANDA/features,2074,35a4aa4ea0515187d2859ff6f85f9e98,2
/path/to/PANDA/features,2075,35b2e442142f53c58e83e1a0f0636472,3
/path/to/PANDA/features,2076,35b3399925cc2f2f00d65c842b6cf536,5
/path/to/PANDA/features,2077,35b5971800492e04d2ecd6b3439b0017,2
/path/to/PANDA/features,2078,35c399eb25d0d2fbf45481de19e53366,4
/path/to/PANDA/features,2079,35c7912e941c9bf21594deeda6c891e2,3
/path/to/PANDA/features,2080,35c8527cc2fb55f7d9d96d63bc9bd165,0
/path/to/PANDA/features,2081,35cc820298fb447703ab51875b3966d2,2
/path/to/PANDA/features,2082,35d511cc9aa867856fadbe6ebf464d78,5
/path/to/PANDA/features,2083,35df658da1f793bd9cab0a1ff94fdf33,3
/path/to/PANDA/features,2084,35e09396b1a536c593466d45285c7d85,0
/path/to/PANDA/features,2085,35e310aa5194c62964c02048ac88ca64,3
/path/to/PANDA/features,2086,35e8dd323072ad8efa1ae1db44921669,0
/path/to/PANDA/features,2087,35e9245ad46540a9485b220e4fd16ea4,0
/path/to/PANDA/features,2088,35e9d8f8ce16d61751bbe6d24fee0da3,1
/path/to/PANDA/features,2089,35ed1771bce6ba956d39ff28c71ac2f0,1
/path/to/PANDA/features,2090,35f629e359399d425289242b698b3f66,2
/path/to/PANDA/features,2091,3600b9f393854a0c456904beaff22ae9,2
/path/to/PANDA/features,2092,3602a55ad5d1bc6c6cd903538b5b5abe,1
/path/to/PANDA/features,2093,36057d1f3d51b9c92008174dac3bc390,4
/path/to/PANDA/features,2094,3605ec5ecd6cd8f36a046746b1888cad,1
/path/to/PANDA/features,2095,360b8957b3c406f10d61a23161609476,4
/path/to/PANDA/features,2096,36154423239f4a9e6849cf57ea8a4489,2
/path/to/PANDA/features,2097,3619a5ca0634e11f0e0474c9eab68f2e,0
/path/to/PANDA/features,2098,361e1ffe1964442b325efbfb9f682a26,3
/path/to/PANDA/features,2099,3625e6a2deae10c191a3fc3b6fde9fdf,5
/path/to/PANDA/features,2100,362766cafc41f19dd03cd605c9cb8fdd,2
/path/to/PANDA/features,2101,362d30ace92ce17128d176137362b8c2,5
/path/to/PANDA/features,2102,362e3e8ac1b34cd114f6e47ad94e3e28,0
/path/to/PANDA/features,2103,3630a84f6cdb1d51ff3d89346a87618d,4
/path/to/PANDA/features,2104,363858c33e69731d7916333c5019668e,1
/path/to/PANDA/features,2105,3639415568d06af82c3cfcfeeae5d9b6,2
/path/to/PANDA/features,2106,363cd7b84bf86e6c8cd7073897b97232,0
/path/to/PANDA/features,2107,363ffb07f4452fb7c504b9f3f73f6bfc,0
/path/to/PANDA/features,2108,3640375a493273c06682ef7a77e483c0,0
/path/to/PANDA/features,2109,36531354b9f3353938e4227f7d8a3ece,2
/path/to/PANDA/features,2110,365966c438c314e225b1c81cccacb187,3
/path/to/PANDA/features,2111,3659d03cf49bd6a1f648edc1423c711b,0
/path/to/PANDA/features,2112,3659fd7b7207e8a9c2595c04aef3587e,3
/path/to/PANDA/features,2113,365b34d59b0132366fd9feb0138ca7ff,4
/path/to/PANDA/features,2114,3661d2a88cc96afa89958c09f5818789,5
/path/to/PANDA/features,2115,366b8bdacfad3a89f0284b0ab0f3e294,1
/path/to/PANDA/features,2116,366cff575902d8a3e43cf0634e05d96c,4
/path/to/PANDA/features,2117,367107929408ad6c749310a0f665bdac,5
/path/to/PANDA/features,2118,367f122e80bcd0bffc02f6a04c1d8234,4
/path/to/PANDA/features,2119,368f2d81c2475bfa0c41755f4ca2bf76,0
/path/to/PANDA/features,2120,36909d9bacf3828022000e94bc4d02c5,1
/path/to/PANDA/features,2121,369765a1bd016016ceec70314dacc204,0
/path/to/PANDA/features,2122,369a3711e3d38086b74319999fcf77f5,2
/path/to/PANDA/features,2123,369d4a2937c58da892d153886cff15e3,0
/path/to/PANDA/features,2124,36a0dcfd7c78fd296c914a6a0fab203a,0
/path/to/PANDA/features,2125,36a9f01565753462e06fa127f7e0d8a0,0
/path/to/PANDA/features,2126,36ac72ab5b3b3b2febb4890051ab508d,4
/path/to/PANDA/features,2127,36b55596d75cb210bce9db1166353568,4
/path/to/PANDA/features,2128,36b63b6aac630b8b13f9097001c0bf5b,4
/path/to/PANDA/features,2129,36b7bc1afe9dab20f17f4853e362bc68,5
/path/to/PANDA/features,2130,36c8f9a16788be091884e5cd1688767f,5
/path/to/PANDA/features,2131,36d601499ced6c8d29d9cdd5a42db4cf,0
/path/to/PANDA/features,2132,36dd11dbc0aba4413623bdc44775e6fe,5
/path/to/PANDA/features,2133,36e1858ce9463be49695c4517cc3855c,1
/path/to/PANDA/features,2134,36eeee47a868b8ac66b6ece9e6372984,5
/path/to/PANDA/features,2135,370d84e1455d9c56f0163c64c35b3189,1
/path/to/PANDA/features,2136,3711df960b95a8a8a61c5f09789d3084,1
/path/to/PANDA/features,2137,372251c4bc2f7c3a0d1b6704b0cba28e,0
/path/to/PANDA/features,2138,372a24a9557322762bb693777a3acd8e,1
/path/to/PANDA/features,2139,372ea2dd928988579a7c716c1c36a9bd,1
/path/to/PANDA/features,2140,37355e29029bdc13096902e0d82a9b88,5
/path/to/PANDA/features,2141,3737e0d7e43e1b09167f4036e9cc414b,0
/path/to/PANDA/features,2142,373c3e3962c89a016c118cd3b4dac926,4
/path/to/PANDA/features,2143,374d5401159d9bf39ce20b395d82c0b4,0
/path/to/PANDA/features,2144,3752b697cae9f81a9d5ffe44dac58e7a,5
/path/to/PANDA/features,2145,3754b01d3ce8fb9f89062dd30929b7f0,4
/path/to/PANDA/features,2146,3756141b86ca5f2afcacf5113d4e8f83,1
/path/to/PANDA/features,2147,37571c63d9ff6cd0a71b4b60e130804e,1
/path/to/PANDA/features,2148,375771fed439d26b5374aae3f6b1d653,5
/path/to/PANDA/features,2149,375b2c9501320b35ceb638a3274812aa,1
/path/to/PANDA/features,2150,375df231fdc9598606a966787173c056,3
/path/to/PANDA/features,2151,3767034a72b2859669d8278458165c7c,0
/path/to/PANDA/features,2152,3768074389f48288edbc2c79261dea2b,1
/path/to/PANDA/features,2153,376a5058f8fcf38a3df4a0c431e974fa,0
/path/to/PANDA/features,2154,376a68a1f7236d0fc5586d3d96442295,5
/path/to/PANDA/features,2155,376ef68c69c0f8d101868342a2d50b55,5
/path/to/PANDA/features,2156,3772be22ed5750f38e3eb653984d9b02,5
/path/to/PANDA/features,2157,378ab29576ec2f87d61b00aeec5e843a,2
/path/to/PANDA/features,2158,378e5f9c174b753e2269e584ba82a086,1
/path/to/PANDA/features,2159,378f0ea443c45b7cb1cb8e0cc86a5992,0
/path/to/PANDA/features,2160,3790419eed3f86165b0cb74ea30aaa01,0
/path/to/PANDA/features,2161,3795ba90ba4303d37accaa4eaf82c747,3
/path/to/PANDA/features,2162,379a40c0c5b897ffd42d5567d40968da,1
/path/to/PANDA/features,2163,37a8139578e30b6572bfd3d2145e6543,0
/path/to/PANDA/features,2164,37aba3bbad701308106b141471c063f0,0
/path/to/PANDA/features,2165,37b0ce91b7bdaf3100aae1748009424e,3
/path/to/PANDA/features,2166,37b66efe115f778ffd604c60995ec946,2
/path/to/PANDA/features,2167,37bcf02187f518f188dc8d97038f3e84,2
/path/to/PANDA/features,2168,37c9e8fb86ad0fe93742f16f33c2136c,1
/path/to/PANDA/features,2169,37cbb00ca8f207cb9fde012b0ad7d670,1
/path/to/PANDA/features,2170,37d10efa4de1f3359dc6c41004764560,1
/path/to/PANDA/features,2171,37d3511b61cfe994b82147b5d4b09ae4,0
/path/to/PANDA/features,2172,37d9f6a32531f28ed2cb207912e00646,1
/path/to/PANDA/features,2173,37e79d004dc122c05eab8e55f22214d0,1
/path/to/PANDA/features,2174,37eee15d48b6ed3bad02ccd749c2409c,4
/path/to/PANDA/features,2175,37f2d6ab184a9f4a3d3eedf3aa35dff9,0
/path/to/PANDA/features,2176,37f5347d97a99a1fce74a21f587bf48c,1
/path/to/PANDA/features,2177,37f5f5eeed547c62c951aee3ecdc97ee,0
/path/to/PANDA/features,2178,37ffc81d6b4fddaae6b0482ef956dd63,3
/path/to/PANDA/features,2179,38020becb73cea2d52e02adb5d3704ef,4
/path/to/PANDA/features,2180,381655124cc7fc032195c4033e8575ad,1
/path/to/PANDA/features,2181,3818629922ae8cfaf651080972cba367,1
/path/to/PANDA/features,2182,381d70c821fce9d79032bc113f10ec43,3
/path/to/PANDA/features,2183,381ddd18fa17308212e26e03c2c54542,5
/path/to/PANDA/features,2184,3822f7eb7af4fcf5d490147fb171e436,5
/path/to/PANDA/features,2185,382abdb964afacf4ada2f83c46fe3339,1
/path/to/PANDA/features,2186,382ddc25ec205c031a76956d6060bd2b,4
/path/to/PANDA/features,2187,383832c3a141f0c57b3bdef29a9b2b76,5
/path/to/PANDA/features,2188,3848fce177d0cc469f4ca60d802445af,5
/path/to/PANDA/features,2189,384b08d948baac79a949e41d71929ecc,1
/path/to/PANDA/features,2190,38578e1a762a89a984852be20d3e0386,0
/path/to/PANDA/features,2191,3858dedc8e091fc0315c50e7f8d74a56,1
/path/to/PANDA/features,2192,385d7a1e8b6174ecd264b7c763853058,1
/path/to/PANDA/features,2193,385db50add69be4288db35c092fac80f,0
/path/to/PANDA/features,2194,386c585a463d6010765624da9057d0cd,0
/path/to/PANDA/features,2195,3874ee8af95029da74a9d821d6ea26ae,5
/path/to/PANDA/features,2196,387c0c2633848a562d0299cb667239fd,2
/path/to/PANDA/features,2197,3881c52ed1b5f133d47b3120cf402c44,0
/path/to/PANDA/features,2198,38837d7934505b74d0b4e1830a0c5511,1
/path/to/PANDA/features,2199,38915115592f1775fb6506b4dc039250,0
/path/to/PANDA/features,2200,389758c9e3aad00e774d581150f372db,3
/path/to/PANDA/features,2201,389853c7149f7007e467b20351b1f552,4
/path/to/PANDA/features,2202,389c1554f751b2fdd247495b71efe30b,2
/path/to/PANDA/features,2203,38a223dada7f3cf7e108d661bb19f6e0,1
/path/to/PANDA/features,2204,38a49c3566f387a867629c5f6c31a72a,0
/path/to/PANDA/features,2205,38abe3550726a4a1f947fd0732ded83d,1
/path/to/PANDA/features,2206,38b05b6f866c00580bb9cf735d1acddf,4
/path/to/PANDA/features,2207,38b316108a68f9baa9837acf06bc3c48,3
/path/to/PANDA/features,2208,38b53a819b584debd748e16db8b2c488,0
/path/to/PANDA/features,2209,38b57271d9d5c552236511e9c5d4cf04,1
/path/to/PANDA/features,2210,38b6e5e601860ae149c0d53d8cab4cfd,2
/path/to/PANDA/features,2211,38be72b06e0e96e493a90c4f583a6e10,4
/path/to/PANDA/features,2212,38bfa0ce8a23812ec8e74371a85e0077,1
/path/to/PANDA/features,2213,38c56b3621847c17b9cd91046d5fdb5c,1
/path/to/PANDA/features,2214,38c58a8f4dfa6e560ed4f28bf404ad64,0
/path/to/PANDA/features,2215,38c6319c29001aba4db299be8dcfb874,0
/path/to/PANDA/features,2216,38c790605d5648f283412ecbf56537b8,1
/path/to/PANDA/features,2217,38d5fe1d5718ada9a476c7690dfcfde0,5
/path/to/PANDA/features,2218,38da5a625694c55fccb0c6daeb2fdd58,5
/path/to/PANDA/features,2219,38dd9b5e9305db00277469acb8d71d2b,0
/path/to/PANDA/features,2220,38e41caa38bdc405984285a96cd11436,4
/path/to/PANDA/features,2221,38e5d191e77117979a52ba888ea2df9e,2
/path/to/PANDA/features,2222,38ed9636bac9547da263faf1d068dcf6,3
/path/to/PANDA/features,2223,38ef6c8f4020a8fd27316f43493aec40,0
/path/to/PANDA/features,2224,38f32b275b2bf74ee659cd5acdb14a8b,5
/path/to/PANDA/features,2225,3901caec5d914bf20a44f176469b0294,1
/path/to/PANDA/features,2226,39026a5b4f7486acd7ab9d02482ff69b,0
/path/to/PANDA/features,2227,390b6c326276221cb3659d2132fb7d3e,1
/path/to/PANDA/features,2228,391078d7927bd7f6dc07dda3297d62b9,0
/path/to/PANDA/features,2229,39114f65aa3185f05c4921cd2ce081eb,2
/path/to/PANDA/features,2230,3916b0e11e209f1afa4cbcadb3f1b9dc,5
/path/to/PANDA/features,2231,391ffc7ec4eefb3d19575a93b7641bcc,0
/path/to/PANDA/features,2232,392ed359fef6a1a65f667f2207337aff,2
/path/to/PANDA/features,2233,393da55efee50c65017d1a7f66ee8c4c,1
/path/to/PANDA/features,2234,393ff5d6edd16d9094d468789febbb4a,4
/path/to/PANDA/features,2235,3949bb0d5d659f89f895295ffef07153,4
/path/to/PANDA/features,2236,3964a98b6e3c6471ea04c89c6ec24da3,2
/path/to/PANDA/features,2237,397c0d623c94677ce5c1e836c3253eed,0
/path/to/PANDA/features,2238,39801edf3f3661fdba0ac0f10450efcc,1
/path/to/PANDA/features,2239,39830eda8211aeed9f46a835a835d398,0
/path/to/PANDA/features,2240,3991d93434432a7e3bd6402baa719af9,3
/path/to/PANDA/features,2241,39aa993dd0320beff42381bc9b6b498a,5
/path/to/PANDA/features,2242,39b14d182b154dde40a68ef7e9486065,3
/path/to/PANDA/features,2243,39b20d5c2588bafb42c5d6915de11b6b,2
/path/to/PANDA/features,2244,39e0f864a25b0498bf35d6d27e36d4f3,3
/path/to/PANDA/features,2245,39e137ff5bb5384d1ff800c77b9d196e,1
/path/to/PANDA/features,2246,39e8d791376036f4f802d9409fb1ea22,1
/path/to/PANDA/features,2247,39eb89fcccf2ffc38f65fc9874435d40,4
/path/to/PANDA/features,2248,39ec527984e5476affd895acee3dafaf,5
/path/to/PANDA/features,2249,39f035c4879cd4b2bff7ee2830beea47,2
/path/to/PANDA/features,2250,39f36065811dabb953b5fa41f826f669,5
/path/to/PANDA/features,2251,39f81a4d7b5b86706391dcc09a4c2e94,2
/path/to/PANDA/features,2252,3a025fffbcd1734f4472d6cc8fbb7d0c,1
/path/to/PANDA/features,2253,3a03e14dada3fa833f64b0930783775d,0
/path/to/PANDA/features,2254,3a07181ebf2769bfd8c47dc46046d64d,0
/path/to/PANDA/features,2255,3a0efc666f3a9b2e57c83cc3349ed2aa,3
/path/to/PANDA/features,2256,3a182bad75cc603d81f6b423849fc6a4,5
/path/to/PANDA/features,2257,3a1ddf8e4a84bd270520fc080f4a3f0a,3
/path/to/PANDA/features,2258,3a2543c397bd17d87f9f73ac1a1a6646,5
/path/to/PANDA/features,2259,3a29c247ba9bea6c502265d526f76202,1
/path/to/PANDA/features,2260,3a307aeade076ae4aab09ae25a5d30b1,4
/path/to/PANDA/features,2261,3a4465af672ccb78b09364132ba9e4d4,2
/path/to/PANDA/features,2262,3a450c205cf27f0348b46d8329c13fc6,0
/path/to/PANDA/features,2263,3a528abc8465a57d2a4c7f823051dcf8,0
/path/to/PANDA/features,2264,3a565cdeac048c3fafbba7b913061689,2
/path/to/PANDA/features,2265,3a58bfbbb6c7828c3bb1d4ddce641d46,1
/path/to/PANDA/features,2266,3a5a4b141bdcd49744bc7fbd4f880e22,1
/path/to/PANDA/features,2267,3a624ae0d560c6d61d4143a5f90bd801,2
/path/to/PANDA/features,2268,3a65a5ed1de1c2981820e3daca60d138,0
/path/to/PANDA/features,2269,3a6d539ff2b274703bf4c8b50c6d599d,0
/path/to/PANDA/features,2270,3a76c877851189ebc84fc86afe311276,3
/path/to/PANDA/features,2271,3a787189b5d4eeb7bee8f05aa825775a,1
/path/to/PANDA/features,2272,3a7ae2d6d9b4bec6df2e203552dee342,0
/path/to/PANDA/features,2273,3a7cab9e25fff3d4eb7626258dedbff8,3
/path/to/PANDA/features,2274,3a8216ba5ef23e99868f7c17e8e64411,3
/path/to/PANDA/features,2275,3a84282b7ee9d38fb202f4ffd2144c91,2
/path/to/PANDA/features,2276,3a851ba3a38cbaeddb0d5dc9bbe5db3c,1
/path/to/PANDA/features,2277,3a88831048e734048b59f99f3e2e7133,3
/path/to/PANDA/features,2278,3a90de04c33ee7bfc0e4005323f1f202,0
/path/to/PANDA/features,2279,3a9d5791b0cc64ff0dae5dd26e6006ab,1
/path/to/PANDA/features,2280,3aab40b14fab46f52f53a5f85bf8ea34,2
/path/to/PANDA/features,2281,3ac1b4146a8bea81e2ff2b1f2c0bb0c8,1
/path/to/PANDA/features,2282,3acfefa2f174d9f3f555cae12f5394ee,4
/path/to/PANDA/features,2283,3ad48056423f5a0710d13d943f112fe1,1
/path/to/PANDA/features,2284,3adce342ef22a58a87593d0c3dd2bf28,0
/path/to/PANDA/features,2285,3ae1d089ff7057827bdff109c96633a6,2
/path/to/PANDA/features,2286,3ae66332c2dd50c6ce458937d49f8232,1
/path/to/PANDA/features,2287,3ae9efed0835dad28f0c0763533290f1,1
/path/to/PANDA/features,2288,3aeefd7ef9247470d465682c556c0c61,0
/path/to/PANDA/features,2289,3af3acea1b27322f4739f69684830d32,3
/path/to/PANDA/features,2290,3b0d18ac54563b6c0e9d333f4d72e61a,1
/path/to/PANDA/features,2291,3b0db85aa28349cd4caf4c53531f28b9,2
/path/to/PANDA/features,2292,3b1559e5fc7d3efe4dc30643a660e6be,4
/path/to/PANDA/features,2293,3b1a389348b3caccc230ca8693c52f93,2
/path/to/PANDA/features,2294,3b1e3723cb316952edf175585cbf1ef0,4
/path/to/PANDA/features,2295,3b23e245e4e96ba6f40da04fce214731,5
/path/to/PANDA/features,2296,3b270128881636a1af2e73865943fb1f,3
/path/to/PANDA/features,2297,3b31f5eba8578eb248aafbabbb5240d4,1
/path/to/PANDA/features,2298,3b343b8c4e2a854735a82bcebe482a14,0
/path/to/PANDA/features,2299,3b537df59920e10d46f14627abcd3227,1
/path/to/PANDA/features,2300,3b56a9aa8513f7510315549ac025c54c,4
/path/to/PANDA/features,2301,3b58fcd7537d02088146c3b4d1ba1e38,1
/path/to/PANDA/features,2302,3b596f8a7757d68bf9d4cc68015d9a82,0
/path/to/PANDA/features,2303,3b5b3a2cc026cf58cc19bfa66b4873e3,0
/path/to/PANDA/features,2304,3b60ca0ed4e75480321776ba7aeba987,0
/path/to/PANDA/features,2305,3b652857672846746e7c0bf4b8aacd9e,1
/path/to/PANDA/features,2306,3b67a134303b04e051676227c1f8c8bd,0
/path/to/PANDA/features,2307,3b7f094d2e4a2c14d38961d386f9b2ca,3
/path/to/PANDA/features,2308,3b82f3a80bd8bef6a0353a4443185c4e,5
/path/to/PANDA/features,2309,3b8516e22443c84f95935e2b41c73666,1
/path/to/PANDA/features,2310,3b89fac978a021d49806d2f75cc9f4c2,5
/path/to/PANDA/features,2311,3b8a504e9cb1a71c7d8810dbc83c1f3d,1
/path/to/PANDA/features,2312,3b9c3ae2d2f1abe1498d4c746769aaa0,5
/path/to/PANDA/features,2313,3b9f1f0f05ca4c7cfd2000d7ae41f242,3
/path/to/PANDA/features,2314,3ba05196d5b6bd5c9c9955864a0702d2,0
/path/to/PANDA/features,2315,3ba4e8d4a0b0ef0ef31383ff7cf2b76c,1
/path/to/PANDA/features,2316,3bab742acf3fdc581cbc57468eac9603,1
/path/to/PANDA/features,2317,3babb9b35e40e2bea17239a5a3ffeaec,3
/path/to/PANDA/features,2318,3bb7fa03be7da5a086cf9a234cd3a025,4
/path/to/PANDA/features,2319,3bb8426f5536b507843d3c99ab0a5e8e,2
/path/to/PANDA/features,2320,3bbd7993ca87b79a7fee47b563e97710,1
/path/to/PANDA/features,2321,3bbe8e2a01ca4d4e8cda9a6bb5491ad7,5
/path/to/PANDA/features,2322,3bc54012b4306e04b9b157811d18c1f6,0
/path/to/PANDA/features,2323,3bdd92d91566a9719c76ca639db6a143,1
/path/to/PANDA/features,2324,3be2a098025a29cd05098a7457ffa2e0,0
/path/to/PANDA/features,2325,3bec458737cfadd414c267ce0200c941,0
/path/to/PANDA/features,2326,3bed1fb91d2096de25888d9e162254d5,1
/path/to/PANDA/features,2327,3bf9e151fbc4e40b0444e6a19174752b,1
/path/to/PANDA/features,2328,3c009593bcf6cdfd25a06a0488c76941,0
/path/to/PANDA/features,2329,3c01808e1ea1eba5f6cdd015c4738426,3
/path/to/PANDA/features,2330,3c027405c5707d7ba2b67e75a652ba62,4
/path/to/PANDA/features,2331,3c044e6b0f5e68685f9de5269bc0f5d6,1
/path/to/PANDA/features,2332,3c0e4614fe9fc45936749d12d29bb127,2
/path/to/PANDA/features,2333,3c26e40e16a2118a6247ba37e7d2bab1,0
/path/to/PANDA/features,2334,3c2dd628b93ce49260c21b8aa9d8fba5,5
/path/to/PANDA/features,2335,3c2fbe79b388eddfbdb3dfdbc36eec6d,4
/path/to/PANDA/features,2336,3c33af33f79ee32f52a75558d96b2482,0
/path/to/PANDA/features,2337,3c3aa44696a719df615ab982dd7c95e1,1
/path/to/PANDA/features,2338,3c3b1cae5538b0e4dcdfd6bdb492fd9a,1
/path/to/PANDA/features,2339,3c4ae78a64e6f263d159a9fac556ec7b,0
/path/to/PANDA/features,2340,3c5c2cd450fb2d359845fb9c0d660bb0,1
/path/to/PANDA/features,2341,3c659b2837afab3af6b952fcbaa6a515,2
/path/to/PANDA/features,2342,3c65a1c66c85c220069dcd52c3bf026e,2
/path/to/PANDA/features,2343,3c6610ef769e5c09d9e7b9d2c2fddb40,4
/path/to/PANDA/features,2344,3c6cbc0f8307f562fe1d277c7596398b,1
/path/to/PANDA/features,2345,3c71188a45f5bd87ff4736de84cad35e,3
/path/to/PANDA/features,2346,3c7975c16b2cdfb94d17b86f33219f65,1
/path/to/PANDA/features,2347,3c87d6e4b488073a424d625d6130dd25,4
/path/to/PANDA/features,2348,3c89c48cb5db0af4ff08d1b8568e5687,0
/path/to/PANDA/features,2349,3c8b636f1d0af8f8e4d5cfa2479b4069,1
/path/to/PANDA/features,2350,3c95f95c1e0ec8f7562987dbf3cd1d7b,1
/path/to/PANDA/features,2351,3c978c3d50eeb3eb1dc90ec153ea3637,0
/path/to/PANDA/features,2352,3ca86b49aa2b914b30f2dd25c0431b9c,5
/path/to/PANDA/features,2353,3cb4631d3f2db61bfa503633d37dc45a,4
/path/to/PANDA/features,2354,3cb832450f38c16278b3c78d15f7be7f,0
/path/to/PANDA/features,2355,3cc67455d9062474ce93c37a0be18240,0
/path/to/PANDA/features,2356,3ccec5ef9dcb8b71c538f0e893f1d563,0
/path/to/PANDA/features,2357,3cd682696983016f0c33b2ad85cb3772,0
/path/to/PANDA/features,2358,3cd794a0d73dfa57584678c555db2251,0
/path/to/PANDA/features,2359,3cdd1b5804ca615f07b0da831a6cf368,0
/path/to/PANDA/features,2360,3ce5f7d0e516baf38c6f8e5a72813a1d,2
/path/to/PANDA/features,2361,3cea837349a8bd7fb89ed01883f149ea,0
/path/to/PANDA/features,2362,3cf6ba5c92566d079b14948153e756da,0
/path/to/PANDA/features,2363,3cffc0a753d8225be623b0660c597d2d,5
/path/to/PANDA/features,2364,3d05e312c2ec21ab6826e0e3c729bd60,1
/path/to/PANDA/features,2365,3d0d0276329277a86602012ae703b1c5,1
/path/to/PANDA/features,2366,3d0fd9f2d0044ce12d01fd6eeeb32161,3
/path/to/PANDA/features,2367,3d1e7a445ec9a7dce5e55abb78781577,0
/path/to/PANDA/features,2368,3d334ec1be0544fd6fff794a77631eef,0
/path/to/PANDA/features,2369,3d3988b1b72273ee018b40c5acd51e43,5
/path/to/PANDA/features,2370,3d3de59a9cdafdb58eb5ffde8dab8d70,2
/path/to/PANDA/features,2371,3d478da1e66bfacc7567914809447099,5
/path/to/PANDA/features,2372,3d4bec36220d43b0af5c5ea0725e9f32,0
/path/to/PANDA/features,2373,3d4cb6729fd4c519f65029c56605aca3,3
/path/to/PANDA/features,2374,3d4cd7d76ac3fd28bcb64af6e7a4ad9e,3
/path/to/PANDA/features,2375,3d4dfa23ca380f4883de30231e679fe0,2
/path/to/PANDA/features,2376,3d5b16b57612afc445ab30c74f2b6972,0
/path/to/PANDA/features,2377,3d667d7f5829b3d76b3b0cc52bd71719,2
/path/to/PANDA/features,2378,3d6722eef724e54d6e4847d091c50c3c,0
/path/to/PANDA/features,2379,3d7a6ed3325520d2325441bb3ede70ea,4
/path/to/PANDA/features,2380,3d7c76e3d1106d038356561b67b4ac1a,0
/path/to/PANDA/features,2381,3d8afdc0aaa84acf0f6dec7cc35415b7,1
/path/to/PANDA/features,2382,3d8d028bd6c5663eb4721bd74002000b,5
/path/to/PANDA/features,2383,3d90101372c0551439a5c64d1e5dd03c,3
/path/to/PANDA/features,2384,3d942bca61ac77578a03d8405dab4af4,5
/path/to/PANDA/features,2385,3da455f62efb63e1e64c998ce6b40333,1
/path/to/PANDA/features,2386,3da913b3f89eefa02a90c878ebc4c3ae,5
/path/to/PANDA/features,2387,3dab3238ef15a3c5b3d43e0b777073a5,1
/path/to/PANDA/features,2388,3db32216102af6f7106c9124bf71d097,3
/path/to/PANDA/features,2389,3dc568b37b7dbf893932e40949dc090c,0
/path/to/PANDA/features,2390,3ddddcb8b9a9dd8c0679264f8173c2f6,5
/path/to/PANDA/features,2391,3dde322f1be699760d69795509fc8ea0,2
/path/to/PANDA/features,2392,3df74d2fbfaa978ea7dddd31ff05f9f2,0
/path/to/PANDA/features,2393,3df9fd5c97b9d9a7a92c284a5df2117e,0
/path/to/PANDA/features,2394,3dfa9dbf281ea9ef42e05cbdc03bf290,1
/path/to/PANDA/features,2395,3e07800d6b2beb390b39f0c534bfd719,0
/path/to/PANDA/features,2396,3e0ffdd220288ab384e08bcb9b46b843,1
/path/to/PANDA/features,2397,3e1160cd1ee5bb7c72a9ab1b5837eba2,3
/path/to/PANDA/features,2398,3e28c4f7e177ff4bd6d5b6c32a15d28b,1
/path/to/PANDA/features,2399,3e34f7387c8287fd7c6cca202b0aacea,0
/path/to/PANDA/features,2400,3e41f9ccdb229ca569a863db0ba32278,0
/path/to/PANDA/features,2401,3e507aaa776e4fb7b43b007a45656067,1
/path/to/PANDA/features,2402,3e508c22af058baeb48beebd9b03be01,0
/path/to/PANDA/features,2403,3e52207d9b9e15dd09d12b56f67d00b4,0
/path/to/PANDA/features,2404,3e526b460db033d30d9860e2a20107ee,0
/path/to/PANDA/features,2405,3e5bee4290a7ad08e44522df7ed98763,3
/path/to/PANDA/features,2406,3e5fc2e7be262fb77362fb82e4850774,4
/path/to/PANDA/features,2407,3e6dd2bc9d2476081714e4772525f9f4,0
/path/to/PANDA/features,2408,3e6e4a8f49b190ff3656c6cb85dae975,0
/path/to/PANDA/features,2409,3e6e9a534a8d92999185e99dc4293bee,0
/path/to/PANDA/features,2410,3e732d5a09c2dda7ecdedc6662475e90,5
/path/to/PANDA/features,2411,3e82e6ca41e6bb8dc98c7006d5ccdba4,0
/path/to/PANDA/features,2412,3e8bd1b2ba7150e058216de2fe2bb3fc,4
/path/to/PANDA/features,2413,3e96addcbf4c1869d8f520348646cd60,3
/path/to/PANDA/features,2414,3ea2b7849d7ce4fccad168565e8e669e,2
/path/to/PANDA/features,2415,3ea2cc78e880904c398deb6d51adc136,2
/path/to/PANDA/features,2416,3ea446fb35b118a634e5f5ce509f672b,4
/path/to/PANDA/features,2417,3eadfdb7feb929568275aab75c0c0710,3
/path/to/PANDA/features,2418,3eb04543a5cd878e7590ac3e453d1b2d,0
/path/to/PANDA/features,2419,3eb6557970969fb02f3429f7ba779c4c,2
/path/to/PANDA/features,2420,3eb78cf9f0a6b4e56e8299d79ab0c1bf,0
/path/to/PANDA/features,2421,3ec245a98fd9d114e1d6d6caaf9c7813,0
/path/to/PANDA/features,2422,3ec4b92b80df9b4dfa40abb1eee33f80,1
/path/to/PANDA/features,2423,3ec6c7eb5ad53fd8a1641433ddf33eb6,0
/path/to/PANDA/features,2424,3ec8cdd4bcb971eea9c54d7dd1a49e1c,0
/path/to/PANDA/features,2425,3ecbfb149b69ee6e88c4d9c0b9e281a1,0
/path/to/PANDA/features,2426,3ecd13e82ee7dedd1ae1749a16cac7a1,3
/path/to/PANDA/features,2427,3ed23a08a9d7631f2bb25c3dd0cf327c,2
/path/to/PANDA/features,2428,3ed6a37e2e5a9a48ebfe9a8f6e2f1a39,5
/path/to/PANDA/features,2429,3edccb2b905b03511825b5413f1ddce0,0
/path/to/PANDA/features,2430,3ee16cef000a96c344248a90e5cfccd2,2
/path/to/PANDA/features,2431,3ee71993acdc2ab83790ea25fafe319d,1
/path/to/PANDA/features,2432,3ee83e295ae1fca3fbee89fb67666bc1,2
/path/to/PANDA/features,2433,3eea18b89ad8caf07946476d89a7aa8a,1
/path/to/PANDA/features,2434,3eee912c7daba1d6c5c6968ef71b5570,1
/path/to/PANDA/features,2435,3eefb47612f9bce4c2acae49d23cad0a,0
/path/to/PANDA/features,2436,3ef789f8caa7186261ad9f77bb552c7a,1
/path/to/PANDA/features,2437,3efcd150bd22aecb8a7d7899dc11b27c,1
/path/to/PANDA/features,2438,3f073ebf519dc67cc0a6d2aa04f9cc11,1
/path/to/PANDA/features,2439,3f09402aa669e0e9f91b7f158c8708cc,2
/path/to/PANDA/features,2440,3f0c4e9f8fb3b846e49bb1ca2b3021ef,2
/path/to/PANDA/features,2441,3f156d535f158d7a4370cf836520b185,0
/path/to/PANDA/features,2442,3f1932eefb6de2c9b6666565a6b93765,2
/path/to/PANDA/features,2443,3f1eb8236e85a6f701f658153f4ecfa6,2
/path/to/PANDA/features,2444,3f232e619560395c4a99f858d76fb5d7,3
/path/to/PANDA/features,2445,3f25ae1c52492381eea3fdf0c269ea0e,0
/path/to/PANDA/features,2446,3f316d47791713e958f9383d049de6dc,1
/path/to/PANDA/features,2447,3f3aba7575fc6aed6c5512cfa3c11e86,3
/path/to/PANDA/features,2448,3f3ea480b6f8748d6e826f1c1d6474e3,5
/path/to/PANDA/features,2449,3f3f6a1f515cd9ae79e323a4759f0888,3
/path/to/PANDA/features,2450,3f42a18d856e04de46dec49a7adb376a,1
/path/to/PANDA/features,2451,3f42a3c5105925a052581c70ac7fefff,1
/path/to/PANDA/features,2452,3f434f364fee7d817d8a7f32364670c4,0
/path/to/PANDA/features,2453,3f452dab89968d231cf7730cf8d9178e,2
/path/to/PANDA/features,2454,3f47454ead9fcb0cdca1638d557a0954,1
/path/to/PANDA/features,2455,3f5262c62f0dc21f1d0a331616428f5f,0
/path/to/PANDA/features,2456,3f57013cfe0c23cf57b5039a590b306a,4
/path/to/PANDA/features,2457,3f5ace05ae2e2cee322fdee09da53f0a,2
/path/to/PANDA/features,2458,3f5bab6cda2430e7cdf7ab27566599c8,5
/path/to/PANDA/features,2459,3f638d3c10fa933ab5f71af5eece1d2b,0
/path/to/PANDA/features,2460,3f6bcb7f394cd841f7eb69b7d0786f9a,5
/path/to/PANDA/features,2461,3f73471876577f909fcf6464ca0cd25a,1
/path/to/PANDA/features,2462,3f7aa0cadbf025a6bb6d728412e6e100,1
/path/to/PANDA/features,2463,3f92431272720b409a74cec554e2573f,3
/path/to/PANDA/features,2464,3f96a2dc128a82c1a8826385a23cd1cc,0
/path/to/PANDA/features,2465,3f9f4281ff7b4f7de85986680ad239ef,0
/path/to/PANDA/features,2466,3fa1e5427fd312f27072d99cb14a63d3,2
/path/to/PANDA/features,2467,3faad4959dbc001b2529a158822193df,0
/path/to/PANDA/features,2468,3fb4a2a819569ea4605fcaf4349bd2a4,5
/path/to/PANDA/features,2469,3fbe2ab4f1952e0ffa467c88154b5b14,3
/path/to/PANDA/features,2470,3fc7575b9b8a667c684a278415868b4a,1
/path/to/PANDA/features,2471,3fd0880e1ae00b12e9b5c4022286e180,0
/path/to/PANDA/features,2472,3fe714b813af46964b35be3b5dd066af,2
/path/to/PANDA/features,2473,3ff30b9406f4c44c9b8dba47615f1fca,0
/path/to/PANDA/features,2474,3ff66cdd5153f0dcf3edff969f38dd66,0
/path/to/PANDA/features,2475,3ffc717414973b70eeebb9fb3d273c5d,2
/path/to/PANDA/features,2476,4002b1133f43037e87085d13da0db7b7,2
/path/to/PANDA/features,2477,4003370eebb3027fb2f1213afd7537af,0
/path/to/PANDA/features,2478,400be2106c2e1d3b4a505b075f9c3943,1
/path/to/PANDA/features,2479,4010e2f5597c66cfedeff01bf890fac4,0
/path/to/PANDA/features,2480,401125cfff3d551db4dbd096e9eb1f08,0
/path/to/PANDA/features,2481,4019c455d02fc04d8b1ce42e32baa71e,0
/path/to/PANDA/features,2482,401b94094eae879be1760beada10743f,1
/path/to/PANDA/features,2483,401c18c4391e1550b5b2718a2493e261,1
/path/to/PANDA/features,2484,4020266ddfa512a56569cabefdf652dd,2
/path/to/PANDA/features,2485,402e98804850c7e2ba7fc6d4f7e9ba99,1
/path/to/PANDA/features,2486,402fa51bb615b1a88200c65ce22c76fe,3
/path/to/PANDA/features,2487,4031bad3ffbcd79f42330f3853bec9b2,4
/path/to/PANDA/features,2488,4035885f764d0e277b0a7f058711c6ba,0
/path/to/PANDA/features,2489,403b430abd712f623f549ec1bba52c4d,0
/path/to/PANDA/features,2490,404702c384b622b8bded2b8ab146ad93,0
/path/to/PANDA/features,2491,40518fec8d209aefe091ede58473d00d,3
/path/to/PANDA/features,2492,4056ca62c7372fc17eb1cb55d58f0866,5
/path/to/PANDA/features,2493,4059e344d07af05771b57fc3c89a7549,2
/path/to/PANDA/features,2494,4062ce560462d86b1958be7fc155d9ce,1
/path/to/PANDA/features,2495,406a55527c14d8c90521997d19023a51,1
/path/to/PANDA/features,2496,406a9e1224e5795fdaaf3424b8c593f7,3
/path/to/PANDA/features,2497,4096244b63ae69345283dd7bad8609d0,3
/path/to/PANDA/features,2498,409a4a93c34c808803f6f2059e1161bd,5
/path/to/PANDA/features,2499,409d6815cecdf483be748a75c63c0b2e,1
/path/to/PANDA/features,2500,409e74b9a87ea9dda44a304a89eb4ef9,1
/path/to/PANDA/features,2501,40a7138f52ba6bcb66a4cdc432280261,1
/path/to/PANDA/features,2502,40b2f139228855bf5f5551e8bd872ef5,1
/path/to/PANDA/features,2503,40b5f6642d5ce531ebf51929eb9c0cc8,4
/path/to/PANDA/features,2504,40b77e31c4eb3d38482d0670f27fd17c,1
/path/to/PANDA/features,2505,40b8995e152c9965d198d7edb5932121,0
/path/to/PANDA/features,2506,40be6eabc1be4bd88eabd38aa07ac9ca,0
/path/to/PANDA/features,2507,40c4b095b9c36b452a0de20e95f04969,1
/path/to/PANDA/features,2508,40d11d4b3f2f7086bc1622e6b5bd929a,2
/path/to/PANDA/features,2509,40d6e4442b79b10865ca062d189c8913,1
/path/to/PANDA/features,2510,40d72d6f5f5d4f243e448d8ff1838f2e,4
/path/to/PANDA/features,2511,40d8910aae2678a68e643f3e01cceb1d,0
/path/to/PANDA/features,2512,40ec1569058af6c26f95522ccfd30693,1
/path/to/PANDA/features,2513,40ec573c084bacfe58e8f073660c2a30,1
/path/to/PANDA/features,2514,40f53e192b5ef10af5d9f176cb1705bc,3
/path/to/PANDA/features,2515,40f620868c9f202a2cf669e4f20ffcf3,0
/path/to/PANDA/features,2516,40fe12c95fcb153affac97575937819b,0
/path/to/PANDA/features,2517,4109239802a75ae8b59ea12c6f0a31b8,3
/path/to/PANDA/features,2518,410cba2621af8d087ca17589878129de,0
/path/to/PANDA/features,2519,410d4294d2a7981623f97ff5311dfa27,0
/path/to/PANDA/features,2520,4116d06d3791a21a4061bade884b4a75,2
/path/to/PANDA/features,2521,4128ca0e15f207127c2a25b9055ea07b,0
/path/to/PANDA/features,2522,413ad3ccfe919607104a59cf04f99aeb,0
/path/to/PANDA/features,2523,413e0e565b4dfd147f7acbf47c3d47ce,0
/path/to/PANDA/features,2524,41482ab4f8a95f09b3ceb53d4bda3f4d,4
/path/to/PANDA/features,2525,414b65b71e83147e249552f1bd31decb,0
/path/to/PANDA/features,2526,415003c963bf2f51f949fed42d5d7220,3
/path/to/PANDA/features,2527,4151b86419c21be19898dd73724a03c3,3
/path/to/PANDA/features,2528,4153de7e570031e2562b8ea98e963951,0
/path/to/PANDA/features,2529,415a318eda63d2293d526035108242dc,0
/path/to/PANDA/features,2530,41600356d224c0205ccaad8151e77a89,3
/path/to/PANDA/features,2531,416319e9adb8ee8ef939608e9ffa6962,0
/path/to/PANDA/features,2532,4166b08dab8537c35b51cb89616ef6e1,3
/path/to/PANDA/features,2533,4170f061044a480249355b4dcc4306cc,0
/path/to/PANDA/features,2534,41785d75132693f972b4f95b0f4e5e95,0
/path/to/PANDA/features,2535,41836cb954c6060c21cebcb9dbfffd47,0
/path/to/PANDA/features,2536,418aa1d085fe63ffb9c5510a9075f8e5,0
/path/to/PANDA/features,2537,418e1cef9d164228667371028ca7071c,5
/path/to/PANDA/features,2538,418e6b6e39af708710e1e497ca629ee8,3
/path/to/PANDA/features,2539,418e83f3130db21d5ff710a3ecae7d49,1
/path/to/PANDA/features,2540,4195422677dc2b79c2a9f2d7bc6bc3c2,1
/path/to/PANDA/features,2541,41a057757b0520ff53068b6dcce9731e,0
/path/to/PANDA/features,2542,41a67f858d0135f033183c8f2955e79c,3
/path/to/PANDA/features,2543,41a7f02bda7016398ff2d492d0f717e2,0
/path/to/PANDA/features,2544,41af23f874b24065edef2718cde47395,5
/path/to/PANDA/features,2545,41b01a396f04c9ad63b9382d91f05cb9,3
/path/to/PANDA/features,2546,41b5859aa0d162eb72387b3ee8a8903e,5
/path/to/PANDA/features,2547,41bfc11a16555808e8ddf2af836e6943,1
/path/to/PANDA/features,2548,41cd8bc4e00e30e50dcf91c09bb5c32a,1
/path/to/PANDA/features,2549,41d7b7080bd5422ea9e0539b9f085c3a,4
/path/to/PANDA/features,2550,41d8bdf4fa44175df755d930dd4bcf45,3
/path/to/PANDA/features,2551,41da5a69cd944b9556aef7d8829db011,3
/path/to/PANDA/features,2552,41eabdf6d7f3a3ac22d0f7a83aea1053,5
/path/to/PANDA/features,2553,41ec90343ef5c7b2c92e58d1ada4035a,3
/path/to/PANDA/features,2554,4201ba655b6456240e68e7122614e6a5,2
/path/to/PANDA/features,2555,4203ec2a8c71bf1876526fb0111b8235,0
/path/to/PANDA/features,2556,42045280ad96d543a1edb099b0b05940,3
/path/to/PANDA/features,2557,42091f4eed10b8f1e636ca353955c086,3
/path/to/PANDA/features,2558,420afbed1eae86101d12b1b18a7e02b4,2
/path/to/PANDA/features,2559,421bc0d45878fbe83068fb1923e3bffd,1
/path/to/PANDA/features,2560,421f3a986df6902d4d872a71bf93d6c5,5
/path/to/PANDA/features,2561,422a2040b0229adc6d3966e748805913,5
/path/to/PANDA/features,2562,422b4ad7f54156241e47124b3c6e0756,0
/path/to/PANDA/features,2563,422d0aeb811f23710ffe99ecc5233a77,3
/path/to/PANDA/features,2564,423cf46064b2e83b62917b06fca7057f,0
/path/to/PANDA/features,2565,424319cfd534025f2c40ec7e153077f1,0
/path/to/PANDA/features,2566,424695a2886897279fd2d40c394d7848,1
/path/to/PANDA/features,2567,42482ed25f9001ae44f6148432da91d7,5
/path/to/PANDA/features,2568,425d3b83fe4750a2ac67b978263995fe,1
/path/to/PANDA/features,2569,4265aee8b15166d7130624c24744c2b5,1
/path/to/PANDA/features,2570,426838ab9dbdfc35254b4f9cff7736ff,0
/path/to/PANDA/features,2571,4271f838ba2f13ffd46386db5248e904,5
/path/to/PANDA/features,2572,4274afab5a0dfcdb8296d351150a754a,3
/path/to/PANDA/features,2573,427e2f5197ac8705e9e1437907bb8dac,4
/path/to/PANDA/features,2574,427f804eef0ccf5d4f858288d6399c7d,0
/path/to/PANDA/features,2575,428f0c9a110cf7cae62d620a4306ceaf,1
/path/to/PANDA/features,2576,4290399b3f69139d9d35cd7b5da13266,5
/path/to/PANDA/features,2577,4296e0485cb7667462f260b27e572b21,1
/path/to/PANDA/features,2578,42a4d1519445a251149be56ff8d9ed12,3
/path/to/PANDA/features,2579,42bdc13df1e2910577c98462716c6075,5
/path/to/PANDA/features,2580,42c0d2324381e596483e201577d0d9b0,4
/path/to/PANDA/features,2581,42c97dfa8a8d7ab5ee5ddcc6a5c968da,4
/path/to/PANDA/features,2582,42cb31b9fc4dca6da8112c72600ce8e3,3
/path/to/PANDA/features,2583,42cb627feeceb770537e6c322c763dbf,0
/path/to/PANDA/features,2584,42cba36cc339e8195e9b1c0dd4f9796a,1
/path/to/PANDA/features,2585,42cf121581417ac7c84a4f8c4ed9b047,1
/path/to/PANDA/features,2586,42da4d27484cbb016c77518091277d7e,3
/path/to/PANDA/features,2587,42e82f9af1c127c73cb4845bb919ac86,3
/path/to/PANDA/features,2588,42ec055dc827cb138393c9ed767f9a21,3
/path/to/PANDA/features,2589,42ed3236c832fa436b51d774fda8f3cb,0
/path/to/PANDA/features,2590,42eede78f4743416e600783e0773d1c0,0
/path/to/PANDA/features,2591,42f5948e3b2a487ace2c9bf3ca7a5ff4,1
/path/to/PANDA/features,2592,42f8d6266e08cbeedcbb480e77ca0ec3,4
/path/to/PANDA/features,2593,42fb5621a7efec257508e6b08d959c3f,0
/path/to/PANDA/features,2594,430b5a7cdb95a3cfc6ff30bfb4de1ac2,1
/path/to/PANDA/features,2595,430d7fb12afa81a367453073a1dd899f,2
/path/to/PANDA/features,2596,431054766be0a31b6a652aa5d1caea41,4
/path/to/PANDA/features,2597,43111f9c3a9aca9f3b1daf09f392f3c8,3
/path/to/PANDA/features,2598,4313f4ba54009133d60474a50f5286ac,1
/path/to/PANDA/features,2599,4318a5e5772810d926a7c82899c772d2,4
/path/to/PANDA/features,2600,431f5c9fb72ec0ec067c942a0ae01812,1
/path/to/PANDA/features,2601,4323ac4da38573dd8e35cb58fbe53c3b,5
/path/to/PANDA/features,2602,432589e7402d6d79d3d37131db002d54,2
/path/to/PANDA/features,2603,432757c5b256f8e55d71863b486c89ee,1
/path/to/PANDA/features,2604,43276423852d930b27c86103e63d8288,2
/path/to/PANDA/features,2605,4329ecc226ab6eaac30528500da78995,0
/path/to/PANDA/features,2606,432abc4bb7e9413b738f13e982b11868,1
/path/to/PANDA/features,2607,433a1eea85c4450c1814a8ad781ff244,0
/path/to/PANDA/features,2608,433f2b1a2fae8d5143c1b5d7e63d3ec1,0
/path/to/PANDA/features,2609,434832e9d4adaa4aa96cb3ede61d66e3,1
/path/to/PANDA/features,2610,4351d8299a773ed099cc12148b61fefd,0
/path/to/PANDA/features,2611,4352e4e84a3360c5d49b6c51c3646c45,5
/path/to/PANDA/features,2612,435661930d09e42e5217033238c404c0,0
/path/to/PANDA/features,2613,435734d7f2f72864a59c326150f06909,0
/path/to/PANDA/features,2614,435a306cba979f69d8502d354592d020,1
/path/to/PANDA/features,2615,435ce6d7adf098d42bd81b8ab1b6afd6,1
/path/to/PANDA/features,2616,435f5526bfee811bcd4bbf54ad40b600,5
/path/to/PANDA/features,2617,436b91d1faa3d2c896f31e1b91b868a3,4
/path/to/PANDA/features,2618,436fe677570dbf833a4298a1f0346edf,0
/path/to/PANDA/features,2619,436fff2e0e75ea2ef844b57d88d3c212,5
/path/to/PANDA/features,2620,4375505cc90a8de4e82c267a1d2f97f4,0
/path/to/PANDA/features,2621,4393d46b83d4747ed613d11040dbffed,0
/path/to/PANDA/features,2622,439d66d2d3cb43a3208fd15917941334,1
/path/to/PANDA/features,2623,439faf5e0a62463b01271742a9fb78b5,2
/path/to/PANDA/features,2624,43aeffda3443f02792ab71c8bc4ea6d7,3
/path/to/PANDA/features,2625,43b6a97c91c43fd8cd8a66210e2dfce5,1
/path/to/PANDA/features,2626,43c2e485e4b5b12e1e5da69bcff065a4,1
/path/to/PANDA/features,2627,43d1869ae02754e6a5fd2ff02ebab94c,1
/path/to/PANDA/features,2628,43dd1d762afad36444938fa931630a93,3
/path/to/PANDA/features,2629,43f1934ed5821f2b4897e6535b432668,4
/path/to/PANDA/features,2630,43f7943591b6d78cf4ddec563d020487,0
/path/to/PANDA/features,2631,43fb03bd110f08e7c36fcbfcf43feccf,4
/path/to/PANDA/features,2632,441265c6b4598e9bcd10bc10eb6293cc,3
/path/to/PANDA/features,2633,441b527337da4319cf700b6e7da9fa0c,1
/path/to/PANDA/features,2634,44299aba6cb876f916033c3fbba60ea2,1
/path/to/PANDA/features,2635,44350cd9c0b41005308e65c2d9ee8ac1,0
/path/to/PANDA/features,2636,4440238097875a7ffcaeda8d7cdc420e,1
/path/to/PANDA/features,2637,44439e60b5aed8d4d933254a6248de50,4
/path/to/PANDA/features,2638,4444987df780434b2dba8306b086fd64,1
/path/to/PANDA/features,2639,444dad085af757af17180f00e77fc1f3,0
/path/to/PANDA/features,2640,444ea9591c618ea3aa47ca894c85c339,4
/path/to/PANDA/features,2641,444ef94933b8b3cf2560688a9dadc004,3
/path/to/PANDA/features,2642,445cf98409d19e5044546b0a46e5c4c8,4
/path/to/PANDA/features,2643,445d5d7f60a018ce7be8c09b2af9012d,1
/path/to/PANDA/features,2644,446664c5c1545096585825aad5bc9310,3
/path/to/PANDA/features,2645,4466722a9c574e8572224b7e853d4f53,2
/path/to/PANDA/features,2646,446c3b4a2ef50d763c8f2f0546bac208,1
/path/to/PANDA/features,2647,4470d180d87a7ef590c3979b0069c96a,2
/path/to/PANDA/features,2648,44763cd60166db3c15077ca5ac0d1a28,0
/path/to/PANDA/features,2649,447ceabf87de7431032ef708132594d5,5
/path/to/PANDA/features,2650,447ecc048098b19ca337690c94c59f0c,0
/path/to/PANDA/features,2651,448886cc21e672bbf711badd2d5b01da,0
/path/to/PANDA/features,2652,448c6141f62a4571531991cde88eb331,1
/path/to/PANDA/features,2653,448f3adf7d04225d6e14ace5d1776748,0
/path/to/PANDA/features,2654,449eceb8af969d35147598b1ccb828f5,0
/path/to/PANDA/features,2655,44a0e59d540e47bd78f739e49f4b0680,5
/path/to/PANDA/features,2656,44a18e239f8354b5347d91855a2508bd,4
/path/to/PANDA/features,2657,44ad3d75a543fb590a02a328811a8d51,5
/path/to/PANDA/features,2658,44bd92639cb37e2cc41d253bc4671241,4
/path/to/PANDA/features,2659,44bf5f6b5fe8e1928f3a5037175b6972,0
/path/to/PANDA/features,2660,44c5c8997f5302614e8f245c86611d84,2
/path/to/PANDA/features,2661,44d1baf3f558ceb7cad8400079178649,1
/path/to/PANDA/features,2662,44d8195408cf47c03270035175e63a05,0
/path/to/PANDA/features,2663,44dc73a9af8cd93c44706b4152bb449a,1
/path/to/PANDA/features,2664,44f1555353574ac79ce07ae55f40a932,2
/path/to/PANDA/features,2665,44f20df33112cfc1ae49f18ee2efc913,3
/path/to/PANDA/features,2666,44f60ac5d5d82e5c72d077e50701863d,3
/path/to/PANDA/features,2667,44fa7e7bcc30222e8313bb28bbbf3b73,3
/path/to/PANDA/features,2668,44fb31e98723b6a45e5dd357d24c5587,5
/path/to/PANDA/features,2669,44fe9866a8fbfc80642bd800e2e4954b,2
/path/to/PANDA/features,2670,450f03b3f86c156365c1f7ef8e38f995,4
/path/to/PANDA/features,2671,4517c109e23cf3b572373db82b519303,5
/path/to/PANDA/features,2672,451b173c2c31ffe1cdd3528da102b3f7,5
/path/to/PANDA/features,2673,451d251fb7dcce75e181862493d77c0c,0
/path/to/PANDA/features,2674,45206c040b197610a589574d0345f7ba,0
/path/to/PANDA/features,2675,4520cef8cba78d1b80ed7de894c416b5,2
/path/to/PANDA/features,2676,4529b55616610e6206384be8245d1238,4
/path/to/PANDA/features,2677,452eca104841c28098e3ea454f9626c5,1
/path/to/PANDA/features,2678,453dc2fc4fc4115d00bf6a44d4311952,2
/path/to/PANDA/features,2679,453e291d3376b4563d711e4c2208cd0a,1
/path/to/PANDA/features,2680,4553598eba61406c043f292719d1b696,0
/path/to/PANDA/features,2681,45536830c0c451c9397571656c5f36ce,2
/path/to/PANDA/features,2682,4556ea2541ab33c9fb2461d1aeed2bc6,1
/path/to/PANDA/features,2683,455df8e93ef98ef8de25cf3bcc9d321f,1
/path/to/PANDA/features,2684,4567ef540fb74d70047dbd2010e13c1c,1
/path/to/PANDA/features,2685,457db79e5e10857212057da87a95f066,1
/path/to/PANDA/features,2686,458b3e1c2f1f56179d89fec4d56bd8d6,0
/path/to/PANDA/features,2687,458bcc2e21a2359ff2e4013522bc40b0,1
/path/to/PANDA/features,2688,45910500e405b732fd6c0d50c921e3f4,2
/path/to/PANDA/features,2689,459154b1334d073cfef8af95362a7051,0
/path/to/PANDA/features,2690,45960112d5ceb77e4e61c68028bfb160,1
/path/to/PANDA/features,2691,4599ff734c6e613e38adc41ce8f798b4,0
/path/to/PANDA/features,2692,45a7e6d72747faea42960c2f8d8b87ad,1
/path/to/PANDA/features,2693,45a9246ffe8005b732769f04824dca96,2
/path/to/PANDA/features,2694,45a9d45f2407a6c68d665e2327f82cb0,0
/path/to/PANDA/features,2695,45abd719007c004e8b172a18bac7d2d1,0
/path/to/PANDA/features,2696,45b107368018ae2d6174aa5c1c6aa29c,1
/path/to/PANDA/features,2697,45b722a9c968f995fcc13d1e59cbcc88,1
/path/to/PANDA/features,2698,45b99a45cfdae3158c6de1062c90055d,4
/path/to/PANDA/features,2699,45bc46a31180f65994e37850418e237b,5
/path/to/PANDA/features,2700,45d0ddf0aeb9b7f3c8e6c19c4405ac99,3
/path/to/PANDA/features,2701,45d223ee70909ce1839b31a988beec22,2
/path/to/PANDA/features,2702,45de9b11fe9e7be0cfa1501034111d11,1
/path/to/PANDA/features,2703,45e450648c66601b514e55a12ef4fb65,0
/path/to/PANDA/features,2704,45e4d790cac8e1728ee364ea0d31d1c5,1
/path/to/PANDA/features,2705,45e58b0ddd95fcf40dd592e293e301aa,1
/path/to/PANDA/features,2706,45f109ea3026f40eb2d44209791eb3ca,1
/path/to/PANDA/features,2707,45f1e53bd73fd85469bf5cfa5b197742,1
/path/to/PANDA/features,2708,45f89ece67e208657282b2dd46190aa1,2
/path/to/PANDA/features,2709,4600b8e6025b7af1836bedf33e2b5c66,2
/path/to/PANDA/features,2710,4607eab3c100ba73a7815b20fb2f3cdb,0
/path/to/PANDA/features,2711,460b108f9429430e435d2b25e8bdb251,3
/path/to/PANDA/features,2712,46139ecde6bc5abd09e0dc4116c85fb3,4
/path/to/PANDA/features,2713,4616adffd18fb6175fe63bde2bff907c,1
/path/to/PANDA/features,2714,4621bcbbece53892b356cd1d7ca6d884,4
/path/to/PANDA/features,2715,46238218f38cd4ab08a945755fb5fc63,1
/path/to/PANDA/features,2716,46247d80557447a1ee718f12f1daba3c,2
/path/to/PANDA/features,2717,462839866ad252b9bbf2c34be653745e,5
/path/to/PANDA/features,2718,462c6bf7bbd0d05bb2d8b950a72bc891,0
/path/to/PANDA/features,2719,462d4231224f8acdc85dc9449f803a2d,4
/path/to/PANDA/features,2720,46376a1b1f9b346305dfbc259dcb0b03,1
/path/to/PANDA/features,2721,4639b28cdc127ee5809e2223d50035ed,4
/path/to/PANDA/features,2722,463b0017e84cfe5ed9e1e78c99a22554,0
/path/to/PANDA/features,2723,463d78544902aee6b2474a5baec29f9e,3
/path/to/PANDA/features,2724,4648da3952ca9db5259d110694b9ea8d,2
/path/to/PANDA/features,2725,464cd07657f6695896ac14c4d259df5f,2
/path/to/PANDA/features,2726,464d35ac0644183c0891abde15a042c7,3
/path/to/PANDA/features,2727,464f8dbd8b906717dd1eb94a344f7262,5
/path/to/PANDA/features,2728,465c28b0dd4df27225df502c010675c6,0
/path/to/PANDA/features,2729,466797748ce78808a1f948887f6d494d,5
/path/to/PANDA/features,2730,466a84e8d13813e7aabfe440f437d990,4
/path/to/PANDA/features,2731,4674372bd1be97535314d987e253a6c5,3
/path/to/PANDA/features,2732,46746de2fa12c4170dcc2eee96f63b0a,3
/path/to/PANDA/features,2733,467e6dae0cb2eb1af21e9cc3c602fde7,4
/path/to/PANDA/features,2734,467f8386fb72e5fe9970db33c8791302,0
/path/to/PANDA/features,2735,4681c871c48fa6b0e8621ead93d5d45a,4
/path/to/PANDA/features,2736,468a129567112962f29931a4f8131587,2
/path/to/PANDA/features,2737,4695453e7447f0c2266995c8dc4c0f78,3
/path/to/PANDA/features,2738,46a3684a20288bee24955dfd822422fd,2
/path/to/PANDA/features,2739,46ba7e08ffab2db7ec66bc84b2f7efbe,3
/path/to/PANDA/features,2740,46bda1c583bcc95f403dcffddfbf7578,5
/path/to/PANDA/features,2741,46bdfe8b48f921b057335e201445e4be,5
/path/to/PANDA/features,2742,46be6e1be662bfdb29d5040f980a9d1a,0
/path/to/PANDA/features,2743,46bfacbd9cbb1ec7c4cd069e234cec51,1
/path/to/PANDA/features,2744,46c96a0dd0b92dd0ccdc841ac9816719,3
/path/to/PANDA/features,2745,46d067b212c4dda9e6f87c8b82f22d79,1
/path/to/PANDA/features,2746,46de8984e7374ec2a14fe538720cf688,4
/path/to/PANDA/features,2747,46f1c6a77e6de339e042fbb6334ae713,0
/path/to/PANDA/features,2748,46f767c8c76697a603e52b56a33f86a0,0
/path/to/PANDA/features,2749,46fd2b305a7d998540ea08435804e825,5
/path/to/PANDA/features,2750,46fe664241802d718dbc4054a53e016c,0
/path/to/PANDA/features,2751,47043e84cc443828de9fbf077a936303,0
/path/to/PANDA/features,2752,470af261bcc43fceb068eb58692928d2,5
/path/to/PANDA/features,2753,470fe78b3e1c56bc1117d440c92b8c8f,0
/path/to/PANDA/features,2754,47170b061a28c7ed911a80bc733b7354,0
/path/to/PANDA/features,2755,4721d191d9f8a869dc31fd220e5bd1e1,5
/path/to/PANDA/features,2756,4726ffb66a6516baff6de98df2b5a26b,2
/path/to/PANDA/features,2757,4730b9f5b855da483a7c7a18c06c3366,3
/path/to/PANDA/features,2758,473554584a1ab1f83aa3e758b6c6238b,5
/path/to/PANDA/features,2759,473af71fb330ea26e33a3c24eaa14b6f,5
/path/to/PANDA/features,2760,473fe1a74a91897154a200ceaa48b4c3,1
/path/to/PANDA/features,2761,4747cb458c0eb0122fe1624184d3b2e0,3
/path/to/PANDA/features,2762,474f496f367f6208122c95f70015cbcf,4
/path/to/PANDA/features,2763,475053608918e891ebe8ae15861a3c7d,0
/path/to/PANDA/features,2764,4758f0c0f3fbcc8dee2d2c898b4c40f5,4
/path/to/PANDA/features,2765,476fcbf1978d1bca7e818ff1ff763ef0,2
/path/to/PANDA/features,2766,47791bc4ed9a7eb5329f4af7c4bbb84d,4
/path/to/PANDA/features,2767,477982a3712cc19ad8d146a741441ce4,1
/path/to/PANDA/features,2768,477aa0ab713992935286655f2798c8c5,4
/path/to/PANDA/features,2769,478261713d5379009e2f1be1ad3deb63,4
/path/to/PANDA/features,2770,479200a381febadfd767615fbe77c3ea,2
/path/to/PANDA/features,2771,47985c7cec659a0ca907c5c99266b440,0
/path/to/PANDA/features,2772,479c67e60b431a189c31e65be43f3741,5
/path/to/PANDA/features,2773,479d197a08b7290b7c5e1a44da8759b5,0
/path/to/PANDA/features,2774,479e2541da741a1bad39571b15c96a18,2
/path/to/PANDA/features,2775,47ba1e7344da00d621596e398521adf3,0
/path/to/PANDA/features,2776,47d2d79be7e67f1ead3b0443e5901aaf,5
/path/to/PANDA/features,2777,47d449fb0df8f85e9c7b2b31fe07b485,4
/path/to/PANDA/features,2778,47de9353032a12ede4ea28c8217b8a35,0
/path/to/PANDA/features,2779,47dfbb8880ec4668d2370c280d9f10bf,0
/path/to/PANDA/features,2780,47e7dff0be98580ee6d89d175a1084d9,0
/path/to/PANDA/features,2781,47ebeac86bb4d9eb51f2cb5ce110a823,1
/path/to/PANDA/features,2782,47ef18a50c1eaabc451a8083e0f6d4b7,4
/path/to/PANDA/features,2783,47f34de873955e8e03e954e3882d747f,5
/path/to/PANDA/features,2784,47f750f4872babd55dfbe6864811b5b5,2
/path/to/PANDA/features,2785,4800ba489b63f1cf36762ddef7683867,5
/path/to/PANDA/features,2786,480b4b3b0b1ec9ec41980ff45a5fbaa7,0
/path/to/PANDA/features,2787,480dc522c58d59f6a6eb7b5351352d16,4
/path/to/PANDA/features,2788,481683ac49436653f9185487ada8d978,2
/path/to/PANDA/features,2789,48173ebea068ee1f93d8fce98dce8e00,3
/path/to/PANDA/features,2790,48176351db9eb0d9066ac09610039e6d,0
/path/to/PANDA/features,2791,4817f7eca9697088d10623470bd5e7d2,0
/path/to/PANDA/features,2792,482229d3e8333944feebcc85b6b90823,1
/path/to/PANDA/features,2793,482c76db2009b85013b3ba7b9df83d67,3
/path/to/PANDA/features,2794,483aacf6bb16a630507001823262d1c6,2
/path/to/PANDA/features,2795,4840094b5f83d841f77859ed1ce6865f,0
/path/to/PANDA/features,2796,48440a60d18ab8e5a6f09de20a50bb27,4
/path/to/PANDA/features,2797,4848dd56a8f4a49a77f8535469b9de1e,4
/path/to/PANDA/features,2798,484c5b152bebfeb14de40f5d816237e4,4
/path/to/PANDA/features,2799,4858f73263019107826aab5c18e98114,1
/path/to/PANDA/features,2800,4859aea02180c9b02fbd1be4e538240c,2
/path/to/PANDA/features,2801,4867b2a030243b9079a0bf08db01cb03,3
/path/to/PANDA/features,2802,487ca72fd110eee2985954aeda10f456,4
/path/to/PANDA/features,2803,487dd5dc98d2980278b5be229dd56e60,3
/path/to/PANDA/features,2804,4887a40cb07de30eb1771e0d42ace821,1
/path/to/PANDA/features,2805,48896f2b866e9694586b3377025c4927,3
/path/to/PANDA/features,2806,4889d1102cccd3a96257d9966309d793,4
/path/to/PANDA/features,2807,48978e6f6ae7bcc2044599737aee9b8d,2
/path/to/PANDA/features,2808,4898a1bc6e036de7f2c3d31b2b574b84,0
/path/to/PANDA/features,2809,489959a384e66a9431292b744f47f295,1
/path/to/PANDA/features,2810,48a55edac048e97e80e63a7c55bf2afa,0
/path/to/PANDA/features,2811,48ace73483c38f13d786c4da72ecf25e,3
/path/to/PANDA/features,2812,48ae1bdf69446ba5fb0b7fe8fc2863c5,5
/path/to/PANDA/features,2813,48b90b806560b21a02cbfcea8a2b3977,0
/path/to/PANDA/features,2814,48bd47168b46db9cc22f1c4cdc1c0ade,0
/path/to/PANDA/features,2815,48c19698b16ee7d6f04ef2a1f7188176,1
/path/to/PANDA/features,2816,48c293293f88598d043cb59ebdab037b,2
/path/to/PANDA/features,2817,48c427f785410f88f8eddb1f1a13fa14,1
/path/to/PANDA/features,2818,48d8b71bbe9d91e9e3d8e97c376364f0,2
/path/to/PANDA/features,2819,48ddd1c648afd9123d83590f242a52de,1
/path/to/PANDA/features,2820,48df3ca910d365bdea427ed5b7c31808,4
/path/to/PANDA/features,2821,48e5314d7fd81ddf4224da446851ccbe,4
/path/to/PANDA/features,2822,48f2054b5ffbce7d1402c8a4fec625bc,1
/path/to/PANDA/features,2823,48f4ff8f16b57774f3d7a0b6fd8d2f73,1
/path/to/PANDA/features,2824,49028569e6f57627112e7c0c35480fa2,4
/path/to/PANDA/features,2825,490417dca347af4b988ecbe11c54db52,0
/path/to/PANDA/features,2826,490a74ec501de5be85b6e2b6d32d8514,4
/path/to/PANDA/features,2827,490bf9ff9c5e70a4562bc6b1ba33ad63,0
/path/to/PANDA/features,2828,490c134f47d483a880c183f85f66705e,1
/path/to/PANDA/features,2829,49133c1015b7f1695b6225f4b0f1985c,5
/path/to/PANDA/features,2830,491f1c9e8e27e4660ed001d968610ed6,3
/path/to/PANDA/features,2831,4921f0fef4b8adf1396b6eaae5b93cdc,0
/path/to/PANDA/features,2832,492bf65046ad2ac9f710930418b15a75,0
/path/to/PANDA/features,2833,4932f17e88988f2e6ce80c1fe627f390,0
/path/to/PANDA/features,2834,4940fe820c4c057f856ffa9618cb1985,0
/path/to/PANDA/features,2835,494a1bf06ff096d5949754b5d31f6805,0
/path/to/PANDA/features,2836,495141a4b5d6dc8067a636025981f25e,5
/path/to/PANDA/features,2837,4953f5a813043846c5e93b13adbcd1df,2
/path/to/PANDA/features,2838,49621f6f666d1c54b23d1616ac4beb72,1
/path/to/PANDA/features,2839,4968e5f9e8c2d58318e33902e4617575,0
/path/to/PANDA/features,2840,497419c137d260d9cad01b6e06c1c936,5
/path/to/PANDA/features,2841,49764620319a820dfd2e6738861b1aa0,1
/path/to/PANDA/features,2842,49773f4304bd7f8dd38da29dc89b004f,0
/path/to/PANDA/features,2843,497813868ecc84bc315997f428262cd7,4
/path/to/PANDA/features,2844,497b7731f13ad07c0afe2dd81c52e021,0
/path/to/PANDA/features,2845,497cc4009e9ae310b54de6412cbf8b4a,0
/path/to/PANDA/features,2846,497e1c9755641be4757136f16b8a8fad,3
/path/to/PANDA/features,2847,498406f8f2e057bd58e5ec040e78c3ba,0
/path/to/PANDA/features,2848,4986e447599c3957af4df8eb907613ea,0
/path/to/PANDA/features,2849,4989c79e165ce9eaae95f44820c11b6a,3
/path/to/PANDA/features,2850,4993f42b88cc2805541ac6c9fa444227,1
/path/to/PANDA/features,2851,4996dee45b988e6e90cdaac8d5efbe7d,0
/path/to/PANDA/features,2852,499ba86dbb86a2bad1ad16fd7e9dfdec,2
/path/to/PANDA/features,2853,49a0c86e2a3844bf8173990d5a5ad279,0
/path/to/PANDA/features,2854,49a2ed9b6af2a48a788b9dd6066bdb0a,4
/path/to/PANDA/features,2855,49ad3b1fca450036f56b4844f178b837,3
/path/to/PANDA/features,2856,49adfe9cc766f35827b1db55e01d8cca,5
/path/to/PANDA/features,2857,49b4a94bd361663636f85ad747ad0da3,5
/path/to/PANDA/features,2858,49b5f3ca83f207b2848770101cacb82f,5
/path/to/PANDA/features,2859,49baf3efa08649c094e80012393aaac4,3
/path/to/PANDA/features,2860,49cf4320931ec7b716d8782ce29c4549,2
/path/to/PANDA/features,2861,49db2dc6d2b8ec83e08ecb69182012e1,4
/path/to/PANDA/features,2862,49db41e3293630f0b1a566d7c9a8f07e,0
/path/to/PANDA/features,2863,49e6cd04adcc98a79f3d8ddb894b65ec,0
/path/to/PANDA/features,2864,49f0eacee68196c3e5b997ee6d82214e,3
/path/to/PANDA/features,2865,49f57da1e460334f4696a25245933d30,3
/path/to/PANDA/features,2866,49f730814453082b10d8fc713bd511ee,0
/path/to/PANDA/features,2867,49f832fb327a3f88db9c324ca8b1c6ad,1
/path/to/PANDA/features,2868,4a098862c27f299e7e674542148286b6,2
/path/to/PANDA/features,2869,4a139d2a586bba55c6389985432780ea,0
/path/to/PANDA/features,2870,4a13ec6df5b95b9161b6e4c9ca8de864,1
/path/to/PANDA/features,2871,4a17b334e64ab52c7861d0b251b4fa34,5
/path/to/PANDA/features,2872,4a1a331abf928c86ef9a260e09d0358d,0
/path/to/PANDA/features,2873,4a2a3bb75dc38efd9525cf96c379feb6,1
/path/to/PANDA/features,2874,4a2aec11bc2def9644ba9756f888ec24,0
/path/to/PANDA/features,2875,4a2ca53f240932e46eaf8959cb3f490a,1
/path/to/PANDA/features,2876,4a3cd784b891733e6f807e69a592e13f,0
/path/to/PANDA/features,2877,4a3e6e77b42a7e8f8b2dec472667bdbe,1
/path/to/PANDA/features,2878,4a40f41b4f18ff0dffee2fefbb19ed3f,1
/path/to/PANDA/features,2879,4a445aac57bd6e284f3ea4bd3ee9198f,3
/path/to/PANDA/features,2880,4a4926a13345cbedb54d6762e4ab0132,1
/path/to/PANDA/features,2881,4a59e501ec4f31216f6d08e5d4289beb,2
/path/to/PANDA/features,2882,4a617782fe5e92440236591606d83bef,4
/path/to/PANDA/features,2883,4a6e4585feeea9aed5244ccf0a214f60,4
/path/to/PANDA/features,2884,4a70265e5acaf4da5a9806d0644fabe6,3
/path/to/PANDA/features,2885,4a76cf6ae9a94a533b65c6a14ef464e5,0
/path/to/PANDA/features,2886,4a7a70d00251af024d70dab5a7e8d228,0
/path/to/PANDA/features,2887,4a7f326315f1b706434fd5314bd605d2,0
/path/to/PANDA/features,2888,4a9cfd2cec83d162bbcec685721f7b5c,0
/path/to/PANDA/features,2889,4a9fb957b8c5af5a98c8e8fbb70d2e74,1
/path/to/PANDA/features,2890,4aa3b5e41208988c1e018f2713b9e321,5
/path/to/PANDA/features,2891,4aa662f4c151c26677f662ab3d3cdf43,0
/path/to/PANDA/features,2892,4aa8963308d58ec77d216b3f4c60a9de,1
/path/to/PANDA/features,2893,4aaa6b030833ec19f2ccea7530fbfeb4,3
/path/to/PANDA/features,2894,4aac539cdb139eb4549013b591084c4f,0
/path/to/PANDA/features,2895,4aae2215d4d4ca911f61b2f159c188d5,2
/path/to/PANDA/features,2896,4ab63251f53c02b01c453a8408c169b1,1
/path/to/PANDA/features,2897,4ab8281e038c2ca2f391b11d65e4366b,2
/path/to/PANDA/features,2898,4abd945d8f4651d4c8c8204db470a005,1
/path/to/PANDA/features,2899,4abf4f8b4b7768af6eb06d3ef31b1e09,1
/path/to/PANDA/features,2900,4ac15366627e6d5d7aa11bf44511682e,1
/path/to/PANDA/features,2901,4ada62a4e80e0cc01ceac327b2f5c57f,0
/path/to/PANDA/features,2902,4aea6a7376cb4d0696c87776c511e9f5,1
/path/to/PANDA/features,2903,4aeefb17109509ee7eac25844586dbf5,4
/path/to/PANDA/features,2904,4b0b2d8f040c23df6320a2bd64fc85d0,0
/path/to/PANDA/features,2905,4b0c360cbabc0f5702b1066df05b1612,1
/path/to/PANDA/features,2906,4b0ef01c012aa7824c2f92984edb8210,5
/path/to/PANDA/features,2907,4b1312d9b5424760305a6430a174d8c0,0
/path/to/PANDA/features,2908,4b20d5c324f3ab64ff73f6ceb9d7d191,4
/path/to/PANDA/features,2909,4b223c776c0ddb0699d74f3334c1e5e6,4
/path/to/PANDA/features,2910,4b22c4bbfb4c64cb76db6f0319dacc8f,1
/path/to/PANDA/features,2911,4b249e89f5822184179af3aca0c0293a,0
/path/to/PANDA/features,2912,4b28ff0e84c4466e745db60b493b41fa,1
/path/to/PANDA/features,2913,4b2af68b112c6842e2fce65b9f69473a,2
/path/to/PANDA/features,2914,4b38723b387a432075f7cb3544172900,0
/path/to/PANDA/features,2915,4b3c861081c54ee9b470fababd46b0fd,1
/path/to/PANDA/features,2916,4b3f9fe89534fa5231f41be4a1a6c739,5
/path/to/PANDA/features,2917,4b446d90784478ad6a0840b6382b8710,1
/path/to/PANDA/features,2918,4b4d285f54bf258327be795dba6ad9e7,0
/path/to/PANDA/features,2919,4b52b93ed731f336f444a24e1bf2dca2,3
/path/to/PANDA/features,2920,4b5ed09dd73806cd9fde2c5f7808f913,3
/path/to/PANDA/features,2921,4b6acd6c2e0bbb54e988ca7093d312eb,1
/path/to/PANDA/features,2922,4b6bda9f84d5ceb4ba81db95e382933c,3
/path/to/PANDA/features,2923,4b6ed79396add87dafb5a4d6846c6972,3
/path/to/PANDA/features,2924,4b746fda943de9f7e620be0933bc9d27,1
/path/to/PANDA/features,2925,4b77f015acc40c7e39470f3ebb658818,2
/path/to/PANDA/features,2926,4b7e051415b19b60bff4ee689eefdc7b,5
/path/to/PANDA/features,2927,4b8f2f19d719f993efa1053dc6d0d47d,3
/path/to/PANDA/features,2928,4b9636cb1e3f5012072099379e9af72e,0
/path/to/PANDA/features,2929,4b992f28f2ad9809948ec801fee0078b,0
/path/to/PANDA/features,2930,4b9990a038b7b29a12d971fb17372c2e,0
/path/to/PANDA/features,2931,4ba2c9a9103bbbaa575dfb3b888dc195,0
/path/to/PANDA/features,2932,4ba91dfdc9e3dadbf2a947592ec3ac0c,5
/path/to/PANDA/features,2933,4baed07e2381293cb782253baea6056b,1
/path/to/PANDA/features,2934,4bb4bbbd6dec06f9938c52cbdfa0b1c9,3
/path/to/PANDA/features,2935,4bb86006d6608773f3e1de6f204a8ee4,0
/path/to/PANDA/features,2936,4bbe1ce0af3c904fd81392afff6c116e,4
/path/to/PANDA/features,2937,4bc5aa61ba3fdc8c4257a621fda84e6b,5
/path/to/PANDA/features,2938,4bd5c18dcdfe52d9b4cdc9a85199f5cb,4
/path/to/PANDA/features,2939,4bdf5f5b4c6230bf40cdd5b56d9529f6,0
/path/to/PANDA/features,2940,4bdfeb052093c3152b15636f2500e369,1
/path/to/PANDA/features,2941,4be06d7d1bc7ea4676a57de44d76f76c,2
/path/to/PANDA/features,2942,4be68ecd2fdbbf7a19ccb574950badd7,3
/path/to/PANDA/features,2943,4bf5a250183e162fdabe2e6080a46cce,0
/path/to/PANDA/features,2944,4c060e4c59fc571888ce448963cfa8fc,5
/path/to/PANDA/features,2945,4c0d7290c72b5495df6c337b1e5dee88,2
/path/to/PANDA/features,2946,4c21e2684e869a2ce2c3444d36193e8b,1
/path/to/PANDA/features,2947,4c25d8ba4a2ecabe2b69b901c994e2dd,1
/path/to/PANDA/features,2948,4c268d06891916dbc528a6de7d953819,1
/path/to/PANDA/features,2949,4c278673ab3ea6f8eaee1f311ff68685,1
/path/to/PANDA/features,2950,4c2b7a2554d56944bbd074abfd206134,2
/path/to/PANDA/features,2951,4c2cd386eaccb895f13687d0bb37c5aa,5
/path/to/PANDA/features,2952,4c4c624b8db2f481703c4ee6dea58bc2,1
/path/to/PANDA/features,2953,4c52ceaed5d168bffd8f2e0175a6ebbd,2
/path/to/PANDA/features,2954,4c547c4817c06b4e77da45768358eb98,3
/path/to/PANDA/features,2955,4c5cf9ea351bb8d1e584631a4d0425c8,0
/path/to/PANDA/features,2956,4c693e1a79d836ccf56cc3bb8fce8ac9,0
/path/to/PANDA/features,2957,4c6a0e8134aee15172b8e37dd7972680,2
/path/to/PANDA/features,2958,4c72ab6a23ced34d785ea2e413239639,2
/path/to/PANDA/features,2959,4c7a4bff88740fdb9736319e2169ef4e,1
/path/to/PANDA/features,2960,4c7ab20052bb5e2a11e998f4b8936898,4
/path/to/PANDA/features,2961,4c7bdcaec94446929471c97fa0c8088b,1
/path/to/PANDA/features,2962,4c7f11ab0f24d609ad5f655ee383a1fe,4
/path/to/PANDA/features,2963,4c86814c036b5c7f89f7872567b59be2,0
/path/to/PANDA/features,2964,4c95ef229b89310481150b90ba309460,1
/path/to/PANDA/features,2965,4c9894ef150c2661e2c1ad333542f058,4
/path/to/PANDA/features,2966,4ca150db7ce751d5a095fd41ba227c25,0
/path/to/PANDA/features,2967,4ca21d08bb5a350a586fca9867943535,0
/path/to/PANDA/features,2968,4ca8c78108ad4c25121b2893f61885e9,3
/path/to/PANDA/features,2969,4caa862898249617f3100a0b9cf3d5a7,1
/path/to/PANDA/features,2970,4cb0031225cf215b6566c3bcc004016c,0
/path/to/PANDA/features,2971,4cb2407fb053b89d54b59d0ba09aecc1,2
/path/to/PANDA/features,2972,4cb3100510a02886dd307a686bf4e4ea,1
/path/to/PANDA/features,2973,4cb433e030dfd0340d2bdced51425a4f,0
/path/to/PANDA/features,2974,4cbde67c6d4feb90b93497fa08b413f7,0
/path/to/PANDA/features,2975,4cc1691f988cd4596b2a38d1e64c18ce,3
/path/to/PANDA/features,2976,4cc466d486f1c68f746711866425db74,5
/path/to/PANDA/features,2977,4cca009687e182cad33fd58da6a15b1d,1
/path/to/PANDA/features,2978,4ccf0ed8147b12fd0214ef72b3f574b9,0
/path/to/PANDA/features,2979,4cdab67d4d6ca3e7e7fe50e250e2caab,1
/path/to/PANDA/features,2980,4ce48c81c3798a282d027de3a13cb9ad,1
/path/to/PANDA/features,2981,4ce70385b1b2a8d59d8d52f303e76285,0
/path/to/PANDA/features,2982,4cf118a3431367ed792a1a9444a948d9,2
/path/to/PANDA/features,2983,4cf55b23a96f8015915487ff129d585c,5
/path/to/PANDA/features,2984,4cfec0aee02aff3e05698f00c1c129f8,1
/path/to/PANDA/features,2985,4d048dd585259614c27e11431ec2c860,1
/path/to/PANDA/features,2986,4d05d7ab251d8f7aced4193b9f2a66ea,1
/path/to/PANDA/features,2987,4d13e4678b695a9b5e8793ba8ac8da2e,2
/path/to/PANDA/features,2988,4d16a16f6528437aac495b6428d9bf61,5
/path/to/PANDA/features,2989,4d1dc70143798d122476599ffc3df68b,0
/path/to/PANDA/features,2990,4d24fcac403f5bea73a53bc6289d9044,2
/path/to/PANDA/features,2991,4d2705aa958196b3234613240e395751,1
/path/to/PANDA/features,2992,4d30d4e5e4ad03b56b9125263caff7ee,5
/path/to/PANDA/features,2993,4d37cd687a4b6e52762a21f7e6b3f3c0,4
/path/to/PANDA/features,2994,4d3882bcb3cfa5661e84b381063d2917,0
/path/to/PANDA/features,2995,4d4b6d9c4e2ff4aef7674ac4ae960893,0
/path/to/PANDA/features,2996,4d4ba449d51b491a383e9c80c442cae4,5
/path/to/PANDA/features,2997,4d65e71e1e9562f67cebf7cfb462c5ae,1
/path/to/PANDA/features,2998,4d6ba6a91775bd4f88b2e2432daaf829,3
/path/to/PANDA/features,2999,4d6c76889d79e798e81658246e8b590e,0
/path/to/PANDA/features,3000,4d6ebb6d0906239b4a0836e250fef3b8,2
/path/to/PANDA/features,3001,4d729d269ecb5ccfde006fc7ad498280,5
/path/to/PANDA/features,3002,4d7b294147306e72c1cadc1b096b292f,0
/path/to/PANDA/features,3003,4d803d599e3aa34b4d4d97b0e3a6ff5b,3
/path/to/PANDA/features,3004,4d87ea697b26548b98d3591c5ebd5a4b,2
/path/to/PANDA/features,3005,4d891865079692c7dafac84d6e422bc1,5
/path/to/PANDA/features,3006,4d8fea743c615b679a4de32c4d8e87b6,4
/path/to/PANDA/features,3007,4d929aa6fe44ea0737891aff4f927818,3
/path/to/PANDA/features,3008,4d9c3e20ad441267152a9d36f61238ac,0
/path/to/PANDA/features,3009,4d9f14a6dab9f3df7a12bf708cb4aedc,4
/path/to/PANDA/features,3010,4da76442dc5402b98d767140b2661a58,5
/path/to/PANDA/features,3011,4daf2f3a2e1888094201c1fcb98fd7d6,0
/path/to/PANDA/features,3012,4db0a8e19ffe9e9358d2c64a760d44d1,0
/path/to/PANDA/features,3013,4db9a5906b55661f277770dee7a4e3c8,3
/path/to/PANDA/features,3014,4dbd4df023391ed642e6d59372c13d4b,0
/path/to/PANDA/features,3015,4dc06a02761e8bc34e417cbf3f53acef,4
/path/to/PANDA/features,3016,4dc731d30fb8010b313c357fa56459e3,0
/path/to/PANDA/features,3017,4dcd3e9109bd390a86bb0f72cfc80a8f,4
/path/to/PANDA/features,3018,4df489a9cfb4d30f8613a9dcdcdb6697,2
/path/to/PANDA/features,3019,4df50e072ddab1882a4795b15f3a7124,0
/path/to/PANDA/features,3020,4e043062905b6c64b1835bd9b22321ba,4
/path/to/PANDA/features,3021,4e11f7a0a2623f4e9f110e81c3bd9683,5
/path/to/PANDA/features,3022,4e1247214b51cb4a801fa001251195f4,2
/path/to/PANDA/features,3023,4e1702de80175bad5ba65290d3898d43,1
/path/to/PANDA/features,3024,4e1ea77ee544e8702ea538a2e5fd4877,0
/path/to/PANDA/features,3025,4e37964a1a7222e4cec7133f97377a0c,1
/path/to/PANDA/features,3026,4e38e2f4a243c8638d2a3077a5d4f6c5,4
/path/to/PANDA/features,3027,4e3f861386c391790eea8f0de4ab5015,1
/path/to/PANDA/features,3028,4e4ce0014805e5233656108980fc35a5,5
/path/to/PANDA/features,3029,4e5805c117559a84553665683578f1be,3
/path/to/PANDA/features,3030,4e5c75b501c348de7af7620dab9d783e,5
/path/to/PANDA/features,3031,4e6e65a0d88a155afa71221ceceee985,0
/path/to/PANDA/features,3032,4e7ab683d0ab7ea63aad20ce5fcbdab0,1
/path/to/PANDA/features,3033,4e80b5738f591c7d0d91889c2bdfd39d,0
/path/to/PANDA/features,3034,4e8d7f8d403847cc6c2f08d80f4ba223,3
/path/to/PANDA/features,3035,4e91bf38ee93ccd817df1e1bf599e095,4
/path/to/PANDA/features,3036,4e91e7b1e5dedb02b7b01daba1fea361,4
/path/to/PANDA/features,3037,4e92c661eb2a8fc107c4a69fcb72dc49,0
/path/to/PANDA/features,3038,4e94a11759c86bca9836e27cfd2fb670,3
/path/to/PANDA/features,3039,4e95048eb0c0413e5fc648b1447cf651,3
/path/to/PANDA/features,3040,4e978306ab3277fb0a1d62b802eb1054,0
/path/to/PANDA/features,3041,4ea43ff0fefba731d58e440e346aeec7,3
/path/to/PANDA/features,3042,4eb223e44d06eb8d9019a78c2e60969b,5
/path/to/PANDA/features,3043,4ebbb0e1da2ee61497432d8410567368,4
/path/to/PANDA/features,3044,4ec11bb76ae0ea613a8137379dfea508,0
/path/to/PANDA/features,3045,4ec6654ea6a3bb662c245cb0e45e6f6b,2
/path/to/PANDA/features,3046,4ecad8aefbc2ce6931baaee0cda6955b,2
/path/to/PANDA/features,3047,4ed29df24a54fba2e6ee2c14716c2e62,0
/path/to/PANDA/features,3048,4ed67b0a0bcbb6d69e596f84124a091a,0
/path/to/PANDA/features,3049,4edb7eed09d7198c868527ccd77e9a02,5
/path/to/PANDA/features,3050,4edba0c8cc0e39bac58aba99442b60a8,4
/path/to/PANDA/features,3051,4edeef3fc8d40f2f34d4a82cb13dc28d,0
/path/to/PANDA/features,3052,4eebdcabcf4d69a1b1b0f17db63ee02d,0
/path/to/PANDA/features,3053,4ef1c36d1a970ae4f2aeb47b14190afe,2
/path/to/PANDA/features,3054,4ef6decdc9422567eb07d8048f0febb6,2
/path/to/PANDA/features,3055,4ef93f78a475b96a782e869248ab2505,3
/path/to/PANDA/features,3056,4f0225311fecb076b043bb08715b7b46,0
/path/to/PANDA/features,3057,4f02c98de6b8540d695f300a2854b28e,1
/path/to/PANDA/features,3058,4f050d873038964b8be2a72d0d67f465,0
/path/to/PANDA/features,3059,4f066c3230d1e0d5f38a1837ea1a86e6,3
/path/to/PANDA/features,3060,4f06726cf77125734cf939b3ed5978ab,2
/path/to/PANDA/features,3061,4f0d03d08a5583138eaed5761f895d28,3
/path/to/PANDA/features,3062,4f168af41a521c3def05bbab5d3c2d5d,0
/path/to/PANDA/features,3063,4f24c43fc4538edab24c8a1b27c57e7f,4
/path/to/PANDA/features,3064,4f2dd6a27901e34c92e14dc4e853b7e9,0
/path/to/PANDA/features,3065,4f3009804e0c17dc7431a57a0d2e544e,1
/path/to/PANDA/features,3066,4f323a5ac8121588c5ddad88eef0f0e5,1
/path/to/PANDA/features,3067,4f39a9611ee346e4b00b151cda92bbeb,1
/path/to/PANDA/features,3068,4f5285ebe78a5683adfc861fc684baf6,3
/path/to/PANDA/features,3069,4f533826b961b84eb76169c1a94c61ee,1
/path/to/PANDA/features,3070,4f53892473ee239f9dc9d80047cb3627,2
/path/to/PANDA/features,3071,4f5d8deb371a225c6cc99994bbdcea4e,1
/path/to/PANDA/features,3072,4f690871ae38d75644925db80178e0aa,5
/path/to/PANDA/features,3073,4f6d00fc5062b2c16038af6558fb2cee,2
/path/to/PANDA/features,3074,4f6efdeddfa91dd6b14fd63b1949f0b9,0
/path/to/PANDA/features,3075,4f7296f162c6248fdd1e06f5aa5d6eb3,3
/path/to/PANDA/features,3076,4f745b85014ec7c571b4239dee6233cc,0
/path/to/PANDA/features,3077,4f7748b6eb69e97cb9c7d4c00cf3a1d3,0
/path/to/PANDA/features,3078,4f7b524ea37437c9dc146096f3494928,0
/path/to/PANDA/features,3079,4f7d297df486c7ce49e855d0471b7158,1
/path/to/PANDA/features,3080,4f8be0598beadee2e58f0531798384c8,1
/path/to/PANDA/features,3081,4f8ea724680d43c27a0a2f022fbee4d8,5
/path/to/PANDA/features,3082,4f8f6e4d549092291a273343351be5ba,1
/path/to/PANDA/features,3083,4f97dcfc7c82a6a16f8fdf3668ca22df,0
/path/to/PANDA/features,3084,4faa91189634933ba26fcb01a8804d33,1
/path/to/PANDA/features,3085,4fae900c0644c8418c2028629afbd4e5,4
/path/to/PANDA/features,3086,4fb0466bef8ba34cfb92cafa959f029d,5
/path/to/PANDA/features,3087,4fbcad209342f96710a73a57aa14a55f,5
/path/to/PANDA/features,3088,4fc7c067489da2964a49a63366b40409,3
/path/to/PANDA/features,3089,4fc84c3c665c970865284b352e2134e3,5
/path/to/PANDA/features,3090,4fc9b7a068848becc2f8cbf978bb393c,0
/path/to/PANDA/features,3091,4fcadcef9e166eca9ec5652633434ed4,0
/path/to/PANDA/features,3092,4fce030094773bdf132fd81c5febce40,3
/path/to/PANDA/features,3093,4fd91f9bac6085447210f42265dbcbdd,1
/path/to/PANDA/features,3094,4fdaffad21b20c5271266d8fa3e9487a,1
/path/to/PANDA/features,3095,4fdb930e10a03f26ab85cabf770b5ec6,4
/path/to/PANDA/features,3096,4fe6ff5410a3de6abc9aa769198ed26f,5
/path/to/PANDA/features,3097,4ff3969ded27b5fa1ea6dbeb7bdd8196,0
/path/to/PANDA/features,3098,4ff695dbae442434b502b0605fd14675,1
/path/to/PANDA/features,3099,5000abf0b5e24707cbad9f17e50db021,0
/path/to/PANDA/features,3100,5005f9cc40ba417daf4ceefa86fab751,1
/path/to/PANDA/features,3101,500aeddc89cbf4ee0fdc35bec81f756c,1
/path/to/PANDA/features,3102,500b90c3e7eba2e3b25818a8c1834d45,4
/path/to/PANDA/features,3103,500d4f7a12600df45965673dd4642d4f,1
/path/to/PANDA/features,3104,50138c55b4bcb6420982f982fef56c4e,2
/path/to/PANDA/features,3105,501403e5c13c7b86bc9312d087a6e490,1
/path/to/PANDA/features,3106,501d3573cecce3ad9086a63df9794ebb,1
/path/to/PANDA/features,3107,501e4c383b777dd289d4e4f49a6bcf0a,0
/path/to/PANDA/features,3108,501eb15b8ae1aa3507aaf0b3ba6ca231,2
/path/to/PANDA/features,3109,50203fbd5de280144cbb16749814a3fe,2
/path/to/PANDA/features,3110,5028df90f05b4843e904af64a32e3653,0
/path/to/PANDA/features,3111,5033ea72b9d1901a6450bb7d21a1b062,1
/path/to/PANDA/features,3112,50385e37db3576fbc30b26f7258921cd,2
/path/to/PANDA/features,3113,503da0f7a933c01e206780c0c7b21259,0
/path/to/PANDA/features,3114,50416fa0e1642f024c10c25c90ec5bff,4
/path/to/PANDA/features,3115,504412fae0060c9e33565ee870c5f9b3,1
/path/to/PANDA/features,3116,5044f516918074e89e36e0461be805f6,0
/path/to/PANDA/features,3117,50467a6acf3c242827713dc6dd1b5836,4
/path/to/PANDA/features,3118,5056766fb2f97d614c706d4f5d97d68f,2
/path/to/PANDA/features,3119,505c99086b5c2c2aff4bed177070fb1a,1
/path/to/PANDA/features,3120,506eec1a2c0a806ef10ff76a9934cfe0,5
/path/to/PANDA/features,3121,5071ecad7048bcc543cad7ed3f8496fc,0
/path/to/PANDA/features,3122,507ac341d0a68f80c382a8f1b9b2793c,3
/path/to/PANDA/features,3123,507bb5873324858d94e7ea6bd043fa66,2
/path/to/PANDA/features,3124,50859c64cc15c5cbe84c3d10a49ccbb3,1
/path/to/PANDA/features,3125,5088ad926fb0b20d97de089d851dfabd,2
/path/to/PANDA/features,3126,508c23fef3f24c9301f5b02aec0ffb10,4
/path/to/PANDA/features,3127,5098373560457463b80922a7357be23c,4
/path/to/PANDA/features,3128,50a159e2f93214ad4ebb0ec9c5d428f7,0
/path/to/PANDA/features,3129,50a2d366ac2a7467c3a7aea06cb1a676,0
/path/to/PANDA/features,3130,50b1cb7eae4f7c83e466f927bdc5574e,0
/path/to/PANDA/features,3131,50c1a18ccd556a1cc34f3b21e34fe03d,1
/path/to/PANDA/features,3132,50c4ba6278d1218afaf32150edaeb90b,1
/path/to/PANDA/features,3133,50c5fe8acdcd1ce4ddde5fec6e61c81c,1
/path/to/PANDA/features,3134,50d2485d0802f6b27cff432ed6f8be70,5
/path/to/PANDA/features,3135,50d777bdfa7218c5aa81bdf72fa1bdf2,2
/path/to/PANDA/features,3136,50dca6da456cc4a4970e94207fb9e8d4,4
/path/to/PANDA/features,3137,50e4e960102369eb7b271d3afe227ef7,2
/path/to/PANDA/features,3138,50ec3c5cb23d1b97d2b2566608d47c36,4
/path/to/PANDA/features,3139,50f2942a4d731666067eab3d0bf0011a,4
/path/to/PANDA/features,3140,50f74e7e621541065c3b5955d41782f2,0
/path/to/PANDA/features,3141,5102e1dcf0e7e165bc15966bc8062a12,1
/path/to/PANDA/features,3142,510375129659a7bf90d2b85b42ce1efd,2
/path/to/PANDA/features,3143,510932ca0cdcb0dc885ce987bc67387d,2
/path/to/PANDA/features,3144,510b8a17456853b447d70002bf5bac19,1
/path/to/PANDA/features,3145,5112ffdb6b267c33eb57cb47580d7bb5,1
/path/to/PANDA/features,3146,511a33b7aeb1153407ed2d55cae001c8,1
/path/to/PANDA/features,3147,5121187bc98e8e74d926c47644cdcf7b,1
/path/to/PANDA/features,3148,5123de8a47c1584b66fea313adb4e2d3,0
/path/to/PANDA/features,3149,512410e602e488f76eabc10127193362,1
/path/to/PANDA/features,3150,51241cdb2f2dfd0093b8448f4a0e00d9,0
/path/to/PANDA/features,3151,513540cba1445676334e1a17a3d95ff0,0
/path/to/PANDA/features,3152,513df48401c90bccafdf9546dc25909c,0
/path/to/PANDA/features,3153,514bd15da8c32fabbd07c8b00a147173,1
/path/to/PANDA/features,3154,514f766f399e03368682786c5d23f3e8,0
/path/to/PANDA/features,3155,514f894a5d88a2f7b8a36109c0caa4e2,2
/path/to/PANDA/features,3156,5153df72c43ac1de852e734075691c30,0
/path/to/PANDA/features,3157,51575a95f3abba1c044c63402ed9d219,4
/path/to/PANDA/features,3158,515c5c3ca6c92cd2a972b7a5d73c6ec6,1
/path/to/PANDA/features,3159,515ce34b358e95eb8f535cbe05fb025e,1
/path/to/PANDA/features,3160,51614a1f724e95ac43d0fcb6e990c759,5
/path/to/PANDA/features,3161,516598fef0cb4c22e42999b3df120e2c,3
/path/to/PANDA/features,3162,5166d94b7a25c6b05b399b16c65a2b6a,0
/path/to/PANDA/features,3163,516cace58eb8a41dd1dbdb65c2b5084d,0
/path/to/PANDA/features,3164,516f93fd6b07daa49fb374122d2664c3,2
/path/to/PANDA/features,3165,517132eda4a696009a058752af6e0c5b,1
/path/to/PANDA/features,3166,517b74706538c339b98d3d94e15b6499,1
/path/to/PANDA/features,3167,519da2cbc9327761dfc95ecdc9af3bfd,1
/path/to/PANDA/features,3168,51a08c0f649d0958cad761b47f6699af,4
/path/to/PANDA/features,3169,51aa1de7c4bbf08d3dacf37183832cbe,4
/path/to/PANDA/features,3170,51acf15cbc6a76eb67f442f1d9dfa7a0,3
/path/to/PANDA/features,3171,51ad0c34db40ecea345bd236745f03be,2
/path/to/PANDA/features,3172,51b79eb617718f11e64587422e6877b0,3
/path/to/PANDA/features,3173,51b9b885a29947706f22bc545238cb84,4
/path/to/PANDA/features,3174,51bafd5da96470feb83f9a928c4bf540,1
/path/to/PANDA/features,3175,51bb63f952d6b40c79ec26b18735edbc,1
/path/to/PANDA/features,3176,51be6e37c81a33e80ec75248f001fab8,3
/path/to/PANDA/features,3177,51c3d460a2f37b0c8948478f702bddb4,4
/path/to/PANDA/features,3178,51c58c76e2907090db536a7734cfbabe,0
/path/to/PANDA/features,3179,51cae066e83f4428d6d3c60d7543a105,1
/path/to/PANDA/features,3180,51d0d7b3a0f1769117ed6e3d64445f33,1
/path/to/PANDA/features,3181,51dabbb3c216c71fa662fbad9f947939,4
/path/to/PANDA/features,3182,51e36cff1aec1dee198a6119c9b9a5ba,2
/path/to/PANDA/features,3183,51ea992db967a0b925588ee2eee322ab,0
/path/to/PANDA/features,3184,51eff3eca711a0e2dc3153a420c98c8d,3
/path/to/PANDA/features,3185,51f70b98526218f921f34b110f55ceff,1
/path/to/PANDA/features,3186,51fc45502634ba97726929d243438c63,4
/path/to/PANDA/features,3187,51ff3767b587bc0e3d8bf9252fe7e1d0,0
/path/to/PANDA/features,3188,5203b6b2f6c3e46cdb2f09b9d99a5ecd,3
/path/to/PANDA/features,3189,520d1cc8cb7136e54472a33e202b3d1f,5
/path/to/PANDA/features,3190,521da07cca3ad8a9615ad591d9375538,0
/path/to/PANDA/features,3191,5220a2cb778f8567ebf7f81ab2b103ff,5
/path/to/PANDA/features,3192,522ba29396cc5b28294738ff91bbce1d,1
/path/to/PANDA/features,3193,5237b4ee431ba2933e6f4b3fcb57ec4d,2
/path/to/PANDA/features,3194,52385ac03a42f5ba4629f4c486abe591,0
/path/to/PANDA/features,3195,5252182ded15f6179aba4b367c0215dc,0
/path/to/PANDA/features,3196,5255e5cae8fc9b03ddb4dc1c2512f355,0
/path/to/PANDA/features,3197,526b3a6453ffd2eadc9e5e78d7399bae,0
/path/to/PANDA/features,3198,527282598f789e5e0854a7f208016533,1
/path/to/PANDA/features,3199,527294c6bc1e0f537a259c8dcc35406d,3
/path/to/PANDA/features,3200,52754aa5f7eb637258abda6dac50201b,1
/path/to/PANDA/features,3201,527af9b6db70b874fd633ce7d56076e3,0
/path/to/PANDA/features,3202,527d8fc0ea1ef55212f4f2ffd6c4ad68,1
/path/to/PANDA/features,3203,528114503e2cb700bff67662ee5dc9f1,0
/path/to/PANDA/features,3204,528421f82bedbe7fa89705ebca3df38e,1
/path/to/PANDA/features,3205,528423d80e99a91576623f1772942237,1
/path/to/PANDA/features,3206,5289380c455996a3c27b717c7cc2937e,4
/path/to/PANDA/features,3207,5289d3ebfc24bbe70206daf1f546b687,0
/path/to/PANDA/features,3208,529ba9e8521115b9d2a606a2dd5ef7e9,4
/path/to/PANDA/features,3209,52aa54cf5125eaafcec0daa3e4da0155,0
/path/to/PANDA/features,3210,52ac318ac783a2d2daef8aeb5f5f9a7d,1
/path/to/PANDA/features,3211,52ac47312c73298f955efdf80e1059b5,1
/path/to/PANDA/features,3212,52ad032950196f56b1203d2a7b71d3b7,1
/path/to/PANDA/features,3213,52b260338eeedbc3f85c42d33153eb45,1
/path/to/PANDA/features,3214,52b651323a91da711733ee07620a32c4,1
/path/to/PANDA/features,3215,52bbaa0fbe4b7a3d193fc41eec5b0f46,0
/path/to/PANDA/features,3216,52c1702d27eed470507c4327b9ccd1b1,1
/path/to/PANDA/features,3217,52cb5192ffa60a7e44c6e786545f4fa2,0
/path/to/PANDA/features,3218,52d6b3779791687e72e755f6b0798ff5,5
/path/to/PANDA/features,3219,52d9b14996bd9f5c59cb765cd276f111,0
/path/to/PANDA/features,3220,52e38cf820ba3f92ca415cb2a2672ea0,5
/path/to/PANDA/features,3221,52e4b8211dbecc7176734c51734f9988,3
/path/to/PANDA/features,3222,52e91bbb11b859111ab98684c53451a8,1
/path/to/PANDA/features,3223,52ebb96589e05091e3ec2376f1e90e2b,1
/path/to/PANDA/features,3224,52ecce8ca4633560db50a51eaa8777e9,1
/path/to/PANDA/features,3225,52f220bec1a2db42fee7a708e957d725,1
/path/to/PANDA/features,3226,52f458343920a7409c42f4ec0a9cc8e0,5
/path/to/PANDA/features,3227,530aea5cd2aac6c3c9ea6ec10910295e,0
/path/to/PANDA/features,3228,530d4ae320630f972f49d861a4724fb1,1
/path/to/PANDA/features,3229,530f322b76df13d90d37b08b7c592e39,1
/path/to/PANDA/features,3230,530fe0124e17f2f3a98c53ffe86bf421,1
/path/to/PANDA/features,3231,53112d6426aa20a446eac73f72ef0458,2
/path/to/PANDA/features,3232,5312696946a2592c9e0f09a25f1d080b,3
/path/to/PANDA/features,3233,531a7f47d8e6e7733e86000e5f793168,5
/path/to/PANDA/features,3234,531ce6a7fd3f8699de151e1f07b57970,0
/path/to/PANDA/features,3235,532779ee14c90e573b4d5c99cd63f757,1
/path/to/PANDA/features,3236,5338e73d016150c190a2c4671919b4ba,2
/path/to/PANDA/features,3237,53395078c052e6dcc08cbf8a227ba147,1
/path/to/PANDA/features,3238,53416873e47e7e576ec17bdfa919b405,4
/path/to/PANDA/features,3239,5347a36e1d6860792dfa5c88c32853a6,1
/path/to/PANDA/features,3240,534fdc08ee52646076cca848c744eafc,0
/path/to/PANDA/features,3241,5364f9188bfd02fda039522d20a07eac,2
/path/to/PANDA/features,3242,536be1ccbccc0bf357bbc7e5e0a270c0,0
/path/to/PANDA/features,3243,537e2fe52437bd0b4f139d9397208c55,2
/path/to/PANDA/features,3244,539afe8ddc8d58e7a0c07463298fb019,0
/path/to/PANDA/features,3245,53a053373822079628726191fc5b76d6,5
/path/to/PANDA/features,3246,53a0d392e204cdbaa181fe636dd62600,3
/path/to/PANDA/features,3247,53b8f259c520cdd1d4b795642340055e,5
/path/to/PANDA/features,3248,53c13f2dba313251cb0e86eeedda6bbd,3
/path/to/PANDA/features,3249,53c42a394b9b949e8fe7c66df360aa5e,1
/path/to/PANDA/features,3250,53c8c3db02019962528b008bd8594ef5,0
/path/to/PANDA/features,3251,53cc16aa53cffa0f5819bd9f80c27f44,2
/path/to/PANDA/features,3252,53d3ec12f49fd2695220c6505ba5a92c,4
/path/to/PANDA/features,3253,53d70323e7fb65b9cdb2bb3c3b211bdd,5
/path/to/PANDA/features,3254,53d99b6d0957c93029223458e5e9e5bc,1
/path/to/PANDA/features,3255,53dfff0cecd06c15f600d334e7324b78,3
/path/to/PANDA/features,3256,53ea5387fb7a5ed7ba9252123ed8e122,3
/path/to/PANDA/features,3257,53f2d7fc3b642a8b6cc2d2780f6bb48b,1
/path/to/PANDA/features,3258,53f4825dc7b4f778b7b0a7baae38aa9f,5
/path/to/PANDA/features,3259,53f9f8b1c02567febb3209a7671117c1,2
/path/to/PANDA/features,3260,53fbe04e3897ceaf1f6fdfc55cd6be24,1
/path/to/PANDA/features,3261,53fd8c8bf3e1a9cc53ee823331428bc2,0
/path/to/PANDA/features,3262,5401cdaad5df404dd6eecec32235f58a,1
/path/to/PANDA/features,3263,54092d5c32d1e285f2b39d91515592bb,1
/path/to/PANDA/features,3264,5412642aeef99bc006be1cb1d8689ccd,1
/path/to/PANDA/features,3265,54126c6e72a07999bc079390f3af679b,1
/path/to/PANDA/features,3266,541ca59ea8cf6d83fd1f84351934663a,1
/path/to/PANDA/features,3267,544a71ab7a8564bf9af28402c82d70b7,0
/path/to/PANDA/features,3268,545063a5e1917a0ddb4f48b99b40142f,2
/path/to/PANDA/features,3269,54515690660c4f26e7d466d569220fac,2
/path/to/PANDA/features,3270,5456189d4e5c15a790a868b70fd25625,4
/path/to/PANDA/features,3271,5459a94616c8afbb4a9ed05108ac88ab,1
/path/to/PANDA/features,3272,545d14287912a7a53a64fe279a92097e,4
/path/to/PANDA/features,3273,5467682efb785fda8ad40d44e33f1f87,2
/path/to/PANDA/features,3274,5479baf96910f3cf404a133651a38b3e,0
/path/to/PANDA/features,3275,547f7a62cea4bd7b702c5175b6ce5327,1
/path/to/PANDA/features,3276,5483378d5b753f44d72b0c415b378529,0
/path/to/PANDA/features,3277,548590e1e989bb302539aa8ef1e9809c,4
/path/to/PANDA/features,3278,54883537f4a3ea484ad6465453852466,1
/path/to/PANDA/features,3279,548a1b47c6c3d002e1fab2d2959404db,4
/path/to/PANDA/features,3280,5490b5eb4e0cba88967869aad6e4e2b8,0
/path/to/PANDA/features,3281,5491324b554f337dc1eaf3e0c93eebb4,3
/path/to/PANDA/features,3282,54978762e0eca14cc62c4196d3e239ee,0
/path/to/PANDA/features,3283,5497b569f15cb7ea779cc176d1faebe0,3
/path/to/PANDA/features,3284,5499677f4de0628ddb3189b470431dfb,0
/path/to/PANDA/features,3285,549d801ed6595fccfe5a7087c35df1f1,0
/path/to/PANDA/features,3286,54c61151ae2462ead0ca58a062c48139,1
/path/to/PANDA/features,3287,54cc7131563c99be891630e83faa40e1,2
/path/to/PANDA/features,3288,54ccfb9ba6a20816e744a59e99475ac9,1
/path/to/PANDA/features,3289,54ce318108d4c1b9a721ecf571400f1d,2
/path/to/PANDA/features,3290,54ceb058fa9693e181b997ccb6d51e2e,2
/path/to/PANDA/features,3291,54cec2f3453d7b16499791f8bf5c882d,0
/path/to/PANDA/features,3292,54d5344186ef7a12e901064af86268fb,3
/path/to/PANDA/features,3293,54d6c9c73ffff3037136f02ad78da625,1
/path/to/PANDA/features,3294,54d8ec6ad7fb212c188a3607553748cc,0
/path/to/PANDA/features,3295,54e704b4854f66b42a6accec834e530c,3
/path/to/PANDA/features,3296,54eb7abc2a838e3f49f7e38361ce0b12,1
/path/to/PANDA/features,3297,54f5546d5e8afe397e0180510148fb85,1
/path/to/PANDA/features,3298,5504b8b281b572e1da90774ff3f207c6,4
/path/to/PANDA/features,3299,5505327aa083e92dae34a1d58b04d5fe,1
/path/to/PANDA/features,3300,550e7bb1a7330b015e52b7fef89127eb,1
/path/to/PANDA/features,3301,55141dd28c366c05a4a4f0e39e2a37fc,5
/path/to/PANDA/features,3302,551f26f08a3be19f2f2a3064ee9413ca,1
/path/to/PANDA/features,3303,55204bdec9718d7d1e3c17a8f452c0f5,3
/path/to/PANDA/features,3304,55321af8983669e2145d69e518fbc54c,4
/path/to/PANDA/features,3305,5534719b308ca4fb9f6662a81eb3e002,0
/path/to/PANDA/features,3306,553fa72290f35f2cb58beef577855ad8,3
/path/to/PANDA/features,3307,5546f7cadb86a731b7a1591070316dc0,0
/path/to/PANDA/features,3308,554970412cd2907b5a93ee5ec013965e,2
/path/to/PANDA/features,3309,554f99db864d559fad9886b122c11566,1
/path/to/PANDA/features,3310,5551a258a28873bfbbb2e6899a497cf9,1
/path/to/PANDA/features,3311,5554bf43ed8256dff3a716d9811a7afb,5
/path/to/PANDA/features,3312,5558579da28c0c6bed9ec761982439f7,0
/path/to/PANDA/features,3313,555d77d0fe4570a4697b91b9608d325e,1
/path/to/PANDA/features,3314,555f0e5c6585fdf64380c6a2221c4536,0
/path/to/PANDA/features,3315,5560bd3b03194cf9cdb514f7254b17b5,2
/path/to/PANDA/features,3316,5563ecd2b196ed9f44541bb2ce32505a,5
/path/to/PANDA/features,3317,5568eb519a51d50f5b2ac52321a6efdd,2
/path/to/PANDA/features,3318,5576eab39cdad6279ed218eb398d06dc,0
/path/to/PANDA/features,3319,5581e01257c48c867a21484c2cc2106d,0
/path/to/PANDA/features,3320,55871a7a0ec1e0958ce44dd101d48be7,0
/path/to/PANDA/features,3321,55927b26739469edc159e258013c07c1,2
/path/to/PANDA/features,3322,55a01c1ebef6b40ac9916b6abe9b57b0,5
/path/to/PANDA/features,3323,55b2b9388cfcde42069bee4804274884,2
/path/to/PANDA/features,3324,55bc19f33c8e76d179d4fff167424383,0
/path/to/PANDA/features,3325,55be95a3ff46370abfe9883b2293e630,0
/path/to/PANDA/features,3326,55c0eded30c834f91a4a717776f781e2,2
/path/to/PANDA/features,3327,55c29d1ac14d39d5efb42fa48d98a249,1
/path/to/PANDA/features,3328,55c836a2684cfeb94928d662a52344d5,4
/path/to/PANDA/features,3329,55d91c32710982de78a975ed0f45395c,1
/path/to/PANDA/features,3330,55dae64aaea4bd532b6889d0632517de,5
/path/to/PANDA/features,3331,55dc99e7642722de975684d45c090d30,0
/path/to/PANDA/features,3332,55e4c013d70e60e4db9425f9f6fd8997,4
/path/to/PANDA/features,3333,55ef26c752d337b792969f498c5cb45f,2
/path/to/PANDA/features,3334,55f1501ba2898b8842543c1aeb28c891,2
/path/to/PANDA/features,3335,55f9371f0cdd14ae2e4df9fd5f09878a,0
/path/to/PANDA/features,3336,55ff2653f73181fa930362206357f030,1
/path/to/PANDA/features,3337,56019667ff344d5bd98e7fbcbc6396bb,0
/path/to/PANDA/features,3338,560e4f17e8b93958846f1186eb720f76,0
/path/to/PANDA/features,3339,5610328a948bda29dfd0e939d28e9f9c,0
/path/to/PANDA/features,3340,5618b00aeacbdf535a22fa008a8f2ad7,0
/path/to/PANDA/features,3341,5618c8129a6db9d5d94bb26f2b58fe4f,1
/path/to/PANDA/features,3342,5619a242c6ea14b4d3196f2ee86b5579,0
/path/to/PANDA/features,3343,5619df86f52fe4db0cb874f07166e2ea,3
/path/to/PANDA/features,3344,562465ae94b7c3c45a9a5bd4128cbae1,4
/path/to/PANDA/features,3345,5625ad41d6d9edf0533c202c88749b57,4
/path/to/PANDA/features,3346,562ed7c01bf09ec8162007d798ff0b51,3
/path/to/PANDA/features,3347,562f3b08fc6d89e07d5ca8321e2b17a5,2
/path/to/PANDA/features,3348,562fcf2bfefeabc1ab87b205fbb7e2cb,2
/path/to/PANDA/features,3349,563d7dddd23d62e86b3d0e020b9e7c0a,1
/path/to/PANDA/features,3350,564252dc7eb1c27099ab70a95e189748,1
/path/to/PANDA/features,3351,5647968e4639e4dced2cf6448af91eb7,5
/path/to/PANDA/features,3352,565090f53fe8c3233d83bbf50f1cbbe2,5
/path/to/PANDA/features,3353,56534311eef9cf28c0271eba2031f260,1
/path/to/PANDA/features,3354,56595a1d570f2b10b5149b84a4767ce7,0
/path/to/PANDA/features,3355,565b748e64e5f6895bb1abce1a7ec163,0
/path/to/PANDA/features,3356,5667bcf82d6fee7017e4435ba066e1f7,2
/path/to/PANDA/features,3357,5670a325584c3bd7c9f2bdfc128e2e67,4
/path/to/PANDA/features,3358,567fdb50cb0f006c8cf5991b09f30c35,0
/path/to/PANDA/features,3359,56a882d88e118dcb77a63bfdbdf0b716,3
/path/to/PANDA/features,3360,56aad0a72d0b575ed7a7c10c9a6aa0ed,1
/path/to/PANDA/features,3361,56b18e1507691def89ef7f07fd124136,2
/path/to/PANDA/features,3362,56b4f13d2216fa1eeb2adcb1db711c2b,0
/path/to/PANDA/features,3363,56b528601b6b868a62fd4d73a1a0d74f,0
/path/to/PANDA/features,3364,56bf991045375c78e5407cc03ebdb759,2
/path/to/PANDA/features,3365,56c011c71edcba80e2c4fb87d1d0f26e,4
/path/to/PANDA/features,3366,56c263aad2786ca2d7247e1b57e32705,1
/path/to/PANDA/features,3367,56cbb29cfb7448a5250255d7c729102b,3
/path/to/PANDA/features,3368,56cc8c2d96c1c1589e7d6e564f14c174,0
/path/to/PANDA/features,3369,56ce81aad4405f43be93314f002225c6,0
/path/to/PANDA/features,3370,56deba64468141b0968ad8899b121b15,0
/path/to/PANDA/features,3371,56e3dfef73cd0b278801c47866b84a82,1
/path/to/PANDA/features,3372,56e5d931e0c46a942e76aaa95485b9cd,5
/path/to/PANDA/features,3373,56e6cfc2a0ae0f493cf1a98689ca2afe,1
/path/to/PANDA/features,3374,56eca40fb4a14e76611554bc3b08f22b,1
/path/to/PANDA/features,3375,56fa8b134b06e3a50c2fa4ee71defaba,1
/path/to/PANDA/features,3376,5713e93359c4a7f36073922557f88494,0
/path/to/PANDA/features,3377,571ff890388328af4b5cc76183ce8189,5
/path/to/PANDA/features,3378,5724a6703905a9e591fe7f6017eab790,2
/path/to/PANDA/features,3379,572dfb66b55586fb4a4a2e9322130928,4
/path/to/PANDA/features,3380,573ad8015383dce02cbe6dd1b9b0819c,4
/path/to/PANDA/features,3381,5740b936c0d44c94933f19203ad483ba,3
/path/to/PANDA/features,3382,57486ed4621c7d8e0938d629895c7666,1
/path/to/PANDA/features,3383,574b500e9f93038740f77f0dfa458c10,0
/path/to/PANDA/features,3384,574e38e823dca53296ee4676b3de106c,0
/path/to/PANDA/features,3385,574e49a5617b2744c588fd0d2ac3a4fc,0
/path/to/PANDA/features,3386,5754cf219e01bd9b8bae58fcdbfa9ce9,4
/path/to/PANDA/features,3387,575d03be6128742107c98cb96c2a6f57,0
/path/to/PANDA/features,3388,5764f6df31c3c05b73dfc0fe5c7bad04,5
/path/to/PANDA/features,3389,57725223a6509d9038d62a49cca3588b,1
/path/to/PANDA/features,3390,577a95c3a3a0fb362b7282fdf9311015,5
/path/to/PANDA/features,3391,577d14b9b72c171cb6fd7922a3af49ef,1
/path/to/PANDA/features,3392,577e010bab3273901812fba55ea8706c,0
/path/to/PANDA/features,3393,5793129d5309364fe1d706764c78cf3e,0
/path/to/PANDA/features,3394,57ac237fd7804341517927ced4353c71,5
/path/to/PANDA/features,3395,57af8fa4543f49ebd8daf1fde15b9c8c,5
/path/to/PANDA/features,3396,57b445bdaf42976e8a4c92561ec097db,0
/path/to/PANDA/features,3397,57cccd066af8374b532f812c280571c1,1
/path/to/PANDA/features,3398,57d038978bf1512828ba76385dbac6ce,4
/path/to/PANDA/features,3399,57d5a6b61ecf835c28863f3e6e2e4fd0,0
/path/to/PANDA/features,3400,57d82e5381a64e28e1daae58c9806ab5,3
/path/to/PANDA/features,3401,57d9e8952e401a8f68a4a6ac950c3f00,1
/path/to/PANDA/features,3402,57e625f31af9400c35f881ede09c1ac5,0
/path/to/PANDA/features,3403,57ec54de3a7df9a08cbec3834fdf4105,1
/path/to/PANDA/features,3404,57ece2e44e184e3a8d376f118bdf2ed9,1
/path/to/PANDA/features,3405,57ed01ca752b76a1a02348b1e4492565,4
/path/to/PANDA/features,3406,57fca8dcbc2f311382970f20842a923c,1
/path/to/PANDA/features,3407,57fd690ca9f2b48043a41817b1e43b19,4
/path/to/PANDA/features,3408,57fedc6c794b7ef4e0011fb9882ccaf9,3
/path/to/PANDA/features,3409,5801d2195cdcd8d336e8fc097c51a788,0
/path/to/PANDA/features,3410,58068fcdb3562d6c87a5984660f7c81b,4
/path/to/PANDA/features,3411,5811cebb423e45f0e351da2dd159e40f,3
/path/to/PANDA/features,3412,5816a0df3d7ee85e541bc091cd279e9b,5
/path/to/PANDA/features,3413,581a0ecff3a2c886dbf5725909d210fe,4
/path/to/PANDA/features,3414,581ddcc26091de4814ecf37300c7c297,2
/path/to/PANDA/features,3415,58236e4aa762bf96225d16173086c62b,0
/path/to/PANDA/features,3416,5826d28019321eb4a202a2733fb039ed,5
/path/to/PANDA/features,3417,582ceecab271f684b5f4dd9848ea1859,4
/path/to/PANDA/features,3418,58381ead397bcae5aaf3572455872b3e,5
/path/to/PANDA/features,3419,5842e1854d2e47373e8ede504d525071,3
/path/to/PANDA/features,3420,5846acd1f690271cfb0264154dcccdd9,0
/path/to/PANDA/features,3421,58476708525d4b4fb5308d069645e097,2
/path/to/PANDA/features,3422,584dd714859c8d8ac50860e98f36075b,2
/path/to/PANDA/features,3423,585673c1e2a7911db8386224726284ed,0
/path/to/PANDA/features,3424,585bf47f399249d4bc1e18a0aad69d2a,4
/path/to/PANDA/features,3425,5860ba8552e96ff8aa9b16d071a6eb9e,4
/path/to/PANDA/features,3426,586eb142ad433841c18b748e580ab771,3
/path/to/PANDA/features,3427,58828230621362791c841c47151ddf15,1
/path/to/PANDA/features,3428,5892b3113aa9e0decd5dc15c74c7b1a4,0
/path/to/PANDA/features,3429,5895a94c14efb95f4a0369383f64f4ac,4
/path/to/PANDA/features,3430,589c60dd4940000360acc551fd112705,0
/path/to/PANDA/features,3431,589ce42577588f51fa6d8de876b55dbc,1
/path/to/PANDA/features,3432,589fb4c43782864aa69fb1b7d08abe1c,3
/path/to/PANDA/features,3433,58a3583e9638e7d7d52d07587216c616,1
/path/to/PANDA/features,3434,58accdf477bd85e51be2e67c291b0896,0
/path/to/PANDA/features,3435,58b1a38c3fdac76c56e664b82f85d35a,1
/path/to/PANDA/features,3436,58b63fe9e72cabcf0c934e745d942fec,4
/path/to/PANDA/features,3437,58b7c3ce1d0d5a2c1d9f321695d60577,5
/path/to/PANDA/features,3438,58c59865a2b61e6dcd15fdd75c03f8ce,1
/path/to/PANDA/features,3439,58c6772feea732357604d4178abc4032,3
/path/to/PANDA/features,3440,58c9ebcb84cf500f25352367f27fba56,5
/path/to/PANDA/features,3441,58d13c5b7c1d86814e7a9451fef0d9d5,3
/path/to/PANDA/features,3442,58d439e1cf180a952bd059b6be710665,4
/path/to/PANDA/features,3443,58d694da01f1b0a9c828857ada4ce80c,0
/path/to/PANDA/features,3444,58d791d4597f6ad6c0f041d9e474f195,1
/path/to/PANDA/features,3445,58db174da2288d958afcc0abf5c6a427,0
/path/to/PANDA/features,3446,58e55ede6357406f7868d3c58b80476e,0
/path/to/PANDA/features,3447,58e94ef72ca17c465d4702f55e6c0751,5
/path/to/PANDA/features,3448,58f43b3f94c07e3a15fb8bf8658bcdf7,1
/path/to/PANDA/features,3449,59001f029aafc4adc0971c0397df6173,5
/path/to/PANDA/features,3450,59015fdc81a6151f09a59e807f6ed5c9,0
/path/to/PANDA/features,3451,5904fa2121ec88a1db8251d6d986f38a,0
/path/to/PANDA/features,3452,5905e3c1f548ba9dfa8b314d95deafda,0
/path/to/PANDA/features,3453,5911dece5388c4291ffe22e700bed829,4
/path/to/PANDA/features,3454,591a3db736f25c66b1261f01615e599b,4
/path/to/PANDA/features,3455,591bc0625a2348cbc273ac8b7067c5a6,4
/path/to/PANDA/features,3456,591be7bd1ced8a42f257d9a467cb7133,1
/path/to/PANDA/features,3457,591da133fabcfdfa629d09729d356cda,1
/path/to/PANDA/features,3458,5928bdfc6686f27736c3248c3e4db6e6,3
/path/to/PANDA/features,3459,5930e03671314482e9aedb6050d1776d,1
/path/to/PANDA/features,3460,593ebf6ab700617588d4570293721619,4
/path/to/PANDA/features,3461,5942e1016b0bb0a5adc8f60714cb5b51,4
/path/to/PANDA/features,3462,594e8397dee44b86e26ba2afc5aa6cb1,1
/path/to/PANDA/features,3463,5968428558aa2438b6a420dfddb5829f,0
/path/to/PANDA/features,3464,596ac7795d35e94f080254e0e405c0d3,1
/path/to/PANDA/features,3465,596d3b12550adf32cba3ea96fd6859b0,4
/path/to/PANDA/features,3466,596e117592870bc53e8442cc9ff4dcbc,0
/path/to/PANDA/features,3467,5972250394f2673e5a8ba5fa29cd9754,2
/path/to/PANDA/features,3468,5974c6321830dfa922dfe5f6d919fc21,1
/path/to/PANDA/features,3469,59750807e9d7869288cc60f7c318314d,0
/path/to/PANDA/features,3470,5983afd79b3d81e4fa5d23eccdcac8c4,1
/path/to/PANDA/features,3471,598d897fefcc795632c3a0323dfcfe3d,3
/path/to/PANDA/features,3472,599109af85cae9e827c3e89982f0033d,0
/path/to/PANDA/features,3473,59949a9304b8d4678e55709ef9cf1d8a,0
/path/to/PANDA/features,3474,599648926096c44487968b630f9b4fb9,1
/path/to/PANDA/features,3475,59a0932027596ac986f52a74d30217bd,3
/path/to/PANDA/features,3476,59a32be440fb38bb36d330c7af0c95c3,4
/path/to/PANDA/features,3477,59a74456aabd8137c9297f345f431c71,1
/path/to/PANDA/features,3478,59aa903a1ceb3e9793bedda411a4a2cd,2
/path/to/PANDA/features,3479,59afbd8eceb90a30ccfb99eb039fa5eb,3
/path/to/PANDA/features,3480,59bb9950d1b0ae165609203a9bd76383,0
/path/to/PANDA/features,3481,59bc78cdb381a80a8ba9e2f429a0f993,1
/path/to/PANDA/features,3482,59bc7df93b3b01dc3a1f3935555c3009,2
/path/to/PANDA/features,3483,59c0c23b3f025bbe58e86162602ec4db,5
/path/to/PANDA/features,3484,59c75ad5b178f5f2860deef480d6837b,1
/path/to/PANDA/features,3485,59d833e569743be1b04d6494358ed3ff,0
/path/to/PANDA/features,3486,59df439b2cd91c2cd68f3a0917ab470d,4
/path/to/PANDA/features,3487,59ef609e7ecd81d89e8d8cb3efd73646,5
/path/to/PANDA/features,3488,59f2e4a9a209e933826447819f890aec,0
/path/to/PANDA/features,3489,59fce17965127867763cdd31e2b88ae2,4
/path/to/PANDA/features,3490,59fedb7f0c3cca80dee607192e270a5c,1
/path/to/PANDA/features,3491,5a0249877d1e229d0ef6c02f86cbc98f,2
/path/to/PANDA/features,3492,5a03be8cc9868dfe88b233590f22eaca,2
/path/to/PANDA/features,3493,5a04db2e75874b0e5c55ee71692ea92c,0
/path/to/PANDA/features,3494,5a06d394902b921255cce2ed1bfd2f57,3
/path/to/PANDA/features,3495,5a0c402207e52c1e96b4995c2f781519,1
/path/to/PANDA/features,3496,5a0c582812967666f68055b84aa6a69b,0
/path/to/PANDA/features,3497,5a112beb1fb4921df86062b489f41928,2
/path/to/PANDA/features,3498,5a145fb4724f271a9fed0c8de7a7bf9d,1
/path/to/PANDA/features,3499,5a147e41134b03ab6a358b3db92d30ef,0
/path/to/PANDA/features,3500,5a19b7514d9adb447ed6aa694811f1eb,0
/path/to/PANDA/features,3501,5a1c715386006065330b45f52e394aba,1
/path/to/PANDA/features,3502,5a1e02d983668583f95b2220fc7dc71d,2
/path/to/PANDA/features,3503,5a2451b90bf50e1043781bbb8eeb2bec,3
/path/to/PANDA/features,3504,5a258172c6d220c464e500a1fb880b20,1
/path/to/PANDA/features,3505,5a2deec84849fdc2216bab61452451b7,0
/path/to/PANDA/features,3506,5a33146b3a9f15e2e3fe5d52ea9df09c,0
/path/to/PANDA/features,3507,5a3e3dc26a1d2a473855a6161d870a96,0
/path/to/PANDA/features,3508,5a43ead356b201d82362ee5af3dc8364,4
/path/to/PANDA/features,3509,5a46e8adec9c72070618f776583dd581,0
/path/to/PANDA/features,3510,5a4d7035c9741c06a1c38b4c7dccdba0,5
/path/to/PANDA/features,3511,5a4ec1ea101e790664aeab41d54cbe75,2
/path/to/PANDA/features,3512,5a559062e13cda0bf20a0cb475a11daf,0
/path/to/PANDA/features,3513,5a581e131e99127fdb7f263d38c0ace0,1
/path/to/PANDA/features,3514,5a599e2b3cb03e9525de22d1c27f4ed5,1
/path/to/PANDA/features,3515,5a5b227860e8d559b45519851908fb03,1
/path/to/PANDA/features,3516,5a6125bdeb2906ba9267a26e98de56e5,3
/path/to/PANDA/features,3517,5a6187e95ca3bdba7d35de992f98a1a8,0
/path/to/PANDA/features,3518,5a6a02723433df0573332937e04c612e,1
/path/to/PANDA/features,3519,5a6b69b21fd586cb4d71597a614c07e5,0
/path/to/PANDA/features,3520,5a6fbb00a1d8eabcf61d3094e008c283,4
/path/to/PANDA/features,3521,5a7b17b308cc6118cf8f65df80de7390,1
/path/to/PANDA/features,3522,5a7d90776e03f8441483198c25767fa6,4
/path/to/PANDA/features,3523,5a807e403c27e184ab85c9f1b339a38b,0
/path/to/PANDA/features,3524,5a82ab21ce6d0d7413e3a6180f1ecde4,0
/path/to/PANDA/features,3525,5a89e95c1dfe4f320ac954517281f9eb,4
/path/to/PANDA/features,3526,5a8ea27b08b81d698970b6eb520a05dc,5
/path/to/PANDA/features,3527,5a94f8031f8dfc6f222e1f4c2df0fade,1
/path/to/PANDA/features,3528,5aa4b7f84cae372f9ee6d63e32c964db,4
/path/to/PANDA/features,3529,5aa7cc54ea328d8b61385a4cd2ff2352,3
/path/to/PANDA/features,3530,5ab6080dede08b3dbadb29d87ea93c1a,0
/path/to/PANDA/features,3531,5abf7737cdd199a1b7ca5af6d653696f,2
/path/to/PANDA/features,3532,5ac73737e95e35a36d1cdeb5b23cab12,1
/path/to/PANDA/features,3533,5acd1d61963dcd5d76670a85904815bf,5
/path/to/PANDA/features,3534,5acd886e33ce9f50a7c738c4c3dd8503,3
/path/to/PANDA/features,3535,5ad07c7af38a557d5542f50ce6341f8e,4
/path/to/PANDA/features,3536,5ad2c7349c24ed5c4901522bec9d3077,0
/path/to/PANDA/features,3537,5ad5cca8bc4c96585d42a6f8369be1e7,3
/path/to/PANDA/features,3538,5ad9615573f2a12025d6c4fe8754b548,0
/path/to/PANDA/features,3539,5ade4e241be260978daf1da130754c6a,1
/path/to/PANDA/features,3540,5ae2d48a5907763cfad33ce3a1d911f4,1
/path/to/PANDA/features,3541,5ae7134c28c47387bd8c5aa8d044a682,1
/path/to/PANDA/features,3542,5aeb565364a376a498fbcb54f6b5dd6f,1
/path/to/PANDA/features,3543,5af1d8e9aa13f3bf81ee04e9ad72e55d,1
/path/to/PANDA/features,3544,5af447057c0eb2ca945c12c398f670f9,5
/path/to/PANDA/features,3545,5af696841a9c6453f9f667bdab0621e5,4
/path/to/PANDA/features,3546,5af8bba8cb7a8edb4bf416d4dd4d5228,0
/path/to/PANDA/features,3547,5b003d43ec0ce5979062442486f84cf7,4
/path/to/PANDA/features,3548,5b01a2f268bd6365a7ef77b16ffd7173,1
/path/to/PANDA/features,3549,5b068fcb3a6af7142be9e39d24d1a8bf,4
/path/to/PANDA/features,3550,5b281fbdb595d08a630ec51d418a3196,5
/path/to/PANDA/features,3551,5b2c1fcb4a370400b64df671560fb733,4
/path/to/PANDA/features,3552,5b35810de01fe586e598f49e17cfcecc,5
/path/to/PANDA/features,3553,5b439c3bf2ed699b136dc5ca939873bc,5
/path/to/PANDA/features,3554,5b4819f36fb394dd3fcda83c3a3b7ad0,3
/path/to/PANDA/features,3555,5b4c30fa23b184d9b4a63cfc4da41327,4
/path/to/PANDA/features,3556,5b4c450f95b5b0128b2465b8e7923ef3,0
/path/to/PANDA/features,3557,5b4d05a2a6b70bbb2ee716979a7fb120,0
/path/to/PANDA/features,3558,5b4e570fb99964bf3c44ab052c3d19e1,2
/path/to/PANDA/features,3559,5b503f5a5b80bbdd98128d346e9a72b7,1
/path/to/PANDA/features,3560,5b5d7aa9b4ded22e5c6d59eaad75684f,0
/path/to/PANDA/features,3561,5b5ecc77a66ee3e3d5ea183b2bf81553,4
/path/to/PANDA/features,3562,5b63be15731e9414734353fa1b91adb4,2
/path/to/PANDA/features,3563,5b6880bd0d0243579b07908e268d76ff,4
/path/to/PANDA/features,3564,5b78d822442ace9831e972143994d548,3
/path/to/PANDA/features,3565,5b8542dc1477f67d3d1c5984b83c14b7,5
/path/to/PANDA/features,3566,5b8b545a19b68b947235ead5041d001c,0
/path/to/PANDA/features,3567,5b92b41e8e37f25082dc3062de44c504,0
/path/to/PANDA/features,3568,5b9b36cadaa3ef1d6fed33305e8343e4,3
/path/to/PANDA/features,3569,5ba5c62518b86d2f6ac2f6f31e38c23f,0
/path/to/PANDA/features,3570,5ba77a03901ebd78457cafea98211001,0
/path/to/PANDA/features,3571,5bad1f2f3c89c27ea00d2ed6bd8e2de1,2
/path/to/PANDA/features,3572,5bb4d886090bc6f9f359945928d45f02,1
/path/to/PANDA/features,3573,5bb50bb8d8df795210537f17ca113f28,1
/path/to/PANDA/features,3574,5bb96d3a5bdcfc315f8b00c4535a1b0b,2
/path/to/PANDA/features,3575,5bbfd8d8ffeddab6682224295a180bb2,3
/path/to/PANDA/features,3576,5bc396007c667e5fec6587d07a9af93e,0
/path/to/PANDA/features,3577,5bccc3ae5587647b3f6b3a1f807bd9ed,0
/path/to/PANDA/features,3578,5bd19956ab63289395ba2b259a9aa8d1,4
/path/to/PANDA/features,3579,5bda3d19f2754b6f802e0c4363fe0fa4,3
/path/to/PANDA/features,3580,5be8d68eedfec296cca5d90a403e1025,5
/path/to/PANDA/features,3581,5beed3b27daf64fe7fbc4d065883826e,2
/path/to/PANDA/features,3582,5c018c5568dd68ee12ba2e22faf69811,0
/path/to/PANDA/features,3583,5c023def11d24939459afd3e3cb69620,5
/path/to/PANDA/features,3584,5c083ab21fc57c0954468ab46aa7fb16,2
/path/to/PANDA/features,3585,5c1b69f90894b89741cc22d135dd14c7,1
/path/to/PANDA/features,3586,5c2226e06c1c417be01fdd49ce5501b9,5
/path/to/PANDA/features,3587,5c25da900a402f4414069c93bcea9424,0
/path/to/PANDA/features,3588,5c2c7009ec9100ff2473a4d4d6c1029d,1
/path/to/PANDA/features,3589,5c320b977726d35f7b2237258bb90595,4
/path/to/PANDA/features,3590,5c3aa6266bfcbf2f9bf057a0a5e39520,1
/path/to/PANDA/features,3591,5c3fcc6eec3ed5f3717551c419a3168e,0
/path/to/PANDA/features,3592,5c49f67702374025434387903daffdb7,0
/path/to/PANDA/features,3593,5c4baef054d63b3b93c99a885fc94fac,0
/path/to/PANDA/features,3594,5c54839a5b329bec4a351c74e0c24819,2
/path/to/PANDA/features,3595,5c5a01104830e536fb03a7eb9bc02045,0
/path/to/PANDA/features,3596,5c6a9d25b7c602062f4095c2518aa46a,3
/path/to/PANDA/features,3597,5c707b3792821638b84b524ef9ad3d4e,5
/path/to/PANDA/features,3598,5c7e3c7f2b7fbfaf98f2172e2eaa8f28,4
/path/to/PANDA/features,3599,5c8221e41ea4fd14580697ff97fa38b6,3
/path/to/PANDA/features,3600,5c845f5a01b97dd479aeef86b465605f,5
/path/to/PANDA/features,3601,5c869a5a8bd2bd340fe13b188be333c1,1
/path/to/PANDA/features,3602,5c90deb93f9fd965642b6edda6561bde,2
/path/to/PANDA/features,3603,5c9407c366d62c4e309a5fa61a48b7b7,1
/path/to/PANDA/features,3604,5c975e69eee9359ebe8da3f2a376fefb,5
/path/to/PANDA/features,3605,5ca13bda1c8a128938a5cb71e54f692c,1
/path/to/PANDA/features,3606,5ca33b79ea4a424db02d6f6b81195c24,3
/path/to/PANDA/features,3607,5cb6c271e5c7b766f1a25abadd8880e3,2
/path/to/PANDA/features,3608,5cbaa9bd1f17c355f4b6857844a7c133,1
/path/to/PANDA/features,3609,5cc252420b9a548a9a8849d3b6dd1fe4,0
/path/to/PANDA/features,3610,5cd64763e1df1acf97df32f5e310bcd6,3
/path/to/PANDA/features,3611,5ce3c1ea8008cd274f8a9e47537143ff,0
/path/to/PANDA/features,3612,5cfbe62b74360ce891593fba8a876025,1
/path/to/PANDA/features,3613,5cfcd6a8451b2ed8355ac4800c80f7c7,4
/path/to/PANDA/features,3614,5d04a3fbf6bc76e526f4d1c3d763229f,0
/path/to/PANDA/features,3615,5d09d184630b9a20ed727e0f375a2dd9,1
/path/to/PANDA/features,3616,5d0c978f62978e8647b417f60d51e51f,2
/path/to/PANDA/features,3617,5d13a41bc7d00f8f089392106b073b3e,1
/path/to/PANDA/features,3618,5d17ccf4c67a1d2acf6841a892812f15,5
/path/to/PANDA/features,3619,5d19888551175c95a3b3cdd5da9dcd6a,1
/path/to/PANDA/features,3620,5d1abefd41a6663e33995134cbd44838,1
/path/to/PANDA/features,3621,5d1e5074e39a21c5b0d4abd03157b0f1,1
/path/to/PANDA/features,3622,5d28dc81420bc0e2ee5d3ac90d5153ef,2
/path/to/PANDA/features,3623,5d33e6224a522400d7a4bb76e47fcfbf,2
/path/to/PANDA/features,3624,5d35e9a318e04684020a42c3a2ca19fa,4
/path/to/PANDA/features,3625,5d3dfae104348251b8fbc99f8d39a601,1
/path/to/PANDA/features,3626,5d3fbb68cccb100204a57b1b80b3171b,0
/path/to/PANDA/features,3627,5d438b93171c54575c3248d799952a8c,5
/path/to/PANDA/features,3628,5d46da93924a4b15472581eb39658309,0
/path/to/PANDA/features,3629,5d471e95d7e9cbe886f2ecc902db5f0e,3
/path/to/PANDA/features,3630,5d4c1d0660adfbe7f9ddf63432709eb1,5
/path/to/PANDA/features,3631,5d5ba6a776e985a917f0028258d6593a,0
/path/to/PANDA/features,3632,5d656ef89286db380f879cb6bfadd731,4
/path/to/PANDA/features,3633,5d68ab03ab12677506d8afb5b545c5b3,5
/path/to/PANDA/features,3634,5d6c598b578c6c174c0268825dbec98c,0
/path/to/PANDA/features,3635,5d70e6a66652c5872f26f3da9233ff4b,0
/path/to/PANDA/features,3636,5d7632f1794e2cebb36e21c51c9f4402,2
/path/to/PANDA/features,3637,5d7ca212ea70ef050c80f5088155cbf2,0
/path/to/PANDA/features,3638,5d884cc90873f1f8d9e25cd126887986,1
/path/to/PANDA/features,3639,5da72569e3908391620c3fc13b3fd821,2
/path/to/PANDA/features,3640,5daca040bbf1338462417b7a5dd820a3,1
/path/to/PANDA/features,3641,5db6b9c77ea8fcefc06c939edde1ad85,0
/path/to/PANDA/features,3642,5db70f64a6991463aa9538ee855ee528,0
/path/to/PANDA/features,3643,5dbe471927123756883dc4ec6121a72c,4
/path/to/PANDA/features,3644,5dc2eb47ce16235ddb6da0b2bd1f449d,1
/path/to/PANDA/features,3645,5dcd43e6710799fbb64f0c250a13d0ff,3
/path/to/PANDA/features,3646,5ddb273c1966b8e5849a9292ed4c96ae,0
/path/to/PANDA/features,3647,5de86ab9d9c631edb965696097e8dc92,2
/path/to/PANDA/features,3648,5de921452c721c77d8ffa775b9241542,5
/path/to/PANDA/features,3649,5defe2d09b6802c65d28af7d80ebf788,4
/path/to/PANDA/features,3650,5dfac783c03cb58f51dd856ecc2bc16c,2
/path/to/PANDA/features,3651,5dfb4fde4486edf9f5863e61a1ba016c,1
/path/to/PANDA/features,3652,5e063bb2352ec2d6dfefa038d9bcb70d,1
/path/to/PANDA/features,3653,5e09634f848e23aa10f79cb6e7c5cd65,1
/path/to/PANDA/features,3654,5e117814dbbf7ffc4b9eea0ca1f52f5f,1
/path/to/PANDA/features,3655,5e165e0f062426606dc1b5c217689129,1
/path/to/PANDA/features,3656,5e1ac5641073849d349584dd968f56ba,5
/path/to/PANDA/features,3657,5e397c08480a57e65d45fdc3aa18399c,0
/path/to/PANDA/features,3658,5e4c64013fa5bc2c652e0bc5479be8c4,0
/path/to/PANDA/features,3659,5e50d9143147326f0fd6736f59d4bb8c,0
/path/to/PANDA/features,3660,5e61b98028b2e0014f5686a04c6cb48c,5
/path/to/PANDA/features,3661,5e64107898d585bd15e99b0f8056138a,0
/path/to/PANDA/features,3662,5e79a8e720579946198a701deeed3a4a,5
/path/to/PANDA/features,3663,5e7fe1a769c7dd7871d42af620720625,1
/path/to/PANDA/features,3664,5e862859f60d643795701ab5a17c6348,1
/path/to/PANDA/features,3665,5e8b71155d862948b6e0da88f0b41789,3
/path/to/PANDA/features,3666,5e9265276fdaddcc7b37bb29f1e78d04,0
/path/to/PANDA/features,3667,5e92f3c50fdcef3ece4646e985bbb2a4,4
/path/to/PANDA/features,3668,5e95f26615d4021740de50892e57e565,3
/path/to/PANDA/features,3669,5e9c2892384ade4ff99f8296e8c51147,0
/path/to/PANDA/features,3670,5ea330d8b0924c0a4d0619ad49c6dd28,3
/path/to/PANDA/features,3671,5ea3b6705b0f21ed9cbe1899677a2ae9,1
/path/to/PANDA/features,3672,5ea6feafb6765b6916a259e60eb89354,3
/path/to/PANDA/features,3673,5eb0af050c28a438f143ddeed00aa8c1,1
/path/to/PANDA/features,3674,5ebc2544193fed9aa6e846641a8d8f1e,0
/path/to/PANDA/features,3675,5ed3bb060e0e6d7fe6472f1982e530e9,3
/path/to/PANDA/features,3676,5ed6b9a9612f58fb7a5ed2c9b9b32fe4,3
/path/to/PANDA/features,3677,5edc82d679cc29b4d7720bdc45c1ad45,0
/path/to/PANDA/features,3678,5ee0695f6d2cd77ad8b49aab7b875445,1
/path/to/PANDA/features,3679,5ee438137f5f797a700ba9a867b5e001,0
/path/to/PANDA/features,3680,5ee927ed5d354f5f72e5d341276eb5be,3
/path/to/PANDA/features,3681,5eeb5f06877a051a7a7f99ff151919c3,1
/path/to/PANDA/features,3682,5ef00d3ae104d72001ef09e9f16deec0,0
/path/to/PANDA/features,3683,5ef0bfdc969fb9d7bbadab5f9c10a3da,2
/path/to/PANDA/features,3684,5ef24c35ed7f184da05305d08ea1fd68,4
/path/to/PANDA/features,3685,5f0f7d362bd640eaef0be4076229a7ef,5
/path/to/PANDA/features,3686,5f171365f520e179ee080df12dd0330e,0
/path/to/PANDA/features,3687,5f204e4117e261c6bfb06626e5bb2410,1
/path/to/PANDA/features,3688,5f223137ea4f913a22c5a3074195d37c,5
/path/to/PANDA/features,3689,5f23bafd7474ed18a65971a95048c1e1,5
/path/to/PANDA/features,3690,5f30a88461b86ff36af412fc490a0f69,0
/path/to/PANDA/features,3691,5f3435341b61628b1e308362c52a9460,4
/path/to/PANDA/features,3692,5f3d195f200eda8037910949831b87ad,0
/path/to/PANDA/features,3693,5f40e0b339592b1b70f17134a06abf98,5
/path/to/PANDA/features,3694,5f45418a3b57cbecf56652b63ce8939f,0
/path/to/PANDA/features,3695,5f488a50b6910c735e114c7482c393bc,1
/path/to/PANDA/features,3696,5f4b172026d631582bbd8c8d0081a226,1
/path/to/PANDA/features,3697,5f537ae857febf9281dd301fd9ccb5f2,0
/path/to/PANDA/features,3698,5f554a63b2a187b75a1764282fbf10b6,3
/path/to/PANDA/features,3699,5f5e76f78d267118638007de70dcc9bb,1
/path/to/PANDA/features,3700,5f5fa1cce0a7969903073b2d3242eea3,1
/path/to/PANDA/features,3701,5f6b700d24076d52b81361befbc88af1,2
/path/to/PANDA/features,3702,5f712fa46f7c0d69e8d9a4b6cd9327bc,2
/path/to/PANDA/features,3703,5f7ebc491021150fdb969866ad5f6d81,5
/path/to/PANDA/features,3704,5f87ade21db570b2dbdd0772edd54657,0
/path/to/PANDA/features,3705,5f89fd817087371714c3480585e1d0ef,5
/path/to/PANDA/features,3706,5f8b30f872042fe9cc2b0b312094f156,2
/path/to/PANDA/features,3707,5f8e07348acca9f1d02c329f4efb7516,2
/path/to/PANDA/features,3708,5f8fbed589d176d76b04935caa744bec,5
/path/to/PANDA/features,3709,5f95d17c869a6b92214c6b0c2aebfccb,1
/path/to/PANDA/features,3710,5fc5347c2d73fe6ebe3f5dfd6d8aa923,2
/path/to/PANDA/features,3711,5fcce7dc17349db4badc8e94e41f45eb,0
/path/to/PANDA/features,3712,5fd15e6c0ff22e1265b2557eb6c29559,1
/path/to/PANDA/features,3713,5fdca67311d04c9f5625d73a6bd4e825,4
/path/to/PANDA/features,3714,5fdd8f1da666889035c36621b62bf68f,1
/path/to/PANDA/features,3715,5fefc2506c90deddd4bd9854b52895c9,4
/path/to/PANDA/features,3716,5ffcce68d2c246abbaf30aedc7f37848,0
/path/to/PANDA/features,3717,5ffcf2372542336fe4ee3585bd07b6f2,3
/path/to/PANDA/features,3718,6001e27f6577164029e34413c8c019ce,0
/path/to/PANDA/features,3719,60083d3faae39b546e94bd206cf4c9cd,4
/path/to/PANDA/features,3720,600a7b8ec7c5e6b21eb9b12b86eb1b4a,0
/path/to/PANDA/features,3721,601216d398fcb7c5f0e05f69ac5734e4,0
/path/to/PANDA/features,3722,601b0ee3f58bd12e3f3f1ff3a91d2ac1,2
/path/to/PANDA/features,3723,601ffcbed401250430f367a898cb3e3c,5
/path/to/PANDA/features,3724,6022674dabca016474586aa350e7a67e,4
/path/to/PANDA/features,3725,6029eceba97e1f924eec2b51df4f8daf,1
/path/to/PANDA/features,3726,602dcec72143bd0f1eabfad244f081dd,3
/path/to/PANDA/features,3727,602f278e2deec17068c5dffb3099754a,0
/path/to/PANDA/features,3728,603d87fc24c27eb0abf8d363b2fba941,0
/path/to/PANDA/features,3729,6042f48687f6cc750599e86362d97080,1
/path/to/PANDA/features,3730,604342e344f4adba3a302ac43d48180c,1
/path/to/PANDA/features,3731,604556b258623f461eeea2b9e46bbeff,0
/path/to/PANDA/features,3732,604cb4469dd3f8c69718d8e1dc99e6f8,0
/path/to/PANDA/features,3733,605dda4fe6ac848340fecec8714fe760,5
/path/to/PANDA/features,3734,6070e2185deaf498cd54f08383f0591c,2
/path/to/PANDA/features,3735,6071aa8ba6c71f822201674f662a2058,3
/path/to/PANDA/features,3736,607afab0ebabe2ae01a282ebf467a7ee,1
/path/to/PANDA/features,3737,607c6585bb0b244506f16da4073ef12e,2
/path/to/PANDA/features,3738,607fa473648e6c39d6eeaf4efcd9e898,4
/path/to/PANDA/features,3739,6083bbc60139542acc27071133a7922d,0
/path/to/PANDA/features,3740,608f07ff22fd563f5562c3d11d1dd602,1
/path/to/PANDA/features,3741,60a15dda8570e347a3529a062fb1d5c9,0
/path/to/PANDA/features,3742,60a2e2fe245ac94e689d5786e86a1bbf,2
/path/to/PANDA/features,3743,60a56a0ab535c04b4f4f39955fc9d268,1
/path/to/PANDA/features,3744,60a69fdcc33d3b859dfc2a1cc081254f,4
/path/to/PANDA/features,3745,60a7d61d83daf00d50b8af18920cda3a,3
/path/to/PANDA/features,3746,60a98f3fee72df06894ae985cd171b06,1
/path/to/PANDA/features,3747,60b1e0a6eb4de198026b8119e7543a8b,2
/path/to/PANDA/features,3748,60b46e491d5aa1cadeac8e97ec073c6e,0
/path/to/PANDA/features,3749,60b7d512af5868f8f22923b4d70a4f3e,1
/path/to/PANDA/features,3750,60bf955e8135c580681a253469151ed6,5
/path/to/PANDA/features,3751,60c90d72afb6a820a0a539bc97a144fb,1
/path/to/PANDA/features,3752,60cd3ff208f41abe56a6fd7c594dc103,2
/path/to/PANDA/features,3753,60d21b09253d29039ad12e751e6f2f5a,2
/path/to/PANDA/features,3754,60d32cd009e0175fe8607166861cd430,1
/path/to/PANDA/features,3755,60d4bb410d7a6dbbd05b26bc73da2d9c,1
/path/to/PANDA/features,3756,60d9a3ab35617fe5ff59e006d176657e,3
/path/to/PANDA/features,3757,60e51083a75aa5283aadde7f110df48e,1
/path/to/PANDA/features,3758,60ebd38dfc08cd7e4bb74e7930860c8c,1
/path/to/PANDA/features,3759,60f0dc0ff216b409ca44a9ba097a0f85,0
/path/to/PANDA/features,3760,60f316434ad13b545269024f949698cc,4
/path/to/PANDA/features,3761,610489a9612f4f28cd140e8326c909fa,5
/path/to/PANDA/features,3762,6107645595db6058bffe3bc4b260883f,3
/path/to/PANDA/features,3763,6109a474ebb5c73ef1dc5fe36c6f7df2,5
/path/to/PANDA/features,3764,61105d52f842466e17bb6182a100ac4d,0
/path/to/PANDA/features,3765,611dad205c637ac04eb23386dc32601c,0
/path/to/PANDA/features,3766,6129f36d2604ad122625914947cfce61,0
/path/to/PANDA/features,3767,612aa3391b33578ba22ef3d3f3ef9d90,4
/path/to/PANDA/features,3768,6132aed76295829095a8ad229f995ced,0
/path/to/PANDA/features,3769,61345c737bad7df617c23577e7bb2349,2
/path/to/PANDA/features,3770,613d47883d333e9a07f1347ffc64e7ab,1
/path/to/PANDA/features,3771,613e995dfa9d43f4666e43ec46a9cafe,2
/path/to/PANDA/features,3772,61438d817416236c69bb72a66d938129,0
/path/to/PANDA/features,3773,6155f934efd0c7ef998c1a6355aead5c,0
/path/to/PANDA/features,3774,615b584af86176f21b7a609807c56197,5
/path/to/PANDA/features,3775,615b8a4e40699ea384e5f518ac0c68b4,1
/path/to/PANDA/features,3776,6166cc11159083920af9b3c14670f8b4,5
/path/to/PANDA/features,3777,616abef9b646a96fb3f9fa9171d98e28,2
/path/to/PANDA/features,3778,61752bfc0be53841adf3020c8e1a140a,1
/path/to/PANDA/features,3779,617cee942caee18d1f8487281493a6ed,1
/path/to/PANDA/features,3780,61838ed2c863a4b4d7b851854f990941,1
/path/to/PANDA/features,3781,618efc798c3906c2dc60618853c7e2e2,0
/path/to/PANDA/features,3782,6192cb59689c4dfe0800df8b4a86412f,4
/path/to/PANDA/features,3783,61996024f501a34a002c0a6f775f6ec5,4
/path/to/PANDA/features,3784,61a5c5faf9be923b525a4a57197a767a,2
/path/to/PANDA/features,3785,61af9a116d196c47cc049a122eb7b7f3,4
/path/to/PANDA/features,3786,61b3752ad80e246f426e82a72ab8f238,1
/path/to/PANDA/features,3787,61b39e218e57b00f7453dff2837fa16b,1
/path/to/PANDA/features,3788,61b70ccd7da821f89bae917b204242a5,4
/path/to/PANDA/features,3789,61bdeaac05baf83c9df0395ebac73ba9,3
/path/to/PANDA/features,3790,61d53ad3869b865564520488312443f2,2
/path/to/PANDA/features,3791,61d85127f0fb841fe6241e6b4d3f89c7,1
/path/to/PANDA/features,3792,61dc08bdb56ba45b21c97e583d2869a8,2
/path/to/PANDA/features,3793,61ebefee1266d2cfcc7c0d23cc66062a,0
/path/to/PANDA/features,3794,61ece421cba834e92bb6338e30c5f6e4,0
/path/to/PANDA/features,3795,61f1b8c3e654e552dfa57b1c5a767666,4
/path/to/PANDA/features,3796,61f2699cd3c0c4f31e35c3d1f44f9b9c,1
/path/to/PANDA/features,3797,61f60c51646f693dea9c21722c075201,0
/path/to/PANDA/features,3798,6201e9e4e8e934994124c456be58ec27,3
/path/to/PANDA/features,3799,620261483418740878617c4e04015457,5
/path/to/PANDA/features,3800,62051bf14d0220a68c0c82644eae6264,0
/path/to/PANDA/features,3801,620a6fbf50a7463ed0a8932782d7b969,3
/path/to/PANDA/features,3802,6210281e975f738e94a5643d366e3b09,4
/path/to/PANDA/features,3803,6210ddaf9f3e233411579da0ea9a0484,3
/path/to/PANDA/features,3804,62128872685beec5aaf0bd18a3cceb0b,0
/path/to/PANDA/features,3805,621575853be210386a1183dbfad4111a,0
/path/to/PANDA/features,3806,621f180f39962cf8dc87f62cf681200b,1
/path/to/PANDA/features,3807,62202e376a671af629cc7c309561ff56,1
/path/to/PANDA/features,3808,62210a1558822c75a1088a96ef042be8,1
/path/to/PANDA/features,3809,6226ebfc1f9b743a8b02db4eb7145738,2
/path/to/PANDA/features,3810,62274c435774e0ed7a219c9c3b693bce,4
/path/to/PANDA/features,3811,622e036c40d720a7bf557668980ea1ce,0
/path/to/PANDA/features,3812,622f9fbf44de6f0650d02b3088911446,1
/path/to/PANDA/features,3813,622fc40ffe3f5307f850d3e6e3e738a4,4
/path/to/PANDA/features,3814,623155cecfa8cc671054be004d6cb2cf,4
/path/to/PANDA/features,3815,6232504a502236dc3e38f9fe46619308,3
/path/to/PANDA/features,3816,623a22a6d357ae6cb2269fd6e6ffe457,1
/path/to/PANDA/features,3817,62493361edf8bb1ee5391d66b64af60f,4
/path/to/PANDA/features,3818,625629beeb87ce7468d505457108da69,4
/path/to/PANDA/features,3819,6259bdf29094e9a832bb47b970ff8cce,5
/path/to/PANDA/features,3820,62605db0277dd94dd1fab196966d8c18,5
/path/to/PANDA/features,3821,626469f984e371b3f674799c022a64ab,3
/path/to/PANDA/features,3822,6272bd8c72545aa42d1abb9045bd7a97,0
/path/to/PANDA/features,3823,62795965d1330a135f09938efb22fb6f,0
/path/to/PANDA/features,3824,627aeb9327a85228458ad20ecd8d77c3,5
/path/to/PANDA/features,3825,628099e7b5b1e0c00288a4d3cfb2260a,0
/path/to/PANDA/features,3826,6282cd1e1f1c2d9b269406d556571736,2
/path/to/PANDA/features,3827,628a8aa139fc63957f9f93eb1daf04e5,4
/path/to/PANDA/features,3828,629462b0eeb5ac0ac86c52d1bba21146,0
/path/to/PANDA/features,3829,6299578ed6388e6b866fc04e931fa15a,3
/path/to/PANDA/features,3830,62a0c25ab8bb28f97b9f2abfd05ef5a6,2
/path/to/PANDA/features,3831,62a348a227dfe4006295ea31ce48c4b3,1
/path/to/PANDA/features,3832,62a50c8cf16df87766e00c440cfb0272,0
/path/to/PANDA/features,3833,62a71ed08b3b22927770cebec65e380a,2
/path/to/PANDA/features,3834,62ae29a00798380735401c06f45114dd,2
/path/to/PANDA/features,3835,62b633dfb302067fc326018482d36c89,0
/path/to/PANDA/features,3836,62b7b103e94ad6c24140203cd105d387,0
/path/to/PANDA/features,3837,62bfdd9e66e2cfee7f6e69c7d22b11f2,1
/path/to/PANDA/features,3838,62c56362b10d68cfaf8000485da3de5e,3
/path/to/PANDA/features,3839,62c9db4e05a648c8795ae51a49003906,0
/path/to/PANDA/features,3840,62dafe3f86f1f7048c16ac69f74cb293,3
/path/to/PANDA/features,3841,62dc9e6f426847d6d58e12c30e35a35a,3
/path/to/PANDA/features,3842,62de6f2b44980a0b7d2a926f828446b1,4
/path/to/PANDA/features,3843,62e36f7cc417a5e10b21466267b327ca,3
/path/to/PANDA/features,3844,62e9867216981bb9eb06e9d14cd2b0eb,3
/path/to/PANDA/features,3845,62eab77211bf839bdd26e6ca7c93bc00,4
/path/to/PANDA/features,3846,62f29d7816c09c527192a40eb137cc25,5
/path/to/PANDA/features,3847,62f8a7597b348cf04667a2e5c597a641,3
/path/to/PANDA/features,3848,63006577b07056d2789dedce40da466d,2
/path/to/PANDA/features,3849,6303244b26eef8e081298bfeac827403,1
/path/to/PANDA/features,3850,63080d06c66488c4c30285e0363ca0ad,1
/path/to/PANDA/features,3851,630b89cbf5bec0ab752aa3a8688930f0,4
/path/to/PANDA/features,3852,630cd3bb436af3e09290f7f4458b8f60,1
/path/to/PANDA/features,3853,630ead3f5eee9ca3d292d65a785d480b,0
/path/to/PANDA/features,3854,63119b7889164b2153a2ec1c829ea853,1
/path/to/PANDA/features,3855,63226114e772943ce7f8017d9f5d4b90,2
/path/to/PANDA/features,3856,6329256633b051f1e2b903afa9b5ef26,4
/path/to/PANDA/features,3857,632a836af7b82fc1351e5e6955a33c9c,1
/path/to/PANDA/features,3858,632bb32084df3f4c50164c2c684d34ab,0
/path/to/PANDA/features,3859,632e75c2e505dca41ae57573e70932b9,1
/path/to/PANDA/features,3860,633389c0591bdabc6cfd4b0d4fc245e4,1
/path/to/PANDA/features,3861,6338d2b38bc1568196ff0a7cd3945819,0
/path/to/PANDA/features,3862,633d23562dc69169de94e10026731594,0
/path/to/PANDA/features,3863,63405137826f43487be86096f7191a76,0
/path/to/PANDA/features,3864,6361e60acba5610963d88c4ea96bfc7b,0
/path/to/PANDA/features,3865,63640094b0365a514d60fc15e94de729,4
/path/to/PANDA/features,3866,636430b4495809e379c2623c22f95d59,0
/path/to/PANDA/features,3867,636498ce17020805892b1dd50e5eed64,4
/path/to/PANDA/features,3868,636a1fa2cd4d66297c4f63eda2ba16d1,2
/path/to/PANDA/features,3869,636e0e81d4b351bc50c8731f557bed29,3
/path/to/PANDA/features,3870,637209e621c8714a1f636e38542efe91,4
/path/to/PANDA/features,3871,6372e988e276e2b77a2ce257ed1b21aa,5
/path/to/PANDA/features,3872,637816ad02733d3306ae64bd0d2b6bee,5
/path/to/PANDA/features,3873,637bca124ad0ca9466e48b63b898bccd,5
/path/to/PANDA/features,3874,637e9203f2969b9fd192ce0b1d93167a,0
/path/to/PANDA/features,3875,6392947d42a28861f68363b1f2e536e5,0
/path/to/PANDA/features,3876,63943deba402196b1f80f92b23881ddc,1
/path/to/PANDA/features,3877,63980763840312073acd55d24fabdcaf,0
/path/to/PANDA/features,3878,639dcd07a4de787c02b44b26a984d202,0
/path/to/PANDA/features,3879,63a07f4760338c9f53620bb6f1cb2cf4,5
/path/to/PANDA/features,3880,63a41234a703cd382686631e0dde6986,5
/path/to/PANDA/features,3881,63af8bc50ca5f1f8b8aca0a46a7fc428,5
/path/to/PANDA/features,3882,63b475ef802ec75075a927c0980ca3d1,5
/path/to/PANDA/features,3883,63b703a3294579f3e31f1a7afcf3ce20,1
/path/to/PANDA/features,3884,63b975bcb48f646d7d48bcb0d5e16b98,3
/path/to/PANDA/features,3885,63d658e884c126ee082316a9b764cc0e,3
/path/to/PANDA/features,3886,63e3797b14a1c9dbedcaa4c5be4b9924,3
/path/to/PANDA/features,3887,63e602ffc3e1fc9e5f05e13a74999f02,5
/path/to/PANDA/features,3888,63e71c21ffc027a4b9f256840072e28f,3
/path/to/PANDA/features,3889,63ec04bc1c32dd36fc1bfa2846a0c98f,3
/path/to/PANDA/features,3890,63f857539684850528531dc73ded627e,3
/path/to/PANDA/features,3891,63f8656a7b3d99b56154a4098568b894,3
/path/to/PANDA/features,3892,63faf78b499e70ceb096c53a6caf31bc,0
/path/to/PANDA/features,3893,640b696aa98cfb760162e0cb60d0bf06,0
/path/to/PANDA/features,3894,640fe9b2e7bf30c2bd5e5d9c9a4ed258,2
/path/to/PANDA/features,3895,6410f699e086d1ca5d6ed48d16991112,0
/path/to/PANDA/features,3896,6412f5e8c6ee428db6bffe8d921b8be9,1
/path/to/PANDA/features,3897,64144d9b3b14c64bbdf7dc80816bd459,0
/path/to/PANDA/features,3898,641b0cfd4b0c41a9c89d34c1a985b44e,1
/path/to/PANDA/features,3899,641f830c55badd977b6e91fa8796cdf2,2
/path/to/PANDA/features,3900,6426935440acd920bae26da8165ca680,0
/path/to/PANDA/features,3901,64308cde14c3486f9c91a5b6ed776cd2,1
/path/to/PANDA/features,3902,6437c1f6a475089d659e71ddd7edb010,0
/path/to/PANDA/features,3903,644009d197e73a26659353807e116e84,2
/path/to/PANDA/features,3904,64463f7b842c077b705e42f2dec8aec5,5
/path/to/PANDA/features,3905,6447c06bb4e5d34646a8e0c97c10b588,0
/path/to/PANDA/features,3906,64486f84f721d5873cc034802f8c31bc,2
/path/to/PANDA/features,3907,644bfd69ca745dd7e1884a4f4c2fc408,3
/path/to/PANDA/features,3908,644c556ebc3fc0c4345e328f8523308c,0
/path/to/PANDA/features,3909,644eac827fab366642feb02840fff74c,1
/path/to/PANDA/features,3910,644fd820f63428eddc8e4f180e99c345,0
/path/to/PANDA/features,3911,6453282676ea9860497c7abe7c368c20,2
/path/to/PANDA/features,3912,6453e55d3511f7cacb8075f5bb82fd97,2
/path/to/PANDA/features,3913,64571abee09b1e42abf780bba6fdf5e6,1
/path/to/PANDA/features,3914,64649896d23df686ff9bb201501a40e3,5
/path/to/PANDA/features,3915,6465a5ab1539fe69d2392408606dfade,5
/path/to/PANDA/features,3916,6468063d0445cf082716fa830a507de2,0
/path/to/PANDA/features,3917,646ad07bdb7b93beff7ba27a0376fea9,2
/path/to/PANDA/features,3918,647946e65654e3e71e42eea5cc95d01a,2
/path/to/PANDA/features,3919,647d3abfe758692da202e00ba263b41d,5
/path/to/PANDA/features,3920,647f4dabc53f943acbffbde9db87e35e,5
/path/to/PANDA/features,3921,64836a799f01a425ff277deed36210cf,0
/path/to/PANDA/features,3922,64954ebb400f1081a5710905ce114a2c,4
/path/to/PANDA/features,3923,6499001d40ddb478089f9636ca5a6033,2
/path/to/PANDA/features,3924,64a33315a1c5d2f6aa9f04a9c2ff4650,2
/path/to/PANDA/features,3925,64a5241c55374047bf1ceb772e0e2d43,0
/path/to/PANDA/features,3926,64b278351203c5a9e1bcffa05621280d,0
/path/to/PANDA/features,3927,64b7fa539fe4647b60c3e25f17732a5f,4
/path/to/PANDA/features,3928,64b859c64c4dd2757cca89e0fe1043b3,3
/path/to/PANDA/features,3929,64b85f161787d11d1c292f8a04aa9bde,0
/path/to/PANDA/features,3930,64bad048716c6feb71b7e86d4de897ef,0
/path/to/PANDA/features,3931,64c46cb52749df98dafa527d439fa606,3
/path/to/PANDA/features,3932,64c7193405afef922cfda4c959bfd28f,3
/path/to/PANDA/features,3933,64c818a7feb6b2d3cbcb26023c19d7d2,1
/path/to/PANDA/features,3934,64ca339ecc5ba72aa4b27a73a163f807,1
/path/to/PANDA/features,3935,64d853ef2f8fd85e3a9b09d3791780e7,0
/path/to/PANDA/features,3936,64d89f6270efae268f99717bfbf288e8,0
/path/to/PANDA/features,3937,64da3d4f81810f32e01269233955515e,2
/path/to/PANDA/features,3938,64e742d9850512f85145eeca0811dc0e,1
/path/to/PANDA/features,3939,64e7f3ba0ab29790d1ad571eed45f655,4
/path/to/PANDA/features,3940,64f10c850ec77932295654d030ef330a,1
/path/to/PANDA/features,3941,64f90b30989176a0f3534d184d69e964,4
/path/to/PANDA/features,3942,64fb4585a1a2f2ec2cdfe6e0e831dddf,0
/path/to/PANDA/features,3943,65002e22794ec60c9b98df5a6a75b609,5
/path/to/PANDA/features,3944,650dabf1b46d9fd75380b11c772e6bf6,3
/path/to/PANDA/features,3945,651871fee7a4c9e53028c99294709f41,5
/path/to/PANDA/features,3946,6518dd103748ee00e9bdb448f585bdef,1
/path/to/PANDA/features,3947,6519a41ad0cd0eadde0cde1ee256d141,3
/path/to/PANDA/features,3948,651c31ff55b8cee36320d24e2e8697e3,0
/path/to/PANDA/features,3949,6523c91279b338c2527c4fb6c80ab542,0
/path/to/PANDA/features,3950,6525e666ca51cdae0b292dcd0b8e7483,3
/path/to/PANDA/features,3951,652e4ef79f6f829a57aa0021d5a8d3e5,2
/path/to/PANDA/features,3952,653c264adcf141d83e59f7f0a9c9bed9,5
/path/to/PANDA/features,3953,6540bdf21df5d3694dc4d3165339d8c0,4
/path/to/PANDA/features,3954,6549ae500a4a645d44efb7a611c5ab21,2
/path/to/PANDA/features,3955,65529d6dd8a2d9596cae939b6aef2c65,5
/path/to/PANDA/features,3956,6553fc05481b944143ac4db2446e98b9,1
/path/to/PANDA/features,3957,65595e0c07967b4b2642e5da32f617bf,4
/path/to/PANDA/features,3958,6571e5fffadcb4ab16a0fc6388deed0f,0
/path/to/PANDA/features,3959,657a53f9fdad94edefc984376fb017f4,2
/path/to/PANDA/features,3960,658be675223ffa5509203009eb7bba89,3
/path/to/PANDA/features,3961,659605aeb955654bfd576bea20447b06,1
/path/to/PANDA/features,3962,659d40f953cf502899d937809b870d23,4
/path/to/PANDA/features,3963,659d4fca38eed915a13188a1f2b03ee4,2
/path/to/PANDA/features,3964,65a653ff2eae408f815ffce6898173ca,3
/path/to/PANDA/features,3965,65ac6785f8184368e0a4a2e031b048d4,4
/path/to/PANDA/features,3966,65ae2ddcf6dbae0f38297cfa1e3e5d0b,0
/path/to/PANDA/features,3967,65b25c89a74ee86c54185060a6bfc25b,1
/path/to/PANDA/features,3968,65b59d73dd788168afab76694d39529c,4
/path/to/PANDA/features,3969,65bcc0e4ef30b49600530a2c5c5e8d14,1
/path/to/PANDA/features,3970,65bed78cb62fb1647b84775d6e98c553,3
/path/to/PANDA/features,3971,65bf2cc6f9ed1eed86b8e7a908efe834,2
/path/to/PANDA/features,3972,65cdcb805fec2c1a88caa6bed1cae86b,1
/path/to/PANDA/features,3973,65cf80cfe609bc8c8a5268c72dcbacd4,0
/path/to/PANDA/features,3974,65e733bbf48c15a529fb33cda1a38f4a,5
/path/to/PANDA/features,3975,65eeb8a6bb20edfef24a0a9760336819,4
/path/to/PANDA/features,3976,65f6854bc7b6c9e360645a242afaff3d,0
/path/to/PANDA/features,3977,65f9f4aad5855452508f02e119fea859,0
/path/to/PANDA/features,3978,65facde89bdf8b5b52c51fa5668a94cc,1
/path/to/PANDA/features,3979,65fc1018a8862bdbe4d8a063c3130a0e,3
/path/to/PANDA/features,3980,660731988fc83bd94ff232ce81367420,0
/path/to/PANDA/features,3981,660b6dbddfd14ab406f3d6b0e573f038,1
/path/to/PANDA/features,3982,6610773ae6ab13f5fca25de96945cc4c,0
/path/to/PANDA/features,3983,66197db203b87630238f7199434cccba,5
/path/to/PANDA/features,3984,661fd3b4006818c649c405972229bd67,1
/path/to/PANDA/features,3985,66253c7fa7849f5a932348a44c21b903,4
/path/to/PANDA/features,3986,663be089197be4c5f7f4a6e1718f9c50,1
/path/to/PANDA/features,3987,664a26f04c363ae643886559d5910e16,0
/path/to/PANDA/features,3988,664e570c2dc978f6711795f6a8c9bc6c,4
/path/to/PANDA/features,3989,6651573b179734d9205f592604191b67,3
/path/to/PANDA/features,3990,66557aa92abab5f0eaa6a7c03d17bff1,0
/path/to/PANDA/features,3991,6658938e029f1bdba9c0ef30a7ecd484,0
/path/to/PANDA/features,3992,665e359d9abe8229729cbbc424466f6b,0
/path/to/PANDA/features,3993,665fcad8a2159796d111633809f6d0b3,5
/path/to/PANDA/features,3994,665fd2746696d225966ae4f714203914,4
/path/to/PANDA/features,3995,66617150a489dc0628762098b0fd8e99,2
/path/to/PANDA/features,3996,666bf9d656d56c45567484764e4e5d70,4
/path/to/PANDA/features,3997,6680a6ff460fc841b3898bc55926a3dd,5
/path/to/PANDA/features,3998,6685582686a1bb08c0d57f5dbc1f53fd,0
/path/to/PANDA/features,3999,668c4850b2f821babc8ff8c7e877b9b2,1
/path/to/PANDA/features,4000,669b67af2cab5c7d7cdc569052d13f9d,0
/path/to/PANDA/features,4001,66a8bfc1d23aace57c50b9aa6bcb60ca,5
/path/to/PANDA/features,4002,66ac9acd0174425c2ad47448fc55ca45,2
/path/to/PANDA/features,4003,66afef566add0c44fbc3a00392b5a39a,0
/path/to/PANDA/features,4004,66b715d5da126fcd163dd420ca983cf6,1
/path/to/PANDA/features,4005,66bf5fa7e14d885f38e3dc61a64f41ab,4
/path/to/PANDA/features,4006,66c2c9894033a7e09a33548f4e51c2be,2
/path/to/PANDA/features,4007,66c3f1134c199363086f278ec30c3e7a,1
/path/to/PANDA/features,4008,66cad79a848b2b9476a2517a80314327,1
/path/to/PANDA/features,4009,66dc57a3320d9abd25eaf8b74c07c7bb,2
/path/to/PANDA/features,4010,66e0c8fcc2e2130b1e5d0fe125c34b91,0
/path/to/PANDA/features,4011,66ed3b7961aea86a4a44a6798884b6bc,4
/path/to/PANDA/features,4012,66ef5a1ac8776b33e09e53a852854cdc,1
/path/to/PANDA/features,4013,66f5cc9041b6485114cf9555c31e908d,0
/path/to/PANDA/features,4014,66fab9d13c7a0f1e81b77887bb8a535a,0
/path/to/PANDA/features,4015,66fb8b64a9acb2fbf59d4f002db34bf8,5
/path/to/PANDA/features,4016,671932297b6d1cdd3155c01250f62d5c,0
/path/to/PANDA/features,4017,67221cc31ec6ad9e106de548f7aa5823,4
/path/to/PANDA/features,4018,673035951194fa335f11d0bb408449de,0
/path/to/PANDA/features,4019,67319450f16093d1be341212bc57c86f,5
/path/to/PANDA/features,4020,6731d5ddd7e968439e757ac850feb2ad,2
/path/to/PANDA/features,4021,673449b5e46a844b12b1599781684591,0
/path/to/PANDA/features,4022,673860524a7cafac29eac8977227c665,1
/path/to/PANDA/features,4023,673c469c5864d8d50afe935a7bdc1935,4
/path/to/PANDA/features,4024,673fea26c4fa022353f635b89d6fd4b2,3
/path/to/PANDA/features,4025,6740dbd4b12921e8aef0381c3bc2eb75,0
/path/to/PANDA/features,4026,6742b677fba068f36457e397969997a6,5
/path/to/PANDA/features,4027,67470bde06cb2a3fe8460fdfc41891ff,1
/path/to/PANDA/features,4028,6748bc59dcdccfef45a9f45c1dac18a1,1
/path/to/PANDA/features,4029,6751cb7d31cd06d4f9ac9ff32a8e60b1,1
/path/to/PANDA/features,4030,67560153b5cec1288c56658e789b31e9,5
/path/to/PANDA/features,4031,675b2df2b587c591750c51ba2db29a8c,0
/path/to/PANDA/features,4032,6760ab28d1d6c11409a0e285bd82fa78,5
/path/to/PANDA/features,4033,6767bd3b8e80792e45bd2ca635dc1d8d,1
/path/to/PANDA/features,4034,677998d30fbf0b08e100dc31f2fcc0ee,3
/path/to/PANDA/features,4035,677df124099dae6692b714e62ca24c05,4
/path/to/PANDA/features,4036,678662d4740c7fff8751b9c57bbf25a0,2
/path/to/PANDA/features,4037,6788613b15835202197519f788c9f435,0
/path/to/PANDA/features,4038,678cd7da1af4a3ce24689c389fb82fd5,4
/path/to/PANDA/features,4039,67b316fcbdac6392f500c587f2cb2b16,0
/path/to/PANDA/features,4040,67bc9a23a87b07457464561b22515733,1
/path/to/PANDA/features,4041,67c66e9eca1fcfb74aa64b5b8b9f1615,4
/path/to/PANDA/features,4042,67e16e12cd58ddb642e5e2412b5807dc,2
/path/to/PANDA/features,4043,67e80d7930675251b17a42baf5920293,3
/path/to/PANDA/features,4044,67e855cca15a9930d065bf9f14241b41,0
/path/to/PANDA/features,4045,67edf831a7b0e716ed35b4d637dd66a1,2
/path/to/PANDA/features,4046,67f5929b81aef7c91f8501e93cb04193,2
/path/to/PANDA/features,4047,67fa39eefb55953ca818c7c46d3a8369,0
/path/to/PANDA/features,4048,6800198c5e3658d6029ae8a8337267a9,2
/path/to/PANDA/features,4049,6806e41cd6048002dfa52e2f4ad88900,1
/path/to/PANDA/features,4050,680984934a44ffcfc33f21b9b62f9436,0
/path/to/PANDA/features,4051,6811459c1bf02a325e7b475a97abbdb5,4
/path/to/PANDA/features,4052,681468136874819bea62f9e2e3aae357,0
/path/to/PANDA/features,4053,6817ba26ccdc4d23fdfa89342dcb4782,4
/path/to/PANDA/features,4054,682a1fd346b6fff340afbdb80c2f7caf,3
/path/to/PANDA/features,4055,683847ef5ab5ddac7fa74ba56acd06ef,1
/path/to/PANDA/features,4056,684007dfab2690881f18447158417ead,1
/path/to/PANDA/features,4057,685746f405341f7cdd4fcfef07b41bda,5
/path/to/PANDA/features,4058,685903725349cde80b2be656ab872194,5
/path/to/PANDA/features,4059,685ab779723fe6dca2f06e66b520d7bb,4
/path/to/PANDA/features,4060,685b3fd17cdb8da60494694df414dc20,3
/path/to/PANDA/features,4061,685b9b163d583cf156f378adfdf3564c,1
/path/to/PANDA/features,4062,6867352b510c7caa78883387fe000b87,2
/path/to/PANDA/features,4063,6875cac943f84443b8e7c2a44ee809f2,5
/path/to/PANDA/features,4064,687caedb62d68fd4692af68d695efc1c,0
/path/to/PANDA/features,4065,687d89772580c411d434b346e1e6c505,4
/path/to/PANDA/features,4066,687f0aaffbc0c082e7a01018e78233ed,4
/path/to/PANDA/features,4067,68825cc3e6cac82167c6c7ccee576b2b,2
/path/to/PANDA/features,4068,6890c90884c340a88a661384550e6339,3
/path/to/PANDA/features,4069,689100903a58c5d137f281c058b85856,5
/path/to/PANDA/features,4070,68a362123aff27d79dbc5284a948030c,4
/path/to/PANDA/features,4071,68a68e1d6735eed0b0aec0022e5da010,3
/path/to/PANDA/features,4072,68bac3f122302678533ae694a3771631,3
/path/to/PANDA/features,4073,68cd3aee8b7ffbcec0eb9196c6e3150d,0
/path/to/PANDA/features,4074,68d176562d24b53cff4c1c46d30820ac,1
/path/to/PANDA/features,4075,68d72c5e4c104168c1a12ef520fbed6c,3
/path/to/PANDA/features,4076,68e6f2bbdbb308624ed004484a1da2b8,0
/path/to/PANDA/features,4077,68ed043642fc8749303ec2a03e143ec7,4
/path/to/PANDA/features,4078,68ef1f45254c298cac176cabb6c0fe58,4
/path/to/PANDA/features,4079,68f4d04f60368beedcf85796393f45c9,5
/path/to/PANDA/features,4080,68f5d0cf51594a0eea7f8d19447d4d61,2
/path/to/PANDA/features,4081,68fa730b281bed2236a0b26397a000ce,1
/path/to/PANDA/features,4082,68fddc3487a506126daa6342d3d31fd5,0
/path/to/PANDA/features,4083,6905286a3f8f3d33dfa27a738f2b7f67,0
/path/to/PANDA/features,4084,69093012b7c700d47368bc993df2f2eb,1
/path/to/PANDA/features,4085,69170d42ade5329fe02df566a7447a99,4
/path/to/PANDA/features,4086,69187b17ca2488b677f9a79e44654277,1
/path/to/PANDA/features,4087,691a9e62ce9f6633c08462c398f7e140,1
/path/to/PANDA/features,4088,691b8d6d8606006ea205fd1189d017f7,2
/path/to/PANDA/features,4089,691ff411542b91ee34c47726a5665c47,1
/path/to/PANDA/features,4090,69240805aeb7c006dffd474b1253139f,1
/path/to/PANDA/features,4091,6928865353a420988c1206560b232c38,4
/path/to/PANDA/features,4092,692bd821a86c9a9f34a421b21debfcf2,2
/path/to/PANDA/features,4093,6944574816971eda40c20e1e05ad501d,4
/path/to/PANDA/features,4094,6953f1acbc18152929c4d8e1924a7b4a,0
/path/to/PANDA/features,4095,695603da155d297ae307ae2d52abfba4,2
/path/to/PANDA/features,4096,6959e859a5eeb9cd1a04266829bb4b47,5
/path/to/PANDA/features,4097,695c5b79a3c75deea1f333f56e305e85,2
/path/to/PANDA/features,4098,6966c2b9fa1ae59141ab221b32d878cf,3
/path/to/PANDA/features,4099,69676730e88305744485887397538d30,0
/path/to/PANDA/features,4100,696e3791b5590f7fe3c22fbe1ee369b4,3
/path/to/PANDA/features,4101,6976004fb0e04f4435b0e1e127032881,0
/path/to/PANDA/features,4102,69782ae700f84033ac9b654140f7229e,0
/path/to/PANDA/features,4103,6979ba75d53caea50d85c1df133f5009,5
/path/to/PANDA/features,4104,697d92515038d4f651881ae13fb49d95,0
/path/to/PANDA/features,4105,698b4103a9f029886d32065d2ff436cc,0
/path/to/PANDA/features,4106,6994fb3398aba05141d0824ead52e474,1
/path/to/PANDA/features,4107,6999be089c587ca5e9397fbe7638af3a,4
/path/to/PANDA/features,4108,699aee467d028cc39214073e2da18871,0
/path/to/PANDA/features,4109,69a41dd83be22e8dd84599984bee2d3a,4
/path/to/PANDA/features,4110,69a4552b4624ba6c770a637769fb5d4f,0
/path/to/PANDA/features,4111,69a68245b813fb5a105dff02d32c6143,1
/path/to/PANDA/features,4112,69a7c39a08e8c57691a2fb78904db85b,1
/path/to/PANDA/features,4113,69aa17f4856a40568185449b4d2db5c3,0
/path/to/PANDA/features,4114,69ab9dae3fcb1bcb79683b95e4836252,0
/path/to/PANDA/features,4115,69bf739361bfca3db482e3ce7249fa55,0
/path/to/PANDA/features,4116,69cbb87f131ddaa6b2ea5e9b6694c01d,5
/path/to/PANDA/features,4117,69cbcdf09838a1e96a974c51fbc20f02,1
/path/to/PANDA/features,4118,69d0aae1adb4068191d4b119e45bfddc,2
/path/to/PANDA/features,4119,69d6fdc8e8bed1323f7dd9055aeb0e6b,0
/path/to/PANDA/features,4120,69da9f886fc4413167b8b144da775269,1
/path/to/PANDA/features,4121,69e1d84705d16c89fb361da179c7303e,4
/path/to/PANDA/features,4122,69e2eab0eae3bb4ca3650e3854534f32,5
/path/to/PANDA/features,4123,69e6550df1d1713b0bde6c627c42deab,3
/path/to/PANDA/features,4124,69ea325f5f312d270c5b5acd9ebb77ee,1
/path/to/PANDA/features,4125,69ec87fc8b561ab7d3ba7b86b10e2356,0
/path/to/PANDA/features,4126,69ed9b36a92904dcee7b78c338e5f4f4,1
/path/to/PANDA/features,4127,69f0dfb6f42c910861aa0bbb23a12639,3
/path/to/PANDA/features,4128,69f32b20f51e4166809a29e594764865,0
/path/to/PANDA/features,4129,69fedae136a43fb721cf2feb8235a85f,0
/path/to/PANDA/features,4130,6a10c173386248ef4f11ce0cedc0622e,3
/path/to/PANDA/features,4131,6a118195faa9b1d7cce6389372ad000b,1
/path/to/PANDA/features,4132,6a145f3d5ff13433f0ac7a92a7cf0bee,0
/path/to/PANDA/features,4133,6a1d806e8de5224e3134a345e2ee8f74,1
/path/to/PANDA/features,4134,6a1dcc77903fd69eda1aa8a631630e0d,3
/path/to/PANDA/features,4135,6a20f367061abe2487a85af7b42e2d5b,0
/path/to/PANDA/features,4136,6a2889f097b3501ebc0343427e9e0c3e,0
/path/to/PANDA/features,4137,6a363e70baf98838b0093f9ae93052fd,4
/path/to/PANDA/features,4138,6a402d0e57d9eb2489b0660d80b191a6,1
/path/to/PANDA/features,4139,6a452b5662c18fdefc5dd4c8669eb781,5
/path/to/PANDA/features,4140,6a4705f723c23536d58a72341e0eac1f,1
/path/to/PANDA/features,4141,6a523275e30b19c0390655b278716b58,5
/path/to/PANDA/features,4142,6a5cc0b66b8d4af9c13f1303c6de5ffb,3
/path/to/PANDA/features,4143,6a6a592dab4286783baf1ce2dbf2e8ff,0
/path/to/PANDA/features,4144,6a6fd85a99a3e047f479e3b82379a23a,0
/path/to/PANDA/features,4145,6a723ff5302670dfa4fc477095791a59,5
/path/to/PANDA/features,4146,6a7aa196abf5d7843a915fef033aec41,0
/path/to/PANDA/features,4147,6a7acfa9447d5df18f50e7ffdfe34f38,2
/path/to/PANDA/features,4148,6a8bc78952e550d8374655274bf3e0fc,0
/path/to/PANDA/features,4149,6a8d4ffb2841130c1817f5650b52d4cd,3
/path/to/PANDA/features,4150,6a92eb76ed79700e3718ac8754e341cd,0
/path/to/PANDA/features,4151,6aa05e4c2cd649f22d309c40540b4230,3
/path/to/PANDA/features,4152,6ab0d7184ed0d412295c038fba1f79bd,1
/path/to/PANDA/features,4153,6ab7bc76941454c4ec71eb754f066f30,5
/path/to/PANDA/features,4154,6ac0b26f19900930a2ec02c9f5187b53,0
/path/to/PANDA/features,4155,6ac2095c7968fa30ab6c5dc7d1ed5121,0
/path/to/PANDA/features,4156,6ac47ff65ded3ec22e05cf158462c9f2,0
/path/to/PANDA/features,4157,6ac9e66e78a3eb76259395c7b3ed8dac,5
/path/to/PANDA/features,4158,6ad47e443a0aa5454dd965a108d38c32,2
/path/to/PANDA/features,4159,6ad5640ca76614728d3b699a703ef3c8,3
/path/to/PANDA/features,4160,6ad78c89d6b8feadad6d3ad85c743e32,4
/path/to/PANDA/features,4161,6ae06c0101d0cfa56d4ca5c6aaa7750b,1
/path/to/PANDA/features,4162,6ae973c0f3341e2eb19e08dfe4ee42fc,0
/path/to/PANDA/features,4163,6aea011ff6ec9fe22091bb4cc83fe56c,1
/path/to/PANDA/features,4164,6aef69fc1907d69b998ac90f07528fcc,1
/path/to/PANDA/features,4165,6af07a7340e7f59f1acc0973007d0946,0
/path/to/PANDA/features,4166,6af086eab60cd40a9e92fb159a25f1e6,0
/path/to/PANDA/features,4167,6af8999282337b9d7255ad5b12fe3909,1
/path/to/PANDA/features,4168,6aff87e11871f4ce9682eec497239c71,3
/path/to/PANDA/features,4169,6b083db10343b3e91558b13bf2faf62f,1
/path/to/PANDA/features,4170,6b10e2f8cd5d3add0fd7f2f932e86fa5,4
/path/to/PANDA/features,4171,6b118d99ff206c8660e79fa075685713,3
/path/to/PANDA/features,4172,6b1293bfb8877f750a8cf054e4e0a29e,2
/path/to/PANDA/features,4173,6b1b56ad6d3f3c7d46a82dbe738cec83,4
/path/to/PANDA/features,4174,6b1b949e02139e6760164a5412a017c6,0
/path/to/PANDA/features,4175,6b1d4be55542e687bcfdc4d91b4078b5,0
/path/to/PANDA/features,4176,6b3066448fce3a65fbe2bda2b8e6b364,3
/path/to/PANDA/features,4177,6b356b6a114a7663f2dbe960f217601c,4
/path/to/PANDA/features,4178,6b41aaf5ecafc9000a9f40fee0db9e64,0
/path/to/PANDA/features,4179,6b44920a6758d2dc91635ccb975b3bb7,5
/path/to/PANDA/features,4180,6b47d60ee262e38e5bf082837c3ca24d,5
/path/to/PANDA/features,4181,6b4c77b671e8412d65773f9614816db0,4
/path/to/PANDA/features,4182,6b512a45bd8ca759e655c2d551dec2d9,4
/path/to/PANDA/features,4183,6b53efd54fcafb28657d482fc492fd61,4
/path/to/PANDA/features,4184,6b551001da9ab34a28cf56529df5fad9,3
/path/to/PANDA/features,4185,6b5ce8b4c2b7c2655752c4c561059328,2
/path/to/PANDA/features,4186,6b643a1250fb9be4a44674e94ecffb39,1
/path/to/PANDA/features,4187,6b64f58e84416337cb14d50fca10c2ea,0
/path/to/PANDA/features,4188,6b69560eba8205a182f996d752402036,0
/path/to/PANDA/features,4189,6b6e1ffee1c8a8182f3258ab8c846fa9,3
/path/to/PANDA/features,4190,6b6ee3706f0b7accf8dcb4d85ed46975,4
/path/to/PANDA/features,4191,6b7687d8a3cec2cfe1eb5a07f7e3eace,1
/path/to/PANDA/features,4192,6b7e34e1215bb1f304eb5bab0cdcf8bb,0
/path/to/PANDA/features,4193,6b84c34486bb12dd87599bf6bb5d7bb1,5
/path/to/PANDA/features,4194,6b8b24a489695a356845b7fa1485b599,3
/path/to/PANDA/features,4195,6b8bcd9c84523e1151cefad443a137c2,5
/path/to/PANDA/features,4196,6b8cf7e2a5e9329b19070013a442cc89,5
/path/to/PANDA/features,4197,6b8e655888a58c55a714c15b849a2c71,5
/path/to/PANDA/features,4198,6b9ff194b8290ba500f3f8bbdeda253c,1
/path/to/PANDA/features,4199,6ba839880ad95ee09f255d5763add5c8,0
/path/to/PANDA/features,4200,6baaf1d0cb562d864baedc5db3acaf11,2
/path/to/PANDA/features,4201,6bb4cd81976d643a0fdb67c50636d01c,5
/path/to/PANDA/features,4202,6bb9b32790609b90fafe6cd8cb3c0bd0,0
/path/to/PANDA/features,4203,6bcc536d2db29034ac0c8974df500981,0
/path/to/PANDA/features,4204,6bcc8593ad6683f8edf4a39cffebc426,1
/path/to/PANDA/features,4205,6bcd9a5f97d5c1c8582b28a23228065a,0
/path/to/PANDA/features,4206,6bd476d515d75746bf716e578c704c3b,5
/path/to/PANDA/features,4207,6bdd4158abad8cc5af266f1845eb065d,2
/path/to/PANDA/features,4208,6bdf65f6a0afc05e0f9eb9b9bb2a7efd,1
/path/to/PANDA/features,4209,6bdfc45ee2e638d83c9dbc6e618a7aae,1
/path/to/PANDA/features,4210,6be426efd18e180fd898190490340f66,1
/path/to/PANDA/features,4211,6be53a9c6190b5a9240fac9b5b5eef58,2
/path/to/PANDA/features,4212,6bf2342213bed4c588b88c50af3810df,0
/path/to/PANDA/features,4213,6bf8339b4430a51d6367416dab794735,0
/path/to/PANDA/features,4214,6bfa122b5832ffd442a8123153f5d252,0
/path/to/PANDA/features,4215,6c08cc99c773235be82dc6012add7048,1
/path/to/PANDA/features,4216,6c125545cedcaf6438003ca039edfa87,1
/path/to/PANDA/features,4217,6c12604ab836dc63afdce3867103865d,1
/path/to/PANDA/features,4218,6c1ff5288e07d67d22055a334df30094,5
/path/to/PANDA/features,4219,6c2022824b8716c8e152df5830db229a,1
/path/to/PANDA/features,4220,6c20932e84b65fdc93dcfa63d9fdf1d5,1
/path/to/PANDA/features,4221,6c2184be6158e9b5c7fb8c829c5e8585,0
/path/to/PANDA/features,4222,6c2b1416fd7b6b544c7c60f9b8d2548c,1
/path/to/PANDA/features,4223,6c31153c5dffb6276f8adee046a09166,5
/path/to/PANDA/features,4224,6c3599d5faf73b34fe8d64fac9368483,5
/path/to/PANDA/features,4225,6c35e7a35598c33026f7d5eb0edbaaf6,1
/path/to/PANDA/features,4226,6c42113e5d51c2f864e0bd40fc14b657,5
/path/to/PANDA/features,4227,6c4d9d0e4e2c5d27843e7543867757a4,4
/path/to/PANDA/features,4228,6c568690f107432f5666cd298c7a9014,1
/path/to/PANDA/features,4229,6c609a0f9cff9c466a4ec4fe5987f765,5
/path/to/PANDA/features,4230,6c66783893eb733abc27157bfb0cce33,1
/path/to/PANDA/features,4231,6c7324c3bfe359fd8c82c77db241e4f3,0
/path/to/PANDA/features,4232,6c7c3d7b1d1fc86bcb91b75b18f67656,5
/path/to/PANDA/features,4233,6c8072d548422d357e97a528a9ce37ec,2
/path/to/PANDA/features,4234,6c8b94e99dbb1f65b73e1e8e32469689,3
/path/to/PANDA/features,4235,6c96bbaf8306071cfec8d90f54ede8c2,3
/path/to/PANDA/features,4236,6c99a5ca4d6c8a76c87d2fd4795cbf55,1
/path/to/PANDA/features,4237,6ca88a3bb8a632f16616864d13fd4f92,3
/path/to/PANDA/features,4238,6ca9348a09b4bceff7a738ae8b37f369,5
/path/to/PANDA/features,4239,6caa7b567d4e6f6911014f796e288999,4
/path/to/PANDA/features,4240,6cbd13aad5efec0454b8168ec8588cb6,4
/path/to/PANDA/features,4241,6cbd1d9807064986288d3fbd367e746c,1
/path/to/PANDA/features,4242,6cbf008a65aaed806c3879e7e8f44d01,0
/path/to/PANDA/features,4243,6cc0dd4d822245ba07dba7fda2b3e57c,0
/path/to/PANDA/features,4244,6ccb8529cc90ff30751eff7a1d055b6e,0
/path/to/PANDA/features,4245,6ccced7f24b2fa0a84639d192f3a9679,0
/path/to/PANDA/features,4246,6ccd71f80656fd3329eb9547d783fb8f,1
/path/to/PANDA/features,4247,6ccda6558efc23072abea3e08bec5168,0
/path/to/PANDA/features,4248,6ccff9b19aed0779af75101e6f468dfb,3
/path/to/PANDA/features,4249,6cd581a4c4e0314e1479c0c4a24f4eb3,2
/path/to/PANDA/features,4250,6ce1a4ca938bc0c69967999bd64b6588,0
/path/to/PANDA/features,4251,6ce244d5b0b2fba2749fa09ac4b02adb,2
/path/to/PANDA/features,4252,6ce32756e33b10bd4569aa15b5db3355,3
/path/to/PANDA/features,4253,6cee8aefe85e70aa49fdfe196270dd5b,0
/path/to/PANDA/features,4254,6cf2ce789a2ce4d7cab31131423f597f,5
/path/to/PANDA/features,4255,6cf483d54bbae9d7fc1009a5e2cf782d,3
/path/to/PANDA/features,4256,6cfaf603c5b30bacd9363448ca9fe57f,2
/path/to/PANDA/features,4257,6cfc94f37392dc3c9ef5d7c00e706828,2
/path/to/PANDA/features,4258,6cfcd028cfca9fb39a8976882d0167f2,0
/path/to/PANDA/features,4259,6cff031b8d7dd8c2cf34364ad1ee6c1a,2
/path/to/PANDA/features,4260,6d0a1caf87967cd36a6a2a850f8b6c52,3
/path/to/PANDA/features,4261,6d0b36e4884c8cf6458c7f69daaf6e08,4
/path/to/PANDA/features,4262,6d174dadcbe33bd57700d2bdbac60f8f,1
/path/to/PANDA/features,4263,6d177be639f1b8388faaa200eb81aa26,2
/path/to/PANDA/features,4264,6d1a11077fe4183a4109d649cf319923,1
/path/to/PANDA/features,4265,6d2141c1c6593fc206e2a695cb591831,5
/path/to/PANDA/features,4266,6d2bcf1b97f6731338a530650f776fb4,2
/path/to/PANDA/features,4267,6d2cf90cf2df03cf1d9f2eb38362f58d,3
/path/to/PANDA/features,4268,6d2f29ca2f86b7c9cc2ce311df1327ab,1
/path/to/PANDA/features,4269,6d3025108930198b261b02557ad64783,0
/path/to/PANDA/features,4270,6d35e2b7e296586b9654009085774c81,2
/path/to/PANDA/features,4271,6d3e153de93661cd80baa6dbb6e85fd2,1
/path/to/PANDA/features,4272,6d3e53acd6d2fe9e1aa15cc7207b45d6,2
/path/to/PANDA/features,4273,6d451a9fd1764df154ba4c19c16ad79f,2
/path/to/PANDA/features,4274,6d4e9ec6aafe17b5e3b2845905610c2a,4
/path/to/PANDA/features,4275,6d567f83ca7130da285fcb26d3537762,4
/path/to/PANDA/features,4276,6d569809f11e6e53918dfb1609fb0d83,5
/path/to/PANDA/features,4277,6d5c07d90c18669e961483005a6a8a7b,3
/path/to/PANDA/features,4278,6d5cb5353d700dfd4e6380508535e41b,0
/path/to/PANDA/features,4279,6d63e2fdf3eda186a532f73e86bb29c9,1
/path/to/PANDA/features,4280,6d813cb6cb9485c6222a20551dc1da21,1
/path/to/PANDA/features,4281,6d86f19eb226c49cad23b4b0d5ba9ef9,5
/path/to/PANDA/features,4282,6d9a037aa211ac62d0701d625de70904,1
/path/to/PANDA/features,4283,6da58949332bdb1e6d73aa850280188a,0
/path/to/PANDA/features,4284,6db274a56e9de1e7a876bb1b53aa8eed,1
/path/to/PANDA/features,4285,6db636a5372b53a603ac3a5bde9abba0,2
/path/to/PANDA/features,4286,6db74a5a5881080c9a8a1572e8b289cb,0
/path/to/PANDA/features,4287,6dbc3f061f2ba35a4d6d370901023de4,1
/path/to/PANDA/features,4288,6dc69ba0f04d891e672278cb015705d2,4
/path/to/PANDA/features,4289,6dcb18dd02dacd979a9610cc18c0d213,1
/path/to/PANDA/features,4290,6dcece3682e1f8d8772be8dd3649b1ab,3
/path/to/PANDA/features,4291,6dd17a51485e289e4373d5129cf3cc6c,1
/path/to/PANDA/features,4292,6dd5fc9704c89ebdc01692c44c30da14,1
/path/to/PANDA/features,4293,6ddb61c8bad32ffc60da3a6c96e85b49,0
/path/to/PANDA/features,4294,6ddfb4253f74fd12fb9e8dc9e7530c64,0
/path/to/PANDA/features,4295,6de1c3a8bc0ecbbe70b3b679ef52e776,2
/path/to/PANDA/features,4296,6de3367240f4beac25bd7f31e72154a6,2
/path/to/PANDA/features,4297,6de4998fbdf6ebd012fd6b727890e582,1
/path/to/PANDA/features,4298,6de7abeda98b497eb609d12abf4c396b,2
/path/to/PANDA/features,4299,6deb79f9bae408e2b5bec3b5bb5414dd,5
/path/to/PANDA/features,4300,6decfe197397c727416711b6edf9b691,1
/path/to/PANDA/features,4301,6df7a3d8b4955d162fcc11bce003860a,1
/path/to/PANDA/features,4302,6dfc6b0ab1aa81cb550e52ca291cbb64,3
/path/to/PANDA/features,4303,6e04223880c3cae8aa29366304c2bf7f,3
/path/to/PANDA/features,4304,6e0dbb5af39a9b7199796dbe16fc5765,2
/path/to/PANDA/features,4305,6e1fa7c1156d3e0dda56638b893d86b6,5
/path/to/PANDA/features,4306,6e219cafd656210dca135a52e0ec044c,4
/path/to/PANDA/features,4307,6e2c6287cfda6f586d6753109ab474be,1
/path/to/PANDA/features,4308,6e2e6f847032e2b8823d91cd52b3ef2a,5
/path/to/PANDA/features,4309,6e320ef7485ec6c55962007956985821,0
/path/to/PANDA/features,4310,6e381416581ae9845b650f2b2d010a00,5
/path/to/PANDA/features,4311,6e3a906c86bbcfe264c82841d1732e98,4
/path/to/PANDA/features,4312,6e3b4eb31cb44f063fbfa2b7aa2d9861,1
/path/to/PANDA/features,4313,6e3e91f569a2ca2730a9a23811f12ac4,1
/path/to/PANDA/features,4314,6e4122eef9edf14c7ba932cfb9321788,0
/path/to/PANDA/features,4315,6e4144e35f78acb00792c409e87b308b,1
/path/to/PANDA/features,4316,6e4491b337dde383cdf2a75685dee968,0
/path/to/PANDA/features,4317,6e492df128e671c548bf49fd855c42ce,4
/path/to/PANDA/features,4318,6e4a5f12ebdbcd25db876280c85915a4,0
/path/to/PANDA/features,4319,6e4dcecad6279bd08a31ec5d920a4984,1
/path/to/PANDA/features,4320,6e52a788e36a88c5267d49e219051d05,5
/path/to/PANDA/features,4321,6e5421b95ba6f7ae6d5c3ffddd797ca0,1
/path/to/PANDA/features,4322,6e56192db73e084b78d5f65946a607f3,0
/path/to/PANDA/features,4323,6e5820ec2c6f92c75e0ff86c68011042,2
/path/to/PANDA/features,4324,6e5c614c4436fdea159a085e5cc84f6f,0
/path/to/PANDA/features,4325,6e60addfff9ad2999bbfccc14dc2d6bc,1
/path/to/PANDA/features,4326,6e694031c3e263b2f9da1aa122897266,4
/path/to/PANDA/features,4327,6e6c2361d595ec7d96bccb42051c0f4a,3
/path/to/PANDA/features,4328,6e70fa6670bda66963853ad613e8fcc5,1
/path/to/PANDA/features,4329,6e79fc78cf67358d3d16daec5573b5a3,5
/path/to/PANDA/features,4330,6e7e839a427aff65b8016470ca6c8997,1
/path/to/PANDA/features,4331,6e84abc520fb2ab84a3aabe84291f0f4,0
/path/to/PANDA/features,4332,6e84edfad5dc1ebd5bf547931febf704,3
/path/to/PANDA/features,4333,6e8abccc98b71d43a680d69b3f9af124,3
/path/to/PANDA/features,4334,6e9995fa4c8db46c8bef5798eda91bbc,4
/path/to/PANDA/features,4335,6e9b1dced21f3757410975de012f3a15,0
/path/to/PANDA/features,4336,6e9f8456612b8c7ee6c4a5027539bf80,3
/path/to/PANDA/features,4337,6ea2b59534558f0d4b86d1a3891d611d,0
/path/to/PANDA/features,4338,6ea3b98851bd9ec5522236152b8998a3,0
/path/to/PANDA/features,4339,6eac976813faebe8dc84eaf3835e74c5,0
/path/to/PANDA/features,4340,6eb0214c5c18d2925fce96792123ab5c,0
/path/to/PANDA/features,4341,6eb1da90c9630e7c86f282c7eea4fe94,0
/path/to/PANDA/features,4342,6eba2d72fb7da7257125ec86e938f6b4,1
/path/to/PANDA/features,4343,6ebaeb1925943ae96bec6be4a370dc8e,2
/path/to/PANDA/features,4344,6ecaf999869adcb83f1c7e96922fbc0a,2
/path/to/PANDA/features,4345,6edc4da86334190089f6a093bf258ab6,3
/path/to/PANDA/features,4346,6ee0840e4cec3865e228b5f96fe0b188,2
/path/to/PANDA/features,4347,6ee803a651ec9f2bb7c7504dff596207,1
/path/to/PANDA/features,4348,6ef357192c2530ee54e1bd38a3231e00,3
/path/to/PANDA/features,4349,6eff2e378f54056138537e0bb1249ac6,3
/path/to/PANDA/features,4350,6eff61540d687bb80f2eda923b2dca9b,5
/path/to/PANDA/features,4351,6effabbce9e1637d70e503677d42c09d,0
/path/to/PANDA/features,4352,6f076bd7534e295a7a9870bcf603a81f,1
/path/to/PANDA/features,4353,6f0935638b47295c4e35008366c8768b,1
/path/to/PANDA/features,4354,6f0a397467d394b62c48a6199db06b6b,0
/path/to/PANDA/features,4355,6f10905caac3dca8c74143bf90848378,0
/path/to/PANDA/features,4356,6f15b249e474009e7e706e23fb28a4e4,2
/path/to/PANDA/features,4357,6f15b2e980b3551c44af3db0dbf45940,4
/path/to/PANDA/features,4358,6f164921ffbb37995b6a95a0e94ea892,2
/path/to/PANDA/features,4359,6f23c9de94899d380bd7a075209ef415,1
/path/to/PANDA/features,4360,6f2492a62387357de046f11af3a8524d,1
/path/to/PANDA/features,4361,6f310463d3868e86be87adddeccdde19,4
/path/to/PANDA/features,4362,6f362845996a98fdde62e6399fe1d097,1
/path/to/PANDA/features,4363,6f3aa87bfb96c835247c272ea0ea1848,4
/path/to/PANDA/features,4364,6f412ed9fa15d7b5c75bcfbe1fbb5b54,0
/path/to/PANDA/features,4365,6f50ffdccefb38de120dfb796577fd5b,3
/path/to/PANDA/features,4366,6f56626692cd29912c0eac773b21dcbf,1
/path/to/PANDA/features,4367,6f56c1a8d9755e36fc3329797d59874a,0
/path/to/PANDA/features,4368,6f5722cf3b8e5a90dc1e0eff127c4632,0
/path/to/PANDA/features,4369,6f59b0e5e3fb83824e6d994793cc00ed,5
/path/to/PANDA/features,4370,6f68931d407b98deb1c431c471e2dfdc,0
/path/to/PANDA/features,4371,6f75edad6dfc45ab8a79af4e5168a439,3
/path/to/PANDA/features,4372,6f763254ac599960c572c3ab0c0666d0,3
/path/to/PANDA/features,4373,6f7964ccd7bf337793b91b0a2c4266ca,4
/path/to/PANDA/features,4374,6f86752732ac1a1edc4eb785a9251516,0
/path/to/PANDA/features,4375,6f8a4164d3e4d3d168d51cc090ee7723,0
/path/to/PANDA/features,4376,6f8bf6cfb0c020fdfef1ddb79a250464,5
/path/to/PANDA/features,4377,6fa92edb736bd9191d197ab8eab2e535,0
/path/to/PANDA/features,4378,6fac93d389a9e8d4547f4add04f1b440,2
/path/to/PANDA/features,4379,6face919f28ca99a0acf083cd58181e3,1
/path/to/PANDA/features,4380,6fc63d2394ebade5d7e09856eab1f726,0
/path/to/PANDA/features,4381,6fd2d42591da02ae878e2d5c74bcc98f,5
/path/to/PANDA/features,4382,6fd638500e570165c9b725a00652c700,3
/path/to/PANDA/features,4383,6fd6b536110b95a0b8c26072ae5a0c39,1
/path/to/PANDA/features,4384,6fe956eb5739f0877752cba783828cd2,4
/path/to/PANDA/features,4385,6ff2655d791e26f1d8a98ea29668d0f0,2
/path/to/PANDA/features,4386,6ff318a6d23cd703fa230a51d9e36834,3
/path/to/PANDA/features,4387,6ffaf27156505265f49d0dbc2d14a745,1
/path/to/PANDA/features,4388,6ffce409ca17fbd571fc8338fe01a7a5,1
/path/to/PANDA/features,4389,70084ac115617e9243c963abc3295fac,2
/path/to/PANDA/features,4390,700a11960e7458ed75689c47eeebe141,4
/path/to/PANDA/features,4391,700c0607ec73c9ccdd88de5617f850a9,0
/path/to/PANDA/features,4392,700c5807a050c1819ce4e295890b35b2,5
/path/to/PANDA/features,4393,700e60e9a130333e62698a1c4ef46fa0,0
/path/to/PANDA/features,4394,7011aee2bad0c61f658a9e50aa0469e3,3
/path/to/PANDA/features,4395,701a0c1cbb556697609f4f45a8c0a7c7,5
/path/to/PANDA/features,4396,701ecb67f445ec65085f3cd4bef9f872,0
/path/to/PANDA/features,4397,7021622a31d3753956d55704d2073c2e,1
/path/to/PANDA/features,4398,70256626a66f83e38b69a88a68967130,1
/path/to/PANDA/features,4399,702c576df7dfbf43e3c17cd29f804ef9,3
/path/to/PANDA/features,4400,702f699c767a9e084ebb17df8d90636b,0
/path/to/PANDA/features,4401,704a213fd13aa5e59c4fcf5c84723e57,5
/path/to/PANDA/features,4402,704ca230d7cec3203271cf5fee986b9e,1
/path/to/PANDA/features,4403,70537a4b7d85e72fb377f1ced5ebd5a2,0
/path/to/PANDA/features,4404,7057c640774c8b672285d0854316d564,1
/path/to/PANDA/features,4405,706a5789a3517393a583829512a1fb8d,4
/path/to/PANDA/features,4406,7076140156bc53d5b1f3df9056a30568,1
/path/to/PANDA/features,4407,708254de6b71fa82c4d3479035c52a83,0
/path/to/PANDA/features,4408,708b83343fa17388231d1c86557e4396,3
/path/to/PANDA/features,4409,7097af00518c3d9b003a0a016f358990,0
/path/to/PANDA/features,4410,709bc21ccabfc241df80244c45f930a8,1
/path/to/PANDA/features,4411,70a840557099db07a37542bdf701df90,1
/path/to/PANDA/features,4412,70b7cff0f9d491805f74132bb41bb8f3,0
/path/to/PANDA/features,4413,70b8788b7d72841a18ebf2e47e70e24e,2
/path/to/PANDA/features,4414,70bbf2767eaa120fd0d4c12c9f598bb8,3
/path/to/PANDA/features,4415,70c9a171ceb4ce42717f1e91422cf83f,1
/path/to/PANDA/features,4416,70d2cd1db18265d9f01addecdfe13d7f,1
/path/to/PANDA/features,4417,70d813b5e09d4fdac98c761c15c28a62,3
/path/to/PANDA/features,4418,70ea9b7452f0663490984c544ef5178d,1
/path/to/PANDA/features,4419,70f266d7117c3fc1430abb4636790078,2
/path/to/PANDA/features,4420,70f608a3fafa4e75e3201a78962109b0,1
/path/to/PANDA/features,4421,70f71c6fa7ad2baeaff157a299e276a0,2
/path/to/PANDA/features,4422,70f9db53cebf8b01b447b1a1de031eb4,2
/path/to/PANDA/features,4423,70fa73960db8729c176876aefff96562,5
/path/to/PANDA/features,4424,7105b8ee8d4c00c513b334fdfdcd6c49,2
/path/to/PANDA/features,4425,710e3f6901a5e7e1c97bcc64bdbfd39d,1
/path/to/PANDA/features,4426,7120c2334b94794a94cf54a4ef1a2303,3
/path/to/PANDA/features,4427,71229858f8c8f974e6307b1268e18e35,5
/path/to/PANDA/features,4428,71284c0b091060bd4d353a9e94c8a491,5
/path/to/PANDA/features,4429,713488dc169d4113570a86352d0b4a9f,0
/path/to/PANDA/features,4430,713f7390942cd359d21b5340f1508427,4
/path/to/PANDA/features,4431,714a9564b61a4daee6c8a39a61e04500,1
/path/to/PANDA/features,4432,714ecc307ac6c09661404398747027ca,2
/path/to/PANDA/features,4433,714fe03e012bb674fd7f3fc8f6763c3e,0
/path/to/PANDA/features,4434,71514e491bb54436299fc06c6fcfac86,0
/path/to/PANDA/features,4435,71558dd96f24a06b1d3c9db21c183bd8,1
/path/to/PANDA/features,4436,715ab49e9cccf79ffa3987714d818f79,0
/path/to/PANDA/features,4437,716055036e3c107c1531535fbf8f5cf1,3
/path/to/PANDA/features,4438,71648d6b0b10a8c08da9934785608b51,0
/path/to/PANDA/features,4439,71680defe4772070e47b0b407ddccce7,1
/path/to/PANDA/features,4440,7175b804948e04ef6e96a06dd0d8b906,0
/path/to/PANDA/features,4441,717749557a161cd11f28a353b0daff52,1
/path/to/PANDA/features,4442,71866d9b0216c9023de83ef2f9906cb8,1
/path/to/PANDA/features,4443,7198a4a8aa40162461573004014923b2,1
/path/to/PANDA/features,4444,719a8909e15987594a62462fe4fa60e9,2
/path/to/PANDA/features,4445,71a3a451b367b93c6128e26c1516379d,1
/path/to/PANDA/features,4446,71a66ea303504eb43f3369162d0a9307,0
/path/to/PANDA/features,4447,71abdfb52804bed1259c90f7b414e178,0
/path/to/PANDA/features,4448,71ba7fd980accf756743a32254e8a71c,0
/path/to/PANDA/features,4449,71ca19a708b9e60d55b034cc6ab5a978,1
/path/to/PANDA/features,4450,71d1f80515b8060538cca8ef303fe853,0
/path/to/PANDA/features,4451,71dbcf5569584dac2aae88cf712d22b1,3
/path/to/PANDA/features,4452,71e7c927ed3da27ceae3de5699ff2f86,1
/path/to/PANDA/features,4453,71e9b5fc5cd1125e0d4c4d54c2a1c701,4
/path/to/PANDA/features,4454,71ed9d8a5cc6fb819ffe17b776310e74,0
/path/to/PANDA/features,4455,71f11949b427eac5591d44419969e616,4
/path/to/PANDA/features,4456,71f3ff8361e8d200a0b497ec2cdc2097,5
/path/to/PANDA/features,4457,71f72c0faf8f61d142ab33c4865ca538,0
/path/to/PANDA/features,4458,71fc7343524aad2c6953b454f7dce67c,2
/path/to/PANDA/features,4459,7200c323caff2ce71735a87fa810a211,0
/path/to/PANDA/features,4460,72036c2e4652e2ebf2cf22c10d138c35,2
/path/to/PANDA/features,4461,720fbd3ae39bbc0f60fbc61313a400e7,0
/path/to/PANDA/features,4462,7210b7dabbf6bd66ebb88d9398713997,1
/path/to/PANDA/features,4463,721690a32ab390374b3f0aba58e0e722,0
/path/to/PANDA/features,4464,721c5739be68d229d30b8a616886a17f,0
/path/to/PANDA/features,4465,7223b93b01ae684e7f0ee028c8a6ceac,2
/path/to/PANDA/features,4466,72273ecaf2d7de847ce3555519a6257a,2
/path/to/PANDA/features,4467,7230392803b2b7d2e496e45c12d188a4,4
/path/to/PANDA/features,4468,7234d2bf2df91f65e94e9ecc4ec5827d,3
/path/to/PANDA/features,4469,723a7750742b4b7630fe743c74ce9cad,2
/path/to/PANDA/features,4470,724b9b63d3a951e612d08a288fc89da7,1
/path/to/PANDA/features,4471,7252d0b847fb0a633458317990b22496,4
/path/to/PANDA/features,4472,725a9f2d3f932ff45a54401cddff9fac,0
/path/to/PANDA/features,4473,725d408c201802a91191f299824b0a3b,5
/path/to/PANDA/features,4474,725f6e74ba6aed08098c779047a19559,2
/path/to/PANDA/features,4475,725fc40fce67c6980c56cc17eafd0eb0,5
/path/to/PANDA/features,4476,726027a4c8a859b5d38ab6f4d42b8dba,3
/path/to/PANDA/features,4477,7269db31c46c18a2c42711373b7ac592,1
/path/to/PANDA/features,4478,7274571a802c724b6bb60c4e0ba08bee,0
/path/to/PANDA/features,4479,7286c3fa558dab2063a99ca8f3b5b36c,0
/path/to/PANDA/features,4480,7297153bf18e3e89678767205c2e3457,1
/path/to/PANDA/features,4481,729daa7642daaafddd00e48ac018fac7,1
/path/to/PANDA/features,4482,72a669da75812594654ab2097000c32c,3
/path/to/PANDA/features,4483,72aa3eb389001c2e3ceeb58e7b48dfe9,1
/path/to/PANDA/features,4484,72b0a410071190d5322512fdf244eec4,1
/path/to/PANDA/features,4485,72b1b91e6f808255aaa8ea7af6d84a7c,1
/path/to/PANDA/features,4486,72b46ce40040292c972e5c8fc84f857d,4
/path/to/PANDA/features,4487,72b9ca2c11e1a849e053013cd5e22d56,0
/path/to/PANDA/features,4488,72bac273a1df78ff5d3c8628a95f8fba,0
/path/to/PANDA/features,4489,72bd56326bacd70420b41ec463aae7e8,3
/path/to/PANDA/features,4490,72c00859044a377377a9caac31885e9d,0
/path/to/PANDA/features,4491,72ce19093e603d0ed7e0ea843dd4bd4a,0
/path/to/PANDA/features,4492,72d976f2ad72cdab7c812f170cfa8a4f,3
/path/to/PANDA/features,4493,72e0bd3f347c8619508cbf214024f647,3
/path/to/PANDA/features,4494,72e64850d127c65815492af84473a26e,0
/path/to/PANDA/features,4495,72e6fcfe23c7eec6a0474b9d86c2f506,5
/path/to/PANDA/features,4496,72e996bf235d7bcec83fd9c8f7de1977,0
/path/to/PANDA/features,4497,72ed5caa64960f0dd8bc85a3c83e9179,5
/path/to/PANDA/features,4498,72ef48dc4b05d21859f3842c373e5216,1
/path/to/PANDA/features,4499,73037573234229d6a23f57873f966dce,1
/path/to/PANDA/features,4500,730688499d4fa73f9b1d051c10630fa5,1
/path/to/PANDA/features,4501,730819de8caa21fb6a33ce916c68b15b,4
/path/to/PANDA/features,4502,730e67d627553f2268de2e1d17b48c91,2
/path/to/PANDA/features,4503,7314acc5f6e8d42d384a13da803e10b2,4
/path/to/PANDA/features,4504,73264c925b3bf362738f380706b0f6b7,0
/path/to/PANDA/features,4505,7330d34ce601199f83d5aeefd81e11a1,1
/path/to/PANDA/features,4506,7339b4fe01bff9be3c2326e47ede6ec7,0
/path/to/PANDA/features,4507,733dbfd0b96484c20b09ecdc4e4b095c,2
/path/to/PANDA/features,4508,733fcfe0b7b216c5e4e114305bb4b05c,4
/path/to/PANDA/features,4509,7343399845610a863e3153fb6bc1f5d6,1
/path/to/PANDA/features,4510,734aa3671b40d98535e383bb9088fb1b,1
/path/to/PANDA/features,4511,735ed10b9f870ff45482454f55b1d807,5
/path/to/PANDA/features,4512,736b0309ed30e790642114825ed25f7b,1
/path/to/PANDA/features,4513,736de3568ffafdb50cc9f53c0fc31032,5
/path/to/PANDA/features,4514,738963113c79bb3c8814b06224a263a3,0
/path/to/PANDA/features,4515,738aeefd8bc05ac71e2ea552828e97da,0
/path/to/PANDA/features,4516,738c290ad6589e07a3c07158f691dbf9,3
/path/to/PANDA/features,4517,738c961280912c67a489723fedffe882,1
/path/to/PANDA/features,4518,738dc44527924dc7229e284254e76362,0
/path/to/PANDA/features,4519,738e10c912a9f554aa16122f48181c50,1
/path/to/PANDA/features,4520,73a68f27d9581434d99b621f0c2a434c,0
/path/to/PANDA/features,4521,73a8c10ff66347ba7187a1eb52e0e8f2,0
/path/to/PANDA/features,4522,73b0a645fdadb31c74ffba963d4350bc,0
/path/to/PANDA/features,4523,73b8d27f3bcfafdd94ca47c2dd9e13ce,1
/path/to/PANDA/features,4524,73c7d86b827a74891d0a2dbe904006a1,0
/path/to/PANDA/features,4525,73c83151a4b6e0bbea3ce58f1f924308,4
/path/to/PANDA/features,4526,73ca95633a46136d909f5ad45c7ddda1,3
/path/to/PANDA/features,4527,73cc9e1ff0ef4259e95b692a37e6ea52,5
/path/to/PANDA/features,4528,73cd33025927b81dd36dda93a35b93db,5
/path/to/PANDA/features,4529,73cea45cabd1048067e6500bdacb7356,1
/path/to/PANDA/features,4530,73d77ab122d5236e46e408e73d3f8639,0
/path/to/PANDA/features,4531,73df680f7884e13355a1f1fc2bacc3a4,1
/path/to/PANDA/features,4532,73e7548823a81d6f46a1c863756dbb65,0
/path/to/PANDA/features,4533,73e92e6b0a791d808d9767aa3d0750f2,2
/path/to/PANDA/features,4534,73ef865e4905cc6276f0123c87af0882,5
/path/to/PANDA/features,4535,73f0114ee40c98cb1b85cd0ae6614e67,2
/path/to/PANDA/features,4536,73f6bfb643e1d0d8d3868b7f1f0cd33d,3
/path/to/PANDA/features,4537,740977ee68851c61e48f108eb3e996fc,0
/path/to/PANDA/features,4538,74121dc7165c19a5d72bdbe3eaeb90d2,0
/path/to/PANDA/features,4539,74152f587c556cfc44a0256fbd21da59,2
/path/to/PANDA/features,4540,74168f41b89abab36ec0a1b014c582ff,2
/path/to/PANDA/features,4541,741c3cea01151450aa8a04c021978b70,0
/path/to/PANDA/features,4542,741f6260e0f75b64a72e9a905003c29d,3
/path/to/PANDA/features,4543,74270feba7d6ce664d84065e27cfea6d,0
/path/to/PANDA/features,4544,7427631c3c24496fac0b24e07bdaa4b9,1
/path/to/PANDA/features,4545,742e58363ad59930dd29cd4d23e3e2e0,5
/path/to/PANDA/features,4546,7430ef957ff8212cfe421b132ccd7bda,2
/path/to/PANDA/features,4547,74322183fb32bc720347884f80985c40,4
/path/to/PANDA/features,4548,74340eaeb135c761155f1a7f198f17dc,5
/path/to/PANDA/features,4549,7436cdbf9876ac812cdc3ea7557aadaa,0
/path/to/PANDA/features,4550,74397f4f4201c4b8c1d7a91da321760e,2
/path/to/PANDA/features,4551,743ba77cb6d84359b3d3b4e8553b57ae,1
/path/to/PANDA/features,4552,743d3a6c9bd81c8fe2959f362d4a3cee,0
/path/to/PANDA/features,4553,744b4c10245f313ef771961b66e0c2f5,3
/path/to/PANDA/features,4554,7453f914420e9b89a68dae903210b8b8,2
/path/to/PANDA/features,4555,7459ad1c89716d7160c67bd1b7083f0f,3
/path/to/PANDA/features,4556,745fb454d6a8791d6cd69d1aa4dc90ba,4
/path/to/PANDA/features,4557,745ff65e8c4d1006694049e1da8b938b,0
/path/to/PANDA/features,4558,746223e2679f7697dc6b6aad326a01df,3
/path/to/PANDA/features,4559,746b95b3a32975082d0ad357527ad701,4
/path/to/PANDA/features,4560,746cfe9ab71459d51eb0fbdb72348ae8,5
/path/to/PANDA/features,4561,74736591228da467badedcc92c3c1bd2,1
/path/to/PANDA/features,4562,747573e239e3461456074695b68c1524,3
/path/to/PANDA/features,4563,7480c3f00ec3de5d7dd844522cd8d007,0
/path/to/PANDA/features,4564,748ddaf8e51c84b260335520e97a8cd7,4
/path/to/PANDA/features,4565,7493b991594249bb3027be2df62a4dfd,0
/path/to/PANDA/features,4566,749bbeaeb604f1b95ef49b17f9ffa417,3
/path/to/PANDA/features,4567,749cd48d71d41aef0b04653f898caa7b,3
/path/to/PANDA/features,4568,749daa61a4a9b3adc9be11e75a38b9e0,5
/path/to/PANDA/features,4569,74a196968e9dca6a5131950004876673,5
/path/to/PANDA/features,4570,74a3e5ce5ddfb279a32bbcd378b5474b,5
/path/to/PANDA/features,4571,74acf0cf4abb0e8ffa7afc0fa06eb53e,0
/path/to/PANDA/features,4572,74b8cd450974417d88ee617601cea1b1,2
/path/to/PANDA/features,4573,74c2ad4cf2820e6ede00c6c4fb3e4ab2,4
/path/to/PANDA/features,4574,74d22c241baec436993abf1416138165,4
/path/to/PANDA/features,4575,74d36d7627cf7642675e3ecc574eefa6,3
/path/to/PANDA/features,4576,74dba0e17c566cfe5063d8f161c61ef1,0
/path/to/PANDA/features,4577,74e62ea8e9e5c1a2f6081b831dc1535e,0
/path/to/PANDA/features,4578,74f7964ce88013503e3748a1bbf83cb7,2
/path/to/PANDA/features,4579,750cf428f4f94ee2c4142320505b57e2,3
/path/to/PANDA/features,4580,751016133b7a6d0cea31c75ed46ca532,0
/path/to/PANDA/features,4581,75170383deee90cd67c6a9def29fbd30,0
/path/to/PANDA/features,4582,751b5369155b1086d5a5f3feeb21bdc5,5
/path/to/PANDA/features,4583,75272c0e3fc6faeb17a353b704051e11,3
/path/to/PANDA/features,4584,7536ba997f28abb98cc4c0f31865971d,1
/path/to/PANDA/features,4585,753743ff6e00c61a67516723909f71d7,0
/path/to/PANDA/features,4586,7537c295737f3a982a8859919c962c66,3
/path/to/PANDA/features,4587,75423e7c7aec5ed80bc70b62e9ff62c0,3
/path/to/PANDA/features,4588,7544176f3abc652330625e45f8cdbae9,2
/path/to/PANDA/features,4589,7544fad7b4026bc2d67c7ef68183abad,0
/path/to/PANDA/features,4590,7545bb72e9432d63018ce7cc1c0ad80b,1
/path/to/PANDA/features,4591,754bb7812dca6a3fe59c3da1558a411f,1
/path/to/PANDA/features,4592,755150712ebcc2df72627e68797009cd,0
/path/to/PANDA/features,4593,7569c687588682f6eb814d95ef223ceb,5
/path/to/PANDA/features,4594,756d99387536d5721fcf4cf590627179,0
/path/to/PANDA/features,4595,7573282cf721d6997937fe8eb05d5c5f,1
/path/to/PANDA/features,4596,757ab0daaac5935f83521a2e226e4fc3,0
/path/to/PANDA/features,4597,757b7b672e19cfa1350f8477f4b5d66e,2
/path/to/PANDA/features,4598,757b927de93c8083c392f2248529d29a,4
/path/to/PANDA/features,4599,75835cc8ccb7fe86356cebdb35006fab,0
/path/to/PANDA/features,4600,7584a04126c380a776b9a27c23ca2a1d,1
/path/to/PANDA/features,4601,7586acca9d42458aebf5dec54a544792,1
/path/to/PANDA/features,4602,758abc79f666a398d3d3bde30eb9db2e,3
/path/to/PANDA/features,4603,759b9eca357202fc550e17cf10daed11,4
/path/to/PANDA/features,4604,75a60b119d3a12f697976603962372e3,3
/path/to/PANDA/features,4605,75b0ca283a903e85a9e7edd122435bf9,4
/path/to/PANDA/features,4606,75b17665772a71684a7b7855ea212a30,1
/path/to/PANDA/features,4607,75b2b6247093645b5725130edb8f14ce,1
/path/to/PANDA/features,4608,75be11818843990c70ba0b6ed753f3c0,3
/path/to/PANDA/features,4609,75bf452b6730d6e41a189540bae2129e,0
/path/to/PANDA/features,4610,75c9a85b2ccc5d3739e3853b07e8e740,5
/path/to/PANDA/features,4611,75cb55b879fce1a96c8273cdd77048c0,4
/path/to/PANDA/features,4612,75cf9bec1ba79a53d29d9d81762e1817,0
/path/to/PANDA/features,4613,75d32a8387f978cdfdbc040b14265ce5,4
/path/to/PANDA/features,4614,75d610802826f390bbda0f4e11260a56,0
/path/to/PANDA/features,4615,75d6fbb7553743b1b4231df1f327de28,0
/path/to/PANDA/features,4616,75dc1015740869115a4caed7e345b591,5
/path/to/PANDA/features,4617,75dfcc2a661ccc7eccf5bcfb3a4896e6,0
/path/to/PANDA/features,4618,75e0312b501f37b88a274858cb8e7275,2
/path/to/PANDA/features,4619,75e041fb7c1d1188888c2010c856095b,3
/path/to/PANDA/features,4620,75e60534dd93f29fda25575c1c2e910f,0
/path/to/PANDA/features,4621,75f88e0160a54ef358eb9c6aba970f0d,1
/path/to/PANDA/features,4622,760c42976ae580bcfe3381ccb4bc2a2e,4
/path/to/PANDA/features,4623,760f8945b00dc239d46a48bc34909eb6,4
/path/to/PANDA/features,4624,761c220aa5e231d8b570d0a7d10f2517,0
/path/to/PANDA/features,4625,7621cfcba348f4069137a9fb5399d2de,5
/path/to/PANDA/features,4626,7624415370e093d21a25464df6b3fbff,2
/path/to/PANDA/features,4627,7626a74f93075073e51994c4f3c5f2a5,0
/path/to/PANDA/features,4628,762a82c19ca0324ee1fba2b8fad35534,1
/path/to/PANDA/features,4629,7641921e308edd4de40ad5f83db43a04,0
/path/to/PANDA/features,4630,7648ece616fd961c1447684b7dc0c654,1
/path/to/PANDA/features,4631,764bdd14f26588403269fab48b4c0ad8,1
/path/to/PANDA/features,4632,764e8e5bd4476d6859fae2b16ef6e2cc,1
/path/to/PANDA/features,4633,764ec457d473f52c479f2abbb21ce157,5
/path/to/PANDA/features,4634,76511406b9d7b53a531f4205c0660a6b,5
/path/to/PANDA/features,4635,76512fc338f0cdc3252fb1e4a0d7709c,4
/path/to/PANDA/features,4636,76541217a60105571466b759358ab8df,0
/path/to/PANDA/features,4637,76555861e947185a4e4db0bc8ddf5462,1
/path/to/PANDA/features,4638,7657e325f5f8e11b05ea3428ba89b53d,3
/path/to/PANDA/features,4639,765ac70e1d7527d06ecb6f5b7fb2247a,0
/path/to/PANDA/features,4640,765b21a22c0ced4bd463ac18bca81705,4
/path/to/PANDA/features,4641,765f379ba8bbc988d29c8e706512d053,3
/path/to/PANDA/features,4642,7661a735826854e0f106a93768439452,2
/path/to/PANDA/features,4643,76646d841dfa7b647f6034e73417c1ee,1
/path/to/PANDA/features,4644,766a40322fe11a3794eada34c348b5cc,5
/path/to/PANDA/features,4645,7670f6b1a24f876a30afc5f33043ede7,5
/path/to/PANDA/features,4646,767c041d13e5c5a89d22126d0da123f6,0
/path/to/PANDA/features,4647,767cafac7ddffdb276f3f31b61c1b7ea,0
/path/to/PANDA/features,4648,7680283193608f46ad4f0d95550c16a5,5
/path/to/PANDA/features,4649,768098d5b47a4b3e2f18993da3bda0a4,2
/path/to/PANDA/features,4650,768c8df7881cfb1cae96959206e73732,2
/path/to/PANDA/features,4651,768d55de89f45642bc028f79b39ceaa8,0
/path/to/PANDA/features,4652,76a17a9705fd4ab2ccdcdd83fb7245ce,5
/path/to/PANDA/features,4653,76a8ff1f9493e07c2e6cd013e3ee0d49,2
/path/to/PANDA/features,4654,76b31e161abf5aa20c824461927dded0,4
/path/to/PANDA/features,4655,76b3c174b4d6c34bf2ce7322d0a5de37,1
/path/to/PANDA/features,4656,76b8865c3acb3c9ac2d796f523bd2da7,3
/path/to/PANDA/features,4657,76c4369a05d0822a0f8280b70f7a179d,2
/path/to/PANDA/features,4658,76c8934b7350a3ad777b94f624390dbf,2
/path/to/PANDA/features,4659,76cec2f8a10d68dced78797110cdde8f,0
/path/to/PANDA/features,4660,76d1bcd4b79d27c2171a0d6107b31349,2
/path/to/PANDA/features,4661,76d4adfe37540b9f618888092c2bc162,2
/path/to/PANDA/features,4662,76d58aad5928c554f665a8fad600dfb4,3
/path/to/PANDA/features,4663,76d8f3c423e04492b02311274ebc49ac,3
/path/to/PANDA/features,4664,7702d29d578fa93ad74bfa30a3ad0024,2
/path/to/PANDA/features,4665,7703b3e46277d191b3ca412f2d2f3369,1
/path/to/PANDA/features,4666,7703dca0de143ad38738f53bee104632,0
/path/to/PANDA/features,4667,7706a3b93d3b590af66ab5402b461479,0
/path/to/PANDA/features,4668,770821ebd320060e08c031bd3bb60ecf,0
/path/to/PANDA/features,4669,77086e72bf6d11aa544700a8a3e5da45,3
/path/to/PANDA/features,4670,77087895140c470801c962615845e36a,0
/path/to/PANDA/features,4671,77168b76ae7d1734b51e0d3601b7ffec,1
/path/to/PANDA/features,4672,771b4d1f002ddd740017d6e4371df8d0,2
/path/to/PANDA/features,4673,771d1a07ddea7dc129a58d50f749d042,1
/path/to/PANDA/features,4674,772161b22125c50b1d78d9b8c8a2bca2,1
/path/to/PANDA/features,4675,7732735eaffbc56feead4e9d2e4663f2,1
/path/to/PANDA/features,4676,773997a45c3f0aa4f7483f3972e4b53f,4
/path/to/PANDA/features,4677,773d5f35cb242573885d18d302a9157c,2
/path/to/PANDA/features,4678,773e080a5857ba8c0669c435af2f1095,0
/path/to/PANDA/features,4679,7746e3e26cb571b77521d430398c2cc0,1
/path/to/PANDA/features,4680,774b7c9a6f5c6a81a411cb46f697fac5,3
/path/to/PANDA/features,4681,774c9b631a29f191836b1078a6c3a67c,2
/path/to/PANDA/features,4682,7756a308dbba65d82a3cf91700b02f09,1
/path/to/PANDA/features,4683,775777a9999dc86820444d6c67c5c78f,1
/path/to/PANDA/features,4684,775abecd4e7149acd83c9c3c55e2834c,5
/path/to/PANDA/features,4685,775d39466b474d54ae714215034c5a83,3
/path/to/PANDA/features,4686,7763fcb754695bb29ee869566c18168e,2
/path/to/PANDA/features,4687,776c22e2a5be1a676091f53a3aae0afd,2
/path/to/PANDA/features,4688,7775b519430c6dff66beb29f1cc9f003,2
/path/to/PANDA/features,4689,777e89beb78fc98db5806423fe7f7254,5
/path/to/PANDA/features,4690,777fd967a1a841b60733bc1b0679576c,1
/path/to/PANDA/features,4691,7788ddca67e3faf4da246eacc60675a3,0
/path/to/PANDA/features,4692,778bd33e4eb7fbc28402051743b78aa2,5
/path/to/PANDA/features,4693,7790f122a65e43cbf84165a610eefcfd,2
/path/to/PANDA/features,4694,77a4c2c4f65015fe548e5c07db9e805d,0
/path/to/PANDA/features,4695,77a8d4500bd331027b965e1b1e581ab1,1
/path/to/PANDA/features,4696,77baa1e549ada2966bd21cb3eb6b5072,3
/path/to/PANDA/features,4697,77bd87b225a08ba9983b605d2801d2bb,1
/path/to/PANDA/features,4698,77be3c7dd3fd2f401366fc8e565a88b4,1
/path/to/PANDA/features,4699,77c54076f96efce539cf3efc58d891ed,2
/path/to/PANDA/features,4700,77c62a6092fe0e55df4ca54cb8e71923,4
/path/to/PANDA/features,4701,77c6467a0d8f88ea46a6544c06b092b1,2
/path/to/PANDA/features,4702,77d2d284e6b6962f2761d1d37797c465,4
/path/to/PANDA/features,4703,77d849c7c5d20f1e604e304a8dd676ce,2
/path/to/PANDA/features,4704,77db80dce3763d46aacb3e82c59bc325,0
/path/to/PANDA/features,4705,77de0e765d8729e7386589f21961279f,5
/path/to/PANDA/features,4706,77e19d39a45757f4de12589e87d83312,5
/path/to/PANDA/features,4707,77e6971aea24697a8ab12490aba58aab,0
/path/to/PANDA/features,4708,77e8a9d9718a78c7602a4cd5d1f98da5,4
/path/to/PANDA/features,4709,77edc8db84f358e3c7ff787f907cb1f1,1
/path/to/PANDA/features,4710,77f39327a9e1348bddc37351968ab58a,1
/path/to/PANDA/features,4711,7801a3c5f22f0e8e303b27f61059063d,1
/path/to/PANDA/features,4712,780229c1e7700155517861f277640f97,2
/path/to/PANDA/features,4713,78079f0be01cdfed7111f16d2a3473da,0
/path/to/PANDA/features,4714,78085d10a2665075cba3b247a151f82e,4
/path/to/PANDA/features,4715,7812bf8e4dbb7288800509b89776da73,4
/path/to/PANDA/features,4716,78138d4fc0b8fceb04138cd44d4a4fdd,5
/path/to/PANDA/features,4717,781406b2bb43d49316a967d4dad3fbb4,1
/path/to/PANDA/features,4718,7817ae2d392ba4f6cb9104fbe70b6274,3
/path/to/PANDA/features,4719,782211a8e7b058a8b90697bbe9ef573a,2
/path/to/PANDA/features,4720,782b123f591d199d327080d8a9d045d1,2
/path/to/PANDA/features,4721,78492483abe19fd7ec29697e2c87557b,2
/path/to/PANDA/features,4722,784c60e4447c017aaa12f2013352b92b,4
/path/to/PANDA/features,4723,784f110168ff6164216bc1af7f3aff7d,0
/path/to/PANDA/features,4724,78501527e96d0992e314221af62dca45,2
/path/to/PANDA/features,4725,785b6f565b34da9587a5fc441edbd49b,0
/path/to/PANDA/features,4726,785d4b89a87c0714b01155d6acf35448,2
/path/to/PANDA/features,4727,7868df96e0a90130801b19b88185dbe3,2
/path/to/PANDA/features,4728,787b336dec5e8a7dd9d993a9b23b773c,1
/path/to/PANDA/features,4729,7889a8d815877c63420df1750271bd24,3
/path/to/PANDA/features,4730,789a88aa6341166fa4e3e08647d3d0e8,0
/path/to/PANDA/features,4731,78a2c729590d6919ab84be24e27c94a1,0
/path/to/PANDA/features,4732,78a5b3a0da3234789fac1ba1110ccc40,3
/path/to/PANDA/features,4733,78a5e50e3af575d941eb26bebc3d2318,1
/path/to/PANDA/features,4734,78a7071f862c2622d8375790ebe71c5d,2
/path/to/PANDA/features,4735,78ab08388dcb0af78e8692e9e482952a,1
/path/to/PANDA/features,4736,78ad8ce5fe537a97afaf19db3e99628b,1
/path/to/PANDA/features,4737,78b2a52265722810be3fc2f3a562630c,2
/path/to/PANDA/features,4738,78bd2af7d449cc2185aaf861f61531aa,4
/path/to/PANDA/features,4739,78c5e472a9d41b66a53ac0d2b9be7cae,1
/path/to/PANDA/features,4740,78c7bad2262ae25179e8cd6633648487,0
/path/to/PANDA/features,4741,78d0d8888cb53a305dd5931d7cdb84eb,0
/path/to/PANDA/features,4742,78d70c1732ef444ad636a5d3e2ae733c,5
/path/to/PANDA/features,4743,78d8d01ea0cec064b6ad7c9b283eff55,0
/path/to/PANDA/features,4744,78df50e8abf5d8e54049be64afc39e92,1
/path/to/PANDA/features,4745,78e15fff6ef70715b6f5b44caf905f97,5
/path/to/PANDA/features,4746,78e1c4d579f35d13b3b38053622061ab,4
/path/to/PANDA/features,4747,78e3e60195790495de73121ecf24a8e9,1
/path/to/PANDA/features,4748,78e46173ed26ae262dc182236d017937,0
/path/to/PANDA/features,4749,78ef82c809a7a83e145b2ff221af942d,1
/path/to/PANDA/features,4750,78f6d025609979fc48e7b705561f21ef,2
/path/to/PANDA/features,4751,78f76ff1752f95a19bcc86e28c89b70d,1
/path/to/PANDA/features,4752,78fa6eadfc403f3440ef91db24d387b6,4
/path/to/PANDA/features,4753,78fb9c534fe83124d15dfd2b64f62e17,0
/path/to/PANDA/features,4754,790101ed8e85c73aee6d25529a583dc9,1
/path/to/PANDA/features,4755,79067602aa4e5c1d6432839a07875f82,2
/path/to/PANDA/features,4756,79076a8b8c506ea1a5ee4649abc2c073,1
/path/to/PANDA/features,4757,7907a6d9eb98127ed4906b37b5f52c7b,1
/path/to/PANDA/features,4758,7917868832afbdb15a7106ebc5c85950,0
/path/to/PANDA/features,4759,7919e7ed6bda1f641e5b7918d793edd4,0
/path/to/PANDA/features,4760,79212be3df3e81973f9e0365920f2282,1
/path/to/PANDA/features,4761,7929c4ab2e5c659112d6f274fcb1fa9f,0
/path/to/PANDA/features,4762,7937d047d50afcec4f17c0004de18c60,0
/path/to/PANDA/features,4763,793a0289643d24429d30f07b32b4204c,1
/path/to/PANDA/features,4764,7949ecf12e340288cf6a60bd28698559,1
/path/to/PANDA/features,4765,794ae0323bf83d25bc4494ffdb1a8a45,0
/path/to/PANDA/features,4766,79538de71a078ec7348f0340f8a7e995,1
/path/to/PANDA/features,4767,79605f6c2dcd76ceee9a3ab3c3b7dc4b,4
/path/to/PANDA/features,4768,796470003451ea8980c4298b8413cb90,2
/path/to/PANDA/features,4769,79651b24fbb072aba80cd457ccee57f8,5
/path/to/PANDA/features,4770,79690b9bb5b5c21b9884b3264bcd6ce8,4
/path/to/PANDA/features,4771,79774fafc9e6a361b6abb548739bf119,0
/path/to/PANDA/features,4772,7982c501352a5974743b000378f161b8,5
/path/to/PANDA/features,4773,7989dc8593e576e3c44df1054d5d4686,0
/path/to/PANDA/features,4774,798b6d2cc34c30279d4155deebf16647,3
/path/to/PANDA/features,4775,798bad8db4b90b6a0c012465a8fbc344,4
/path/to/PANDA/features,4776,799a3e6817e06575c4618ff9e845491a,2
/path/to/PANDA/features,4777,799cb4b13d53dcd60058a4dd35a933e6,3
/path/to/PANDA/features,4778,799e5493454e8e8e4f75d383846625b0,1
/path/to/PANDA/features,4779,79a741c8d6157f85a761d3de05986311,1
/path/to/PANDA/features,4780,79af987e53cfb0bf7187058829f811e0,0
/path/to/PANDA/features,4781,79b3f2787261e5c96b3c9bf9a33c7537,3
/path/to/PANDA/features,4782,79b91beee42bcf1aa1e5cc91da08f683,1
/path/to/PANDA/features,4783,79c0ed7b8274042a87f647a1e03d01e8,5
/path/to/PANDA/features,4784,79c1bcc4eda4d24d26faa9154123774e,0
/path/to/PANDA/features,4785,79c3e138e65b4bcabc078bb94f13ac0f,1
/path/to/PANDA/features,4786,79c4f98b053a943b41bdc8d47ead9013,4
/path/to/PANDA/features,4787,79c8f162b231aebb6c639afa3f4395ae,5
/path/to/PANDA/features,4788,79d835c5885552240b7e7dd5a5201dde,1
/path/to/PANDA/features,4789,79dfa97a2655441fdc5cd428789d7759,4
/path/to/PANDA/features,4790,79e6f48335f8260876bff6941eddbf18,0
/path/to/PANDA/features,4791,79e7ac532c7b4052075ad6c85be3facc,0
/path/to/PANDA/features,4792,79f2a04c4e2d558d425dc137ca300e14,0
/path/to/PANDA/features,4793,7a0080b771eff77b47ce512773a026dc,2
/path/to/PANDA/features,4794,7a037cc442f5e4795192c1631d5af535,2
/path/to/PANDA/features,4795,7a059d43b8f1c7c231a2257df8a1a9cb,4
/path/to/PANDA/features,4796,7a06c24907b5a0474a182905cb0c8dae,0
/path/to/PANDA/features,4797,7a0a50d6ea7cd7654369f1ec71f93db3,1
/path/to/PANDA/features,4798,7a11953f0c2c18ee2bec9c6fd5f4e561,5
/path/to/PANDA/features,4799,7a1b601b146af835cef2bc71ea599c65,3
/path/to/PANDA/features,4800,7a24335ccadf8e33ed1a62cafd70f6f2,3
/path/to/PANDA/features,4801,7a2980fb744ca6ea7a9b5d9fa4d838bb,4
/path/to/PANDA/features,4802,7a30bf7084d9236f6ecd0474f45fe1cf,5
/path/to/PANDA/features,4803,7a40364bb1370598575caac647f1635f,0
/path/to/PANDA/features,4804,7a42019fe50ed38d182095e380b9e038,1
/path/to/PANDA/features,4805,7a464bac7623466f449cbc7279d79f85,1
/path/to/PANDA/features,4806,7a4a98bfcac87d4496e2b182a4b1a293,1
/path/to/PANDA/features,4807,7a4eeb9ad072b4c2c72ae24347705635,1
/path/to/PANDA/features,4808,7a5f4e79d1efd7b32518909b00753bd5,4
/path/to/PANDA/features,4809,7a7cf950c048a74193c9420df36cff77,0
/path/to/PANDA/features,4810,7a7df1b2eabf6a5b55cba56cd312fcc5,4
/path/to/PANDA/features,4811,7a8abc693ab86d8b1e89e6ebe3169fb7,0
/path/to/PANDA/features,4812,7a8adc17b081d43dd1131c4a9fffdf01,0
/path/to/PANDA/features,4813,7a8b6bab463a5bb84042635acbac50cf,1
/path/to/PANDA/features,4814,7a95a6fb15692d43bdee94ae40b7437a,1
/path/to/PANDA/features,4815,7a97453ba9d4e3722d28f11cda34e079,4
/path/to/PANDA/features,4816,7aa2c45fdc9434e85965643dbc10093f,3
/path/to/PANDA/features,4817,7ab654bd45dc4f11910a986561259bef,0
/path/to/PANDA/features,4818,7abe38c9601e7503d0169984f8ebf948,0
/path/to/PANDA/features,4819,7ac43767d5c17c9700f95785ad1cd3d3,1
/path/to/PANDA/features,4820,7ac75b11d166936c552ce33e170afd4a,1
/path/to/PANDA/features,4821,7ac8dad154070e9759a7165d721045f9,0
/path/to/PANDA/features,4822,7acd16338dbb2d1fa02cd6f3b80436a3,2
/path/to/PANDA/features,4823,7ad0a9cb57524268ae0af29962e3b4b0,1
/path/to/PANDA/features,4824,7ad5685ded3cccaaed64166a7bad4798,0
/path/to/PANDA/features,4825,7ad575414ac3516485d5ed13602aa8b8,1
/path/to/PANDA/features,4826,7adbbe8f689e5d5c0593855b056f7019,3
/path/to/PANDA/features,4827,7adc6f83ec8eefb4e94c79ad70ca76a4,0
/path/to/PANDA/features,4828,7ae3ce7d22d6f62fdd339ea657ea3c70,2
/path/to/PANDA/features,4829,7ae412eda1a4203bb31484fdcdf0864d,4
/path/to/PANDA/features,4830,7ae637109d077936dbde6c77bd2c5eb7,1
/path/to/PANDA/features,4831,7aecfafc3f7197a290d62660924583a8,5
/path/to/PANDA/features,4832,7af4089a1002c57b8418fffe9c9f2eee,0
/path/to/PANDA/features,4833,7b0067248bea443b4d8c135e4b626028,3
/path/to/PANDA/features,4834,7b167a43593cb2fcbdd16b62c995ea2c,5
/path/to/PANDA/features,4835,7b1a65b22d46a63d2180cdb05fab5a11,1
/path/to/PANDA/features,4836,7b22fd3e61cb1d3649fa02db994ab146,1
/path/to/PANDA/features,4837,7b3815c05f7c7ad8535eefd39db806c1,1
/path/to/PANDA/features,4838,7b3c5e07fd05616a34fa757f17029f99,0
/path/to/PANDA/features,4839,7b3f3b2a473fa265132ca41c139372b0,0
/path/to/PANDA/features,4840,7b40ef986a69cbdac10544f133832cf4,0
/path/to/PANDA/features,4841,7b4620ce61fb768c0ad330e3bd9caacd,4
/path/to/PANDA/features,4842,7b4a519e6af8924b417bf72294067964,0
/path/to/PANDA/features,4843,7b4b413b17b7daed18c55ba3c75ad036,0
/path/to/PANDA/features,4844,7b50f6e3c388c3eab68df2aa2403e7d2,4
/path/to/PANDA/features,4845,7b53f5d1894cf165b880be0ca21fd23f,4
/path/to/PANDA/features,4846,7b576fbb0da9890869714dadff5226df,1
/path/to/PANDA/features,4847,7b5b2d7f86f7725b0ea4f0ed3b4807de,3
/path/to/PANDA/features,4848,7b5c303bc727db87d76486bc15084adf,1
/path/to/PANDA/features,4849,7b662caf1d1ce381c184dec903a20483,1
/path/to/PANDA/features,4850,7b6dc08185aef4a4739b8ac8eefa47f8,1
/path/to/PANDA/features,4851,7b77301b3eba03e9b47d927d212d64aa,0
/path/to/PANDA/features,4852,7b7884a293fae272689b6d18e245dbe7,4
/path/to/PANDA/features,4853,7b845b428b07584b93d5d07a1b0de2b6,0
/path/to/PANDA/features,4854,7b87b209b60e844a1b74a6e92edaa89b,0
/path/to/PANDA/features,4855,7b8d2f39e387bc0a54504377f8318247,3
/path/to/PANDA/features,4856,7b917641f2ce238b8ea819f9b0497d3c,4
/path/to/PANDA/features,4857,7ba42fc0e9dcca31759ee7d0799a943e,1
/path/to/PANDA/features,4858,7ba5bdeb014cf2d27421bc65b2759bbc,0
/path/to/PANDA/features,4859,7baf8e46e8720b8b2d379d2ed3b776b2,4
/path/to/PANDA/features,4860,7bb1820c1aa24e37399fdf647a1ed64a,1
/path/to/PANDA/features,4861,7bb9269813e03e9e784a87f3a2486f04,1
/path/to/PANDA/features,4862,7bc0cca2cee2bf4522192fd5ba79347c,2
/path/to/PANDA/features,4863,7bd0182b68e2eaafde6ed8ad0dd6e3bf,1
/path/to/PANDA/features,4864,7bd46f8d2cc1f459bd176828df350655,4
/path/to/PANDA/features,4865,7bdba25e2792ffaa6255a2d4914efe41,1
/path/to/PANDA/features,4866,7be44aadbb607a7b01a4ffeb792fd36e,0
/path/to/PANDA/features,4867,7bed5662489bd913da7e9792f715c1ed,0
/path/to/PANDA/features,4868,7bfaebed8876423a4b7e2adec380747a,2
/path/to/PANDA/features,4869,7bfe00531a6e790df9d3fa389a6a97f2,0
/path/to/PANDA/features,4870,7c064b4fa48467ba6c1ff3b8a6c28bac,4
/path/to/PANDA/features,4871,7c0b64e1c730a010c9c94f3462ab60a7,0
/path/to/PANDA/features,4872,7c0c6effa413bf976a309753c40f8bbe,0
/path/to/PANDA/features,4873,7c1c9f803f1d53bd81082a633b794093,1
/path/to/PANDA/features,4874,7c2193a1c4e1fc13d15f3e8aca036274,5
/path/to/PANDA/features,4875,7c26678aadba2c12ebfbf4dca5d23781,0
/path/to/PANDA/features,4876,7c3ee27216049d5308310f02fba18dbb,2
/path/to/PANDA/features,4877,7c440d8eb7dbda63b0b45b7773fa8279,4
/path/to/PANDA/features,4878,7c684b49197a0d4cc40a97ea729a5091,1
/path/to/PANDA/features,4879,7c6e364decc2c2e63a40ee36a1694770,1
/path/to/PANDA/features,4880,7c7189f32365e258a898eb268281337a,5
/path/to/PANDA/features,4881,7c75a0ddf67f2cca476d51ec8b95d60f,1
/path/to/PANDA/features,4882,7c76b2d2d594d18430096364ab23f9a9,1
/path/to/PANDA/features,4883,7c779d271feb1330e45e39af542c3f13,1
/path/to/PANDA/features,4884,7c79546e808a9c6ae95c15bfe3b4b590,2
/path/to/PANDA/features,4885,7c7ba4a041b9bedb14fd83e7da0ac6e2,1
/path/to/PANDA/features,4886,7c7c95c2a7c45ea08cbc04f296cefcf3,1
/path/to/PANDA/features,4887,7c846f20f6dadd1b95311d19e120f438,0
/path/to/PANDA/features,4888,7c86ff19f62a250146e4a6c55168e0b9,1
/path/to/PANDA/features,4889,7c879895184685f2ade71c54e63960d8,0
/path/to/PANDA/features,4890,7c8d19a02dd9c17f67f97a1b5160ad79,0
/path/to/PANDA/features,4891,7c9d2571c6ced829b53f37465b030c5b,5
/path/to/PANDA/features,4892,7c9f666901629ca31c8dad289aa18211,4
/path/to/PANDA/features,4893,7ca2aa8117a49b630cdcbdfc57fab6e8,2
/path/to/PANDA/features,4894,7ca2c31d434aaa0c2d19ef4cbfc5aa5a,1
/path/to/PANDA/features,4895,7cbab4cb4f2b654dab01864409304a36,4
/path/to/PANDA/features,4896,7cbc9de18c7205d762b1b65748eaa2ad,4
/path/to/PANDA/features,4897,7cbeecc6a98ff2a1f4acd69161732d52,0
/path/to/PANDA/features,4898,7cc3935f0c256daf77c943ca91f2fcd3,0
/path/to/PANDA/features,4899,7ccd39e3586ef393247e71af2374dac2,0
/path/to/PANDA/features,4900,7cd2df8fe3fe766914f311e7044ae747,2
/path/to/PANDA/features,4901,7cda8336608881de4ecf64d5319721ec,5
/path/to/PANDA/features,4902,7ce456619c8710d5316c4ea4d03d31c9,1
/path/to/PANDA/features,4903,7ce89ef98466c65ca9804cd7ef248afc,5
/path/to/PANDA/features,4904,7ced88f60bd744ea9b5b8b0527598ed8,5
/path/to/PANDA/features,4905,7d0638e2cf13708c2047178ab83ba894,1
/path/to/PANDA/features,4906,7d0ddf6bf84b1b3d6c8dafe1ab13c4ec,5
/path/to/PANDA/features,4907,7d1d9ad923a9f67ffbb27c9d3c62ab06,4
/path/to/PANDA/features,4908,7d237dfb2b906349ba5d437a383b869b,1
/path/to/PANDA/features,4909,7d2a0df515a32073ad405ace2d88a555,1
/path/to/PANDA/features,4910,7d300ac8ceabc7e29843d849dc54c474,5
/path/to/PANDA/features,4911,7d32888275863ea91d8db46b242b0368,1
/path/to/PANDA/features,4912,7d3af9f4ccc93603028c8bcacf2d4dff,5
/path/to/PANDA/features,4913,7d52f24fd1afc2e4e7610af306af2b2f,0
/path/to/PANDA/features,4914,7d579241dab0290d2f36f36ef460a5fb,3
/path/to/PANDA/features,4915,7d581d0082d6ee0a32165b0f8fe216d8,0
/path/to/PANDA/features,4916,7d5dbfb91ce9be33221e4ba9358326fd,3
/path/to/PANDA/features,4917,7d60fa34382d46eddec04ec8acb4cb52,4
/path/to/PANDA/features,4918,7d61619d2dfb5efc0f22a4d48775698d,0
/path/to/PANDA/features,4919,7d63d7ef507d747a87b3b15814a60185,0
/path/to/PANDA/features,4920,7d67b112699b40dba45702d5c93cdc18,0
/path/to/PANDA/features,4921,7d75d4e19e3190f348b45a143b777862,1
/path/to/PANDA/features,4922,7d7bc454fd3133539074f065037ef04d,0
/path/to/PANDA/features,4923,7d7cfbfd0ce292bde2b9e39f3a304276,0
/path/to/PANDA/features,4924,7d80be46df79c4afb186fc953f934399,3
/path/to/PANDA/features,4925,7d86c5e09004e3016838f192ecaac540,0
/path/to/PANDA/features,4926,7d86f5cdc00bc73a75b43d06ef14c106,0
/path/to/PANDA/features,4927,7d86f8993e77d4f99ed19b2965d5067d,2
/path/to/PANDA/features,4928,7d8bfadf719ab35fe6c510a667a5fca6,3
/path/to/PANDA/features,4929,7daab1271531f4451d96a6d60f05cffa,0
/path/to/PANDA/features,4930,7db090c9c19ac5f8e5262833826dfa9c,1
/path/to/PANDA/features,4931,7db49c48802f5608f38c993982b1dcec,4
/path/to/PANDA/features,4932,7db9ca11d85a90fac1eea60ddba3b881,0
/path/to/PANDA/features,4933,7dc96e4c875886e486b787b3787249ac,5
/path/to/PANDA/features,4934,7dcb52d4a04fcb59f5596ca381ffad29,2
/path/to/PANDA/features,4935,7de19911779711a8dd86be6f3e888910,0
/path/to/PANDA/features,4936,7de45563d6b6184d1e5f7d25c1c1316b,0
/path/to/PANDA/features,4937,7de918b1fabd1ad9594666ebd8fd0652,1
/path/to/PANDA/features,4938,7df260d73a124534f81a62768190ba8b,2
/path/to/PANDA/features,4939,7df851526f6b96fb36918417d70c559a,5
/path/to/PANDA/features,4940,7e059274c3afb96b3a33191c804d5a0f,5
/path/to/PANDA/features,4941,7e07f7ac834250b4bc18be2a5a0c4bca,1
/path/to/PANDA/features,4942,7e0c79400b0505ee8cabc69bf38029b9,2
/path/to/PANDA/features,4943,7e112e87b63a0ce0b8988bd15d2c9b8f,2
/path/to/PANDA/features,4944,7e11c52b13383a5b0d309fbdb2df0185,4
/path/to/PANDA/features,4945,7e1474b005f731b6948e86fddcee7541,0
/path/to/PANDA/features,4946,7e20141d92f88166015e47b537178a33,0
/path/to/PANDA/features,4947,7e26b6fec976755158177577cf4c9183,1
/path/to/PANDA/features,4948,7e33e3ef6468638fc307b42f5b78e98e,0
/path/to/PANDA/features,4949,7e424dff3f544c36ace6d9219aea34ef,0
/path/to/PANDA/features,4950,7e43dec1572c29fac7a8e6ed7905e927,3
/path/to/PANDA/features,4951,7e5edcdc4718c09f87a59d4d10ae64ec,4
/path/to/PANDA/features,4952,7e6194d098fcf07efafbe3803cb4c321,5
/path/to/PANDA/features,4953,7e61d1d767697f88ab5c32e9074d5196,4
/path/to/PANDA/features,4954,7e69ef88f9064f2df373d006968ca5a6,2
/path/to/PANDA/features,4955,7e72dea4ae66b5bf583013ec985e5209,3
/path/to/PANDA/features,4956,7e76962df73b38e2940440f4ee732725,0
/path/to/PANDA/features,4957,7e77e55ae8c546ed11cf6ffd04dda106,5
/path/to/PANDA/features,4958,7e7c7d39cc9b962c510facf7b92e676d,1
/path/to/PANDA/features,4959,7e7e6dac3271a6cad2744ae393328a36,5
/path/to/PANDA/features,4960,7e8136cda906272497595cfb2088f4c4,5
/path/to/PANDA/features,4961,7e81ad62302e6eabe1230d2d9d604881,1
/path/to/PANDA/features,4962,7e8745ed801d57aaf0febef1d2d9c3ac,0
/path/to/PANDA/features,4963,7e9faf4f810f09529d000a8ca03e96b8,1
/path/to/PANDA/features,4964,7ea51e31d596215a29b15b7c2127365b,1
/path/to/PANDA/features,4965,7ea5dd01892d17a7c49acba9f627b271,0
/path/to/PANDA/features,4966,7eaf35bac398cda4ffe48178e07d384e,3
/path/to/PANDA/features,4967,7eb16e2c88f31a9d758432226a6727e0,1
/path/to/PANDA/features,4968,7eb79f3619425b7b26f3acb5de6c3fda,2
/path/to/PANDA/features,4969,7ebe7851c6869af01dcf7c4a23524bd3,0
/path/to/PANDA/features,4970,7ec0f086a920ce703cd2b74895b9be49,5
/path/to/PANDA/features,4971,7ec4b5a5d165debf9e06aba787d1ab7a,3
/path/to/PANDA/features,4972,7ec551736c90480bb8a6fafa54f3bf97,4
/path/to/PANDA/features,4973,7ecb64a8c648f375961dda6a3ae97629,3
/path/to/PANDA/features,4974,7ee441bf99f40865e465910785ea56ce,3
/path/to/PANDA/features,4975,7ee503e117d755f91a4a5f75f643cb23,4
/path/to/PANDA/features,4976,7ef96252ee2a1ffe86730b31a54d12bc,1
/path/to/PANDA/features,4977,7efadcaf19d41014a98b2af2c491d458,1
/path/to/PANDA/features,4978,7efede6ad0155034347d7f2b9e50f2c7,1
/path/to/PANDA/features,4979,7f032b79af6d35aa1b943ef60c83edfa,0
/path/to/PANDA/features,4980,7f153e8ad8fff37222bb530d9bfb3a23,1
/path/to/PANDA/features,4981,7f15c706a91ae8c7ccbfaae1897aa024,4
/path/to/PANDA/features,4982,7f1d716f6d571e3a9aece85c67774b33,1
/path/to/PANDA/features,4983,7f2957d2c7e3d8aaa8a74f8191b22a33,0
/path/to/PANDA/features,4984,7f4419ddb342092c27f745f7962fa7cd,5
/path/to/PANDA/features,4985,7f45ba0429a60566e49ba186da979c6c,0
/path/to/PANDA/features,4986,7f46d3906c54e47d26aa7d3114b36a9d,5
/path/to/PANDA/features,4987,7f50cd92c0f5cca94434fc6165354acd,4
/path/to/PANDA/features,4988,7f53e2cb95194577dc29836a0cd7fb62,0
/path/to/PANDA/features,4989,7f57053f651025603c6b4246acd0ba54,3
/path/to/PANDA/features,4990,7f67cf96a4d9f32131fee1d436ecacc0,4
/path/to/PANDA/features,4991,7f68f25905c0dea4a017fb78e1c61b21,0
/path/to/PANDA/features,4992,7f70358de767d2a47aae0773933f84d3,0
/path/to/PANDA/features,4993,7f728a48a92ce32c073cf8d68338b2a4,1
/path/to/PANDA/features,4994,7f736bb8a20752cb2b2ef3552b84c763,3
/path/to/PANDA/features,4995,7f79542601ada0fb6c5817169652ad93,3
/path/to/PANDA/features,4996,7f8cb9cdc9c8f069cec25c44ab4210de,0
/path/to/PANDA/features,4997,7f8e10f3342e3763a4251fbde58ba92e,4
/path/to/PANDA/features,4998,7f96d1a121676b1a4fb5f73684061d80,0
/path/to/PANDA/features,4999,7f99c8b70a5d283079d10fefeae1d8a5,3
/path/to/PANDA/features,5000,7f9c400a79bb91af19137b1d39d20e0a,0
/path/to/PANDA/features,5001,7fa4634ab59a7832bc877fef162eacaa,3
/path/to/PANDA/features,5002,7fa721b04e1ddd786cdcccf5263e608d,2
/path/to/PANDA/features,5003,7fa9e5162e347814fdf3596f3ebcedd8,0
/path/to/PANDA/features,5004,7fac99586c7c32c1aedd474598ccc9ae,0
/path/to/PANDA/features,5005,7fad834b5a2804776b9f68ce9b30a756,0
/path/to/PANDA/features,5006,7fb53b604b22a738ee3be852cdd84f14,2
/path/to/PANDA/features,5007,7fb8cd030a3f7a8f3c5e75868f703acd,1
/path/to/PANDA/features,5008,7fbd12db8dceaec4f97268f44853fc57,5
/path/to/PANDA/features,5009,7fd7f2b3b421239d1874a2feaf76af8b,4
/path/to/PANDA/features,5010,7fdae33284031ffb88063882bb16d14d,1
/path/to/PANDA/features,5011,7fdda19fabed1c92c7ec50194dc96371,5
/path/to/PANDA/features,5012,7fe16ebcbd851c933409e076d98c8072,1
/path/to/PANDA/features,5013,7fe61b9b65a634fe07f56668f51d1d91,3
/path/to/PANDA/features,5014,7fea10a0ff2553d25f7e42f313da6cd8,4
/path/to/PANDA/features,5015,7ff087f115da59175d26c39b123e6162,0
/path/to/PANDA/features,5016,7ff53392c1d6293b7f90e4dc139977c0,1
/path/to/PANDA/features,5017,7ffcd16547f539aac56a0a1520b13a06,0
/path/to/PANDA/features,5018,7fff6b6143de8f92c066b3fc8296ffbe,1
/path/to/PANDA/features,5019,8001484017154333b90372d0055508b8,0
/path/to/PANDA/features,5020,80037713c44260079fb5ffb8474aa9e2,2
/path/to/PANDA/features,5021,8003fd3fd9c33b3c72cf7b70f619809f,4
/path/to/PANDA/features,5022,800ccbf1d68addead37496366d7ffd48,0
/path/to/PANDA/features,5023,8013d514fff8374e2f0435f808a57d8e,0
/path/to/PANDA/features,5024,80175c7d26a0677a08f54c5b66af1555,5
/path/to/PANDA/features,5025,80177c3829c0b3551b5f025d4ced0c5d,4
/path/to/PANDA/features,5026,8017c7b5f7d8928a7465e6d41417c21a,2
/path/to/PANDA/features,5027,8022e1100531e89ce625f6556730c162,4
/path/to/PANDA/features,5028,8033d6e0a204cb0881b3edea38f6167a,0
/path/to/PANDA/features,5029,8035c40dd9e78b21e6fdf6461613fb48,2
/path/to/PANDA/features,5030,80382f4336fb1864464fd41d53696289,0
/path/to/PANDA/features,5031,803fade140992ca225f034458f38f1ad,1
/path/to/PANDA/features,5032,804faf47d835837cca59bc56dd9ddbd5,0
/path/to/PANDA/features,5033,805d295ef3c4c573cb1990596d77ff8e,0
/path/to/PANDA/features,5034,80628cfdceb87d93ff1bc91e23fb5c92,4
/path/to/PANDA/features,5035,8062ef2efbbe38879dcbbe93f69a9e28,4
/path/to/PANDA/features,5036,80645c22c26e113e14fd16a0fa837f54,0
/path/to/PANDA/features,5037,8065167dbab09db4ff16c3a34da435b8,1
/path/to/PANDA/features,5038,8066a4948545b66f9ecdbe0b592dc9bf,1
/path/to/PANDA/features,5039,80705f12096390b55d4445485bae5eba,0
/path/to/PANDA/features,5040,808b08eee6fcba85c15f66c78d2ad293,0
/path/to/PANDA/features,5041,80922d8d5c237f957f5ac4411943758e,1
/path/to/PANDA/features,5042,80983c7885cd02c9e9df539b58add687,5
/path/to/PANDA/features,5043,80a67cf2aac256ea365b1bff603271d9,0
/path/to/PANDA/features,5044,80a9fb86cc68aade057a0e680f3e5c0a,5
/path/to/PANDA/features,5045,80b57cbfbaa4a0565a5e4839c24223b6,1
/path/to/PANDA/features,5046,80b59404657a6290a06e8902430be7fc,0
/path/to/PANDA/features,5047,80ba4043de65596c18e5c0c1d5e3a29d,2
/path/to/PANDA/features,5048,80bcb015af8cf6373cb9fca64c15eeab,1
/path/to/PANDA/features,5049,80c45d3afb5da26d7501c2520aa6fe67,1
/path/to/PANDA/features,5050,80c676be159548673ff236d808209e33,3
/path/to/PANDA/features,5051,80c69b5f428d37636414e89a0adaf228,0
/path/to/PANDA/features,5052,80dc4502ba1cff1616abf553065b6ca3,1
/path/to/PANDA/features,5053,80e2221ab978a5978d1039977b335ca9,1
/path/to/PANDA/features,5054,80e3e86105889bdd720cc50a512cef2f,0
/path/to/PANDA/features,5055,80e4dd1d33d2559f42068e45284d527f,0
/path/to/PANDA/features,5056,80eb4ec9097d28e851f5ca76c8a69732,0
/path/to/PANDA/features,5057,80f7cfb8ff20d9aa8eebcd541d0d5fd4,4
/path/to/PANDA/features,5058,80fb0f7ade621da69c54fad193c70212,2
/path/to/PANDA/features,5059,80fb86c27e472624d2f8f5a457da0aa8,0
/path/to/PANDA/features,5060,81012e47c88a443e9c28181ffb81194f,1
/path/to/PANDA/features,5061,810146d1299127c8a68efd9925fd1563,4
/path/to/PANDA/features,5062,810482a949cbe7f5cd785a1dd9f0122c,3
/path/to/PANDA/features,5063,810ade586864058f358c1253fc09a8eb,0
/path/to/PANDA/features,5064,8116486972d43f65f6d2c91f0312c243,0
/path/to/PANDA/features,5065,813691e100f1c3df95efc0113bf36e48,0
/path/to/PANDA/features,5066,813a9dcf1078efd7086f5fdc2a0a313d,1
/path/to/PANDA/features,5067,8143e5473a650fd79750a6b4cf7c52e1,3
/path/to/PANDA/features,5068,814e03e0dabe52a24961a88e331c43f7,3
/path/to/PANDA/features,5069,814ed5e5aa4508f47b91cd9397d2105a,0
/path/to/PANDA/features,5070,8155f65396046e3efc544ff5b24fb205,4
/path/to/PANDA/features,5071,815c0f16b5b809d54293c6c981c7daba,5
/path/to/PANDA/features,5072,815cdf5c920260e8174242bc3395b527,0
/path/to/PANDA/features,5073,815f7c4e93ad872cb7b7281bb98625a1,3
/path/to/PANDA/features,5074,816a20665b0e7ef4568ff4132da6bdeb,3
/path/to/PANDA/features,5075,81750e90bca04910ea17513321e4a204,1
/path/to/PANDA/features,5076,8175be020f3cf362e1cf5b797bd7a429,2
/path/to/PANDA/features,5077,8179b356509349b2d8ecae80e6a4a826,1
/path/to/PANDA/features,5078,817ba7c0a65b2de36daa0dd30f178f4d,1
/path/to/PANDA/features,5079,817f50aeb6a38d67af64aec57dd3f75a,2
/path/to/PANDA/features,5080,817ffb24ed7fc638921a9ecc349981dc,0
/path/to/PANDA/features,5081,81862fbd04fd29d4ce360c92e7663b7f,1
/path/to/PANDA/features,5082,819253f1316d7cf6bdc41f8634e4b92f,3
/path/to/PANDA/features,5083,8196c63cbdcdc0abd0cac91194d26944,2
/path/to/PANDA/features,5084,819a2641f5c1875c592362daa59bc041,0
/path/to/PANDA/features,5085,819d52e0a7764b66c39bc55875e71ba8,1
/path/to/PANDA/features,5086,81adb00db7e7b3034900a1f95a4dc257,1
/path/to/PANDA/features,5087,81b61c22e893d8f7d5d9a32e6ff1bc3c,3
/path/to/PANDA/features,5088,81b6b10c60f38572abf01c112ca59646,3
/path/to/PANDA/features,5089,81c391aa0e95da9f8cb3419bce40236c,0
/path/to/PANDA/features,5090,81cdd8883ff6f9a18e75f2085db633be,1
/path/to/PANDA/features,5091,81d80ab1d978f1669977d2185e798d56,5
/path/to/PANDA/features,5092,81d946312f17a79100cf3471da48ac9b,3
/path/to/PANDA/features,5093,81da1181330200bf01e70ecc233ba989,0
/path/to/PANDA/features,5094,81e6e8f65b2cf6495c7a009adeb64569,0
/path/to/PANDA/features,5095,81e8daac3be77e62ac181304eec1ceec,0
/path/to/PANDA/features,5096,821b7c89e5f5879c21cefcdeb0df1657,1
/path/to/PANDA/features,5097,822c5bce81fb31e02a3561f4e083c52d,2
/path/to/PANDA/features,5098,823097b40e8a02f6e06021b87322fc58,1
/path/to/PANDA/features,5099,8232ec43fe448f679d7f6e959ae51dfa,1
/path/to/PANDA/features,5100,8236be723e0508ca90e57849b2004311,0
/path/to/PANDA/features,5101,8245e742febd6314e31245fb410ac00c,5
/path/to/PANDA/features,5102,8246fac2d2f17fad9bf28d3ad7d0f1cb,0
/path/to/PANDA/features,5103,825c6002ff3ab0e041ebd7025ba41b4f,0
/path/to/PANDA/features,5104,825c8dd05f247898e8a10cd19118805c,1
/path/to/PANDA/features,5105,8261693622a5aa8b3806c8339cef066d,1
/path/to/PANDA/features,5106,826de79f843dfb942a48c539249aba71,3
/path/to/PANDA/features,5107,82736c3ebebcfa423b30dd9cdc048e22,0
/path/to/PANDA/features,5108,82896ceb267497b41fe1d8271ecf0a6e,4
/path/to/PANDA/features,5109,828b6eff01c7a265a2f6812b89744860,0
/path/to/PANDA/features,5110,8299e52f9a53b39407d0950456562add,5
/path/to/PANDA/features,5111,829dd10a2effb3f6aad826dc06217f58,0
/path/to/PANDA/features,5112,82a85cb538cdcaf16ea34b2bca1fe118,2
/path/to/PANDA/features,5113,82b6a503020b79bec7b2a5f981a0a915,0
/path/to/PANDA/features,5114,82b8e31cf5bd59934af005c609d05e64,5
/path/to/PANDA/features,5115,82c289e2fb53713789599f77cf368bc6,4
/path/to/PANDA/features,5116,82c5a0e06d697ad6afa1ddbc67c08c46,0
/path/to/PANDA/features,5117,82d263e53a729615b6dae1d57c67573e,0
/path/to/PANDA/features,5118,82d54116781696f12d1b9cebbc4598b0,2
/path/to/PANDA/features,5119,82dae0379e4a414709c98eb12dd5e711,5
/path/to/PANDA/features,5120,82dd91dc60d7a36257237f229df31b70,1
/path/to/PANDA/features,5121,82e256f4d2c2cc281dc0492a68137c3b,2
/path/to/PANDA/features,5122,82e968eacc5a5abf71fa6cefb97c0910,5
/path/to/PANDA/features,5123,82f05aada3c46211732c067b8a63a6cc,5
/path/to/PANDA/features,5124,82f3e320faea249555b7b85c7cb4d071,0
/path/to/PANDA/features,5125,82f560e8944948e59ac8cfc656938778,1
/path/to/PANDA/features,5126,82f647e446251f53f15f8ccfe86608f8,4
/path/to/PANDA/features,5127,82fbcd590d5506b7ce1122ee7159449d,3
/path/to/PANDA/features,5128,8302a3549f2fd5a7bf56ee2b26706bc1,4
/path/to/PANDA/features,5129,830484a95f45f28e37b68bd440fd9357,4
/path/to/PANDA/features,5130,830a3227ef20baac63414e821f96f740,5
/path/to/PANDA/features,5131,831183f19516eec017c0ec264ff75eaa,0
/path/to/PANDA/features,5132,83139cc77b98d060b59a997df7c67c77,2
/path/to/PANDA/features,5133,831a2fad5c59622be5379646085367b2,1
/path/to/PANDA/features,5134,832fc8dde9814d7ecf3d16ea3c3ed5a7,1
/path/to/PANDA/features,5135,83300a2310d4bcca4194a54e5c276af0,5
/path/to/PANDA/features,5136,833399dabdc938cb8b0bc8321c8a0b47,2
/path/to/PANDA/features,5137,8334f4fbcf2dc31f0142d5b66ec36400,0
/path/to/PANDA/features,5138,833808e99964a029c6d6fc2bc156fad2,4
/path/to/PANDA/features,5139,83388ee25283c6bdc0cd5ed50b5fb50d,5
/path/to/PANDA/features,5140,833f70fdc61fdab30bf18459fe1e8304,2
/path/to/PANDA/features,5141,834654070eb44fb589d68557f0f48587,0
/path/to/PANDA/features,5142,835061458363b1b59aeb19f3a5d3e879,1
/path/to/PANDA/features,5143,8352937c62fad694f28fdeef9fc8c464,0
/path/to/PANDA/features,5144,835c2db7726b399c38e5e53f1c326ab6,1
/path/to/PANDA/features,5145,835c8af6ba7ba991a5788192bfe0759f,0
/path/to/PANDA/features,5146,8363aae89c7a8c538005c6b26ea5d4e7,0
/path/to/PANDA/features,5147,8364aaf55439cd2b1207b7bfa35d79a2,5
/path/to/PANDA/features,5148,83661e7cf8613383d40115b08568fef6,0
/path/to/PANDA/features,5149,8369d7bac658189235a5d774d6ee5f71,0
/path/to/PANDA/features,5150,836a1e6bea9fcd4f2c65d958fc2a7935,4
/path/to/PANDA/features,5151,836ca5d73c88ad94fb980ca3e5e65da7,4
/path/to/PANDA/features,5152,836e53a9dcd0ce941da4e0c6d6fa399f,0
/path/to/PANDA/features,5153,836e64bc05fc3ca33fcaae4102d1f989,3
/path/to/PANDA/features,5154,838251c48dcc5b79e95d4b9187068afd,1
/path/to/PANDA/features,5155,838e413e9561b104afa20bdd1d02f8ae,5
/path/to/PANDA/features,5156,838f568ca7e26cc18b1b247f9e6bc20d,4
/path/to/PANDA/features,5157,839955471941b6d2dffa2c4768fc3166,5
/path/to/PANDA/features,5158,83a8c0c0755191b2e4a20869efd63cc0,1
/path/to/PANDA/features,5159,83b59e7bcb73eaaad663e28738a9e8de,1
/path/to/PANDA/features,5160,83b8997aa1ebef2e386f3daf89226538,2
/path/to/PANDA/features,5161,83c1a647fece3c47e101b9e53b1fff0a,4
/path/to/PANDA/features,5162,83c2217eb9a431a577a83b606d5d24bf,1
/path/to/PANDA/features,5163,83cc96d7745a5a6d2e27c4dcdc9431f8,1
/path/to/PANDA/features,5164,83d0de668184afcde783b9922ec962b1,5
/path/to/PANDA/features,5165,83dd7661089608ebfb550182617322f6,0
/path/to/PANDA/features,5166,83ebc436de663c1259561ecec01d96ed,0
/path/to/PANDA/features,5167,83ee1d7bf049b78faa15a62c1c6659c9,3
/path/to/PANDA/features,5168,83f3b246bdbd51ed830877c3991bf7ca,2
/path/to/PANDA/features,5169,83f94c8caeae1de1d931051fd1dec5c6,1
/path/to/PANDA/features,5170,83ff615957c966e2f9defbc4339196a3,0
/path/to/PANDA/features,5171,840285977e44c0eb0fee56caab3da73c,0
/path/to/PANDA/features,5172,8410fae68bb5de5c8c1b080810903bed,5
/path/to/PANDA/features,5173,84110cd444dd25fd974e0cdcd1df8065,1
/path/to/PANDA/features,5174,84135442a04a1324138d1df78ed185d3,2
/path/to/PANDA/features,5175,841cda49712806a307dc8fae931c2732,1
/path/to/PANDA/features,5176,84203c95bda68f3cd20f5f3bb065d2c1,2
/path/to/PANDA/features,5177,84219af34ad6929dc1a9d5b1d7ab2ac0,0
/path/to/PANDA/features,5178,8421ac14e6120aeafee16003f19a9d76,1
/path/to/PANDA/features,5179,8423df90dddd142668c18b6ab5ff7f17,0
/path/to/PANDA/features,5180,8426c787d63aaf8a8a5e14c110525bb2,2
/path/to/PANDA/features,5181,84271b2059eff69d4cfbbb59670b8592,0
/path/to/PANDA/features,5182,842d323ec987a756ba0c4252be109822,4
/path/to/PANDA/features,5183,842ec03f75b9933c49274bae3e7cc5fc,3
/path/to/PANDA/features,5184,842f019a8604e0323ab1a9fe53814f54,2
/path/to/PANDA/features,5185,842fc7d05049fbba28cd4a0292ef2bd9,0
/path/to/PANDA/features,5186,8434a27f3a5aa65aac6fd2728c31297e,2
/path/to/PANDA/features,5187,84405e9c0ebeae71e44866948dbb6e92,5
/path/to/PANDA/features,5188,844e3d9d86b7637b36d6893397861c89,1
/path/to/PANDA/features,5189,844f0c8d150040ab3e802a9e5df029bc,4
/path/to/PANDA/features,5190,8450fcd867e21d490005f712b1986960,1
/path/to/PANDA/features,5191,845278e764b608d4efc7a420d2bb69e5,0
/path/to/PANDA/features,5192,845f93031768557ad5c0948bf08d043b,1
/path/to/PANDA/features,5193,846118a1d2e2fb16ce4553ba76bd3b57,1
/path/to/PANDA/features,5194,846a48330c171d2fdeef2b0653ca8e07,0
/path/to/PANDA/features,5195,846ffdd927cf1a58e0c5a2507e83d85f,2
/path/to/PANDA/features,5196,84788a5d87253ff74149afcce0a4edb3,3
/path/to/PANDA/features,5197,847b0bf590fcda3530dab8f6b419b1e5,1
/path/to/PANDA/features,5198,847c0798ac88eb76035bab0da44cb71c,3
/path/to/PANDA/features,5199,847db624a7a975df11caca3c97743359,0
/path/to/PANDA/features,5200,848811eccf00a2b215360b0a94e581f5,5
/path/to/PANDA/features,5201,8488c41966af627575818380e131ffa4,5
/path/to/PANDA/features,5202,848c7be5504d4f2e9ba4e949c619ef62,1
/path/to/PANDA/features,5203,848d1942cc5b7feb97cc03d3ad08d6f9,1
/path/to/PANDA/features,5204,8495f8040d55ab4ac000fd91a137b0e1,3
/path/to/PANDA/features,5205,849ff9e1d95166edd8a36277c5487567,4
/path/to/PANDA/features,5206,84a64d55903e7dfbad5e59693be25669,2
/path/to/PANDA/features,5207,84ab35dab9c19149b6e2977d9e7dad71,0
/path/to/PANDA/features,5208,84ac33bcd6d2f5efd71db64edf8dcd8b,3
/path/to/PANDA/features,5209,84ae5b7bd213e53668fa2eeba29ac60d,2
/path/to/PANDA/features,5210,84b003f61775364863391f586bba7c6a,0
/path/to/PANDA/features,5211,84b1bdc06545ca9128c924dbc0b87715,3
/path/to/PANDA/features,5212,84bc390199b8e7466a020ca6abe11852,4
/path/to/PANDA/features,5213,84c2a5a9252e223ab8e84010b685dc11,3
/path/to/PANDA/features,5214,84c489d89dcbf2ceeba8a30147b9e79b,1
/path/to/PANDA/features,5215,84c4f998d2b48e875c6fe75ea0365f80,2
/path/to/PANDA/features,5216,84d0f286cb639e7ceb3b185c62776100,5
/path/to/PANDA/features,5217,84da53ac6f8828a494a0a8c52a6cd158,4
/path/to/PANDA/features,5218,84ddef23ac361e8977e4673ac116b6dd,0
/path/to/PANDA/features,5219,84def2e319d3289cb0bda6a3d252ec55,2
/path/to/PANDA/features,5220,84e233a4bd768d33767d7d53acf2a96d,0
/path/to/PANDA/features,5221,84ea71bf97d02addf393ea467a336996,2
/path/to/PANDA/features,5222,84f098dc3c4bbd751d9f5e66098bbeca,3
/path/to/PANDA/features,5223,84f400518ff3cba2786849ea4dc3bbfb,0
/path/to/PANDA/features,5224,84f46d9a31d18691abb69c8dbcec200f,1
/path/to/PANDA/features,5225,85023ba8cc7feea2e418d107c5bb8e92,0
/path/to/PANDA/features,5226,8504a3bbeddc6147fe6b69c68100e3d3,5
/path/to/PANDA/features,5227,850b9fffc6972f75431db42dd07845a9,0
/path/to/PANDA/features,5228,8520e95c49091fe5676146fcedfb3793,0
/path/to/PANDA/features,5229,852768d64622d6bb9e0d2c3ef45660f5,0
/path/to/PANDA/features,5230,853e2ccb308b7e1119a563ca6e12a7ef,5
/path/to/PANDA/features,5231,853e7057e300ea0576ed8fcfc3d23897,0
/path/to/PANDA/features,5232,85462c829a6d24bba94de291d9ef737f,1
/path/to/PANDA/features,5233,8546b73cb1496ba85aed909ee151290b,2
/path/to/PANDA/features,5234,85476f0cdde5f4f30e47541d5ba44586,4
/path/to/PANDA/features,5235,85498a9955849a6c8292b35b66628cae,2
/path/to/PANDA/features,5236,855256cd7062aaf319512b1648249481,4
/path/to/PANDA/features,5237,85537a74e1872569f03e0fed5e8fb9eb,2
/path/to/PANDA/features,5238,85625c85e373a173e14ef00da2e5218d,3
/path/to/PANDA/features,5239,8565d11c58ff93fb0745f99ccd11281c,1
/path/to/PANDA/features,5240,85696dd6d6be278037fdca733e136f2a,1
/path/to/PANDA/features,5241,8569feb3de9ecef290b05d1f0b94088b,0
/path/to/PANDA/features,5242,856c81d50be37e58fad595bbed320f0a,0
/path/to/PANDA/features,5243,8572200ddc026f853be41af18bfb1311,0
/path/to/PANDA/features,5244,8582b59b41635fa38401d1bddad66707,1
/path/to/PANDA/features,5245,85874a84d6fd4b14d5d9816650a6a17f,2
/path/to/PANDA/features,5246,858f5e5afdc19cfe16e0f8be97a28cd5,4
/path/to/PANDA/features,5247,85924446350920fb124b657160c966d7,5
/path/to/PANDA/features,5248,859651fe24367615a0f77ba556a196bb,2
/path/to/PANDA/features,5249,8596a2f7e68a0e11a5653fb2457db08f,5
/path/to/PANDA/features,5250,85a343720f726304ad86cd2eb00ef4dd,4
/path/to/PANDA/features,5251,85ae912d1e6aba77299982dd4b63a9e8,0
/path/to/PANDA/features,5252,85b2c32f16826bea58d82dfd39b6d3e2,4
/path/to/PANDA/features,5253,85b31dab1e9985ed09bc99e6797348e0,3
/path/to/PANDA/features,5254,85b43e64b68fce39237fcfaf32d5a7d7,0
/path/to/PANDA/features,5255,85b7018a9e5287342a1392fb02ce24a1,0
/path/to/PANDA/features,5256,85b7b5e97f0556d09761a365234f1ac5,2
/path/to/PANDA/features,5257,85b8c93811739e3677accdbb8c12e8ba,0
/path/to/PANDA/features,5258,85ca610ed7575474defbe00948444b2a,4
/path/to/PANDA/features,5259,85d99c61b0182b04d4c420e95c2cc48d,2
/path/to/PANDA/features,5260,85e36b2e92010c5d08a31ade8df8089c,3
/path/to/PANDA/features,5261,85e75a3633a7c70abd7d959ff6ee12d0,1
/path/to/PANDA/features,5262,85ec340020fb63c782e84901880e8684,4
/path/to/PANDA/features,5263,85fb392d25b2a8c56e054b2e3cf4b0ad,0
/path/to/PANDA/features,5264,8603409c1d32c3fd6eb43f0a6abb0857,2
/path/to/PANDA/features,5265,8605810b8ba16fa6e2854dedad10d573,5
/path/to/PANDA/features,5266,860689fad4d59ab424ba43eeea22ccfc,0
/path/to/PANDA/features,5267,8610bfa14edc267fd6c047665e785b6b,4
/path/to/PANDA/features,5268,861349e0094f9af0986ca3ed1ea7ba6b,5
/path/to/PANDA/features,5269,8616acbbe42003b05e4d6f007c1796b5,1
/path/to/PANDA/features,5270,861eebcd948b656b6051ff0b7a27e3be,1
/path/to/PANDA/features,5271,862919abd02ee14b4f8d87071fc129fa,4
/path/to/PANDA/features,5272,862f8e7fbc9b0d2eae3bb8d12f36af51,1
/path/to/PANDA/features,5273,8631ec5e69c162ee078e8a17f131f72e,0
/path/to/PANDA/features,5274,8634ef0b80d1353887839c0a4a36e074,0
/path/to/PANDA/features,5275,8647686bb5a90fd797ab8ca2b9e40e1c,1
/path/to/PANDA/features,5276,8649dd890dd9e3b689564efb505397a8,0
/path/to/PANDA/features,5277,8654f1e5bde97ee6dbb0c890aa9f10b3,3
/path/to/PANDA/features,5278,865f64d013137396b5cfc7bb3888a56e,1
/path/to/PANDA/features,5279,86756422e5a91331c0fc069fd3f8bc8a,2
/path/to/PANDA/features,5280,8679a305ae1cb7b2ed35c30529650e47,2
/path/to/PANDA/features,5281,867b35251feb629d68d6801ca1af88b3,5
/path/to/PANDA/features,5282,867b4fa9b0b2cc3aa0bafe948d72804a,5
/path/to/PANDA/features,5283,867bf41f609802d686b544b1f8afdcc2,3
/path/to/PANDA/features,5284,867da7854ce25b5ca56249420b8231b8,0
/path/to/PANDA/features,5285,867e8aabc9463fb736371750b3082132,4
/path/to/PANDA/features,5286,8685b6e382786e031881297b2bf4ae7e,1
/path/to/PANDA/features,5287,8690e050e07c2c2aa86f442125b3424f,5
/path/to/PANDA/features,5288,8692eb523165283411d0ceef96c42592,3
/path/to/PANDA/features,5289,86983b5439f4a111cf6173c634302531,5
/path/to/PANDA/features,5290,86a0777f057b10f538767120f182472a,4
/path/to/PANDA/features,5291,86a2e973602ec382660c072fa42ca670,2
/path/to/PANDA/features,5292,86aa40de50e2e62b3250abf046b44d84,1
/path/to/PANDA/features,5293,86ac44c7c69cbaec3cb234023c436341,0
/path/to/PANDA/features,5294,86affd43ac0b016e71332fed824b9108,0
/path/to/PANDA/features,5295,86c1e0a1ff57b2fcf24955c8ec925f1c,4
/path/to/PANDA/features,5296,86c36106feb06bb5867255e46c7a73bb,1
/path/to/PANDA/features,5297,86ceb5f49a8c7f81b12ee87934f0a25d,5
/path/to/PANDA/features,5298,86d1fcf7709618cb03e0e05b08b1237e,3
/path/to/PANDA/features,5299,86d4621be3deca4f8d461e3abce7d585,4
/path/to/PANDA/features,5300,86d4f3bac81c1929300eb270c6aea4ea,3
/path/to/PANDA/features,5301,86d57d54f0bf4d5a091aaa2d8a8ed9e7,1
/path/to/PANDA/features,5302,86d82664f0e63cf73f03404507a6e3aa,5
/path/to/PANDA/features,5303,86ddea3d6e787b11f84309d8f1b69685,0
/path/to/PANDA/features,5304,86e1e1f8d6a8d630b1577b3a5f3d65a3,2
/path/to/PANDA/features,5305,86e8d69d149316c56146a31733406a3f,5
/path/to/PANDA/features,5306,86e9f3d79f01fef41988dd51ca75adbb,1
/path/to/PANDA/features,5307,86f4a04a0a753ef68df0dc8b20996d72,0
/path/to/PANDA/features,5308,86fad088e10612415bb805aa7d53e387,0
/path/to/PANDA/features,5309,86fd4ff8a21d365227993c845db5e6e8,4
/path/to/PANDA/features,5310,86ff52ec50c7e0b2b3549e9bb1524770,4
/path/to/PANDA/features,5311,86ffb5b169bb7a72dffdf930233a446a,3
/path/to/PANDA/features,5312,87099c2824149296269d9a9598f68af6,5
/path/to/PANDA/features,5313,871709830d72446075ea1b7f0602b1d7,1
/path/to/PANDA/features,5314,871b51f7bba1b86959706048ebb3707b,4
/path/to/PANDA/features,5315,871e9ccf18d457762de141db98a043e7,0
/path/to/PANDA/features,5316,871f73f44e29b8f3da8048aaf387a673,1
/path/to/PANDA/features,5317,872242e82c92ca733eed12510b1295a4,2
/path/to/PANDA/features,5318,872d17b9bec7643af6c4e4685e05f407,3
/path/to/PANDA/features,5319,872dc7b2f6261284df1088e4ef2f8256,3
/path/to/PANDA/features,5320,87393dd2d0f7be44deb5c4df03fe84a6,0
/path/to/PANDA/features,5321,874023604daab651e40939b852e94291,1
/path/to/PANDA/features,5322,8743d3eac43f246d21385f3070901b05,5
/path/to/PANDA/features,5323,874be9a5b3a7fc7127d02977c1f8a0c8,0
/path/to/PANDA/features,5324,8751f19f273f69ba8ea5c49dc9dd4654,4
/path/to/PANDA/features,5325,87564cf996f25607b3f4a3c2c3738f03,5
/path/to/PANDA/features,5326,875a9828eae84e015c5ed0e2fdd76b8e,0
/path/to/PANDA/features,5327,8760076013e08db5fb4977a7f5df18cf,0
/path/to/PANDA/features,5328,87667e72b7fa0491a09fc9555894bfbe,0
/path/to/PANDA/features,5329,87668b74a71c46e1794107bb5f32d44d,5
/path/to/PANDA/features,5330,876d25db23f2f8ed17646186a30bb263,3
/path/to/PANDA/features,5331,877b69359277cf787d93cd17f4d2775a,3
/path/to/PANDA/features,5332,8781edbdaaafd6ea493c00d5d1e21e8d,4
/path/to/PANDA/features,5333,878be7ee5bdda3b29e2417f6dc93af64,0
/path/to/PANDA/features,5334,878e0b1bbfa299387e3afed9d7c372bf,5
/path/to/PANDA/features,5335,8794d36a3038f4537f7d261d3af4eebd,5
/path/to/PANDA/features,5336,8796432c343bcf3bcca556dc3375702e,0
/path/to/PANDA/features,5337,87a1d44e21700bd0eb3db27371eb3999,1
/path/to/PANDA/features,5338,87a463cb0b4da2f78e25cd0986475367,5
/path/to/PANDA/features,5339,87aa1a48a88f66a9619e32b545b3d2bd,0
/path/to/PANDA/features,5340,87b4ae0ff357c21aa62e84d63fdf9977,0
/path/to/PANDA/features,5341,87bbc9137ece5aaeef9d67f6abeb99df,0
/path/to/PANDA/features,5342,87c150feed1c5b7c7b4f80739cfc1060,1
/path/to/PANDA/features,5343,87c2116787ff620957ecc95521bc3c0f,3
/path/to/PANDA/features,5344,87c242a8e7dc0e5636b0ea1927f616cd,1
/path/to/PANDA/features,5345,87c639ec5365c2d6d61581be6407c8b6,5
/path/to/PANDA/features,5346,87c8e5d299ab6d6cda6c0c9002de26db,2
/path/to/PANDA/features,5347,87cce4cbe31864141051ce2018ed29df,4
/path/to/PANDA/features,5348,87d8ed5a94679182d79403a19e89e9ef,0
/path/to/PANDA/features,5349,87d977502667eb1d44ca13d5b658dc3a,0
/path/to/PANDA/features,5350,87e53ffce13cd04e1e3fb3c1d15f4961,2
/path/to/PANDA/features,5351,87ead124230cbf0aa13bcfb238b7dcb6,3
/path/to/PANDA/features,5352,87edb3eb0b79782b9b7eec15dc294872,0
/path/to/PANDA/features,5353,87f37025744c522347f79521cd465f7b,0
/path/to/PANDA/features,5354,87f54ef4d144fdbcc7a97541396e3a9b,3
/path/to/PANDA/features,5355,87f8364df7064774ead518b556765572,0
/path/to/PANDA/features,5356,87f911e13431605386cb4a32367e74f0,2
/path/to/PANDA/features,5357,87fab5372e284fdfb9c1e7cd659f7779,0
/path/to/PANDA/features,5358,87fe5740deb9d4ef755cc157ff710cef,0
/path/to/PANDA/features,5359,8804dd9a9324daf031b2ad0c70387f01,5
/path/to/PANDA/features,5360,88059beda72a73582082613c21cda113,1
/path/to/PANDA/features,5361,8809e1cb2640ba1c6ebf7fb3c72dc250,1
/path/to/PANDA/features,5362,880a1fc64038757f0a332bdf8b81ef05,2
/path/to/PANDA/features,5363,880b2358d6b9893858c8d24102774456,0
/path/to/PANDA/features,5364,880c1f78ee7e01cee8776b5ec789bd80,0
/path/to/PANDA/features,5365,881c7c271ef07405693650be45fe1b56,4
/path/to/PANDA/features,5366,8826e4b9c231e9b9a69a5f2e8efc815a,5
/path/to/PANDA/features,5367,88281522d27ef85887810dcc0cb89b14,3
/path/to/PANDA/features,5368,8835fd0dded2d34601a6fcf45e346b94,0
/path/to/PANDA/features,5369,883690557c692e6af48677011c657dfc,1
/path/to/PANDA/features,5370,883da8599360fdc5f7ce01ec771b2e65,2
/path/to/PANDA/features,5371,8845e2a5497b43f86bb2ff4b8a0abd97,3
/path/to/PANDA/features,5372,884f20408db7e6c39b69e4eb8e048e35,1
/path/to/PANDA/features,5373,88591e92de81634c6b9870259b25d59c,0
/path/to/PANDA/features,5374,8868c102b37174b65ecc8fb7148a81f9,2
/path/to/PANDA/features,5375,886c574b0b86f018967dd04de7ef6fe7,1
/path/to/PANDA/features,5376,886f91a0a9f9a927fe33dbd434397ae5,5
/path/to/PANDA/features,5377,887d935886b409acc14fa55a3c7e05ba,3
/path/to/PANDA/features,5378,8884df5d60449673685793c63b8d4b33,0
/path/to/PANDA/features,5379,88865c437104f76ab06759737ced0cb9,4
/path/to/PANDA/features,5380,8887984626edc8b93aef010bf8357337,0
/path/to/PANDA/features,5381,8889db1bff5d7e9b8d8fe4a1d47f97b4,0
/path/to/PANDA/features,5382,888a60018916e6e3a5f6042e285ea011,5
/path/to/PANDA/features,5383,888def072ecd54df26237e65ede1be05,4
/path/to/PANDA/features,5384,888f79c029f30ea78bc955396a17b233,0
/path/to/PANDA/features,5385,8893b376a419a07361f32d06e42db79f,0
/path/to/PANDA/features,5386,889806fafef98aab5c400f36dd30aae2,5
/path/to/PANDA/features,5387,88ad8f5f0b58dcc80e039de9f1591dab,0
/path/to/PANDA/features,5388,88bde4c99e9dff4e732dd21be1bb939b,2
/path/to/PANDA/features,5389,88d828c35fb9072e4de849b75fe9f721,0
/path/to/PANDA/features,5390,88e8c1a2565db8751c65187bad6e3bf4,1
/path/to/PANDA/features,5391,88ecc79a10ff8a1f201b73b3e82a4648,1
/path/to/PANDA/features,5392,88ef695f58a55195f0730b4090583f4c,0
/path/to/PANDA/features,5393,88fb00fabc97d341a95e97a593c3fc43,3
/path/to/PANDA/features,5394,88fcb6de1ead418b238f198a635179c0,4
/path/to/PANDA/features,5395,88fd1b3540f148486d5987f4ba55b02f,0
/path/to/PANDA/features,5396,8900095e28a92eebb25f469b67d29b84,0
/path/to/PANDA/features,5397,890b1b3fc51fa2caf03d7bef25a31336,3
/path/to/PANDA/features,5398,890d0c582d769f001e95fa6f38252daf,0
/path/to/PANDA/features,5399,89159e7316ccc0d364591c421a5c7e56,1
/path/to/PANDA/features,5400,891f54c0f474191384a4b5e2d97b4696,0
/path/to/PANDA/features,5401,89272db689ac176dbad0d77bc23df032,1
/path/to/PANDA/features,5402,89312c1f707db54b1efe684669e62fe9,4
/path/to/PANDA/features,5403,893a87f7fd18c11ba061c3ce4ce5f94f,1
/path/to/PANDA/features,5404,8945d09eeb1e073e71a5a50d13447fa9,5
/path/to/PANDA/features,5405,8948231e22708d60c8f855d7cbae5cf3,4
/path/to/PANDA/features,5406,8954785af321c52f1eb73ffd4c6b9367,2
/path/to/PANDA/features,5407,89572c5f93eb8b635a350d9fafa2044f,1
/path/to/PANDA/features,5408,8966778378acb202c1d6686486ba6039,2
/path/to/PANDA/features,5409,896728c112dfe5f55662f5f17656e076,1
/path/to/PANDA/features,5410,896ad51054f2f9f44429430f3c52adb8,4
/path/to/PANDA/features,5411,896aebfb6f7b259cf57f240fb48fbf3c,5
/path/to/PANDA/features,5412,896ffc56e018a333454c4889a28459a2,2
/path/to/PANDA/features,5413,897ba1f3a78695935baabe54f649e95c,2
/path/to/PANDA/features,5414,8982520da76f908b20b9f66c07ccc1e5,2
/path/to/PANDA/features,5415,898285bbfe20c9dc5ce9238a9cc6510f,5
/path/to/PANDA/features,5416,898611b9150c6ea8e3c491f337ee203b,3
/path/to/PANDA/features,5417,898c2d26d40846143d477f1b625971a1,2
/path/to/PANDA/features,5418,89912d7c7ffbad7504be4a75676fa4c2,0
/path/to/PANDA/features,5419,899208b5b6d4e2244928c3be37ca1a67,3
/path/to/PANDA/features,5420,89951a13926913dec08f584dd1830c8b,0
/path/to/PANDA/features,5421,89a1979b3baf29215a093228f11372e4,5
/path/to/PANDA/features,5422,89a8c3dacb902dfad95f51a5832d238d,2
/path/to/PANDA/features,5423,89afbbdd7813f149b3a047bc544046a8,5
/path/to/PANDA/features,5424,89b16d4fc1a0315739b2e6b02e0101a0,3
/path/to/PANDA/features,5425,89b546943efa4c35011b93b560303933,5
/path/to/PANDA/features,5426,89b62c165838d36fd294a57624db8e4f,3
/path/to/PANDA/features,5427,89bdb0f20bb2e4b15583af626d26ad62,2
/path/to/PANDA/features,5428,89c153314fbb6cb1b8140d1e5cd5683f,4
/path/to/PANDA/features,5429,89cae81d189efb98d4adc9806c50f8fd,1
/path/to/PANDA/features,5430,89cd386b165497663c49aa6f416d8dbd,1
/path/to/PANDA/features,5431,89ce8e0a494db9c7ddc68dbf58729c68,1
/path/to/PANDA/features,5432,89d137c7fb29df7596e6824181b7d5c9,1
/path/to/PANDA/features,5433,89d1f67fd7ccdaa64a4438b0188a0253,1
/path/to/PANDA/features,5434,89d67babd435cc76b1366455fd89044f,3
/path/to/PANDA/features,5435,89d6d529bd9f478c421a03df16c7f462,3
/path/to/PANDA/features,5436,89d9673df0dede5b57c52f98b43c1f9e,4
/path/to/PANDA/features,5437,89dc2910f86eb2f24aeb28fbcf55d996,0
/path/to/PANDA/features,5438,89dedf625c91ded52120e73c33932da1,2
/path/to/PANDA/features,5439,89ed4340802efa3106d6aba76341c180,5
/path/to/PANDA/features,5440,89ede291a13f7e38b926fc6ad5c4b959,1
/path/to/PANDA/features,5441,89f2a2a4e2924dfd716ebe784b4b1b72,0
/path/to/PANDA/features,5442,89f418346fc412a6458aaa05a224af3a,2
/path/to/PANDA/features,5443,89f8bfd1bbefd9ed29720eee5713b2c9,5
/path/to/PANDA/features,5444,89fa9845d25d82d60c3b8ec4ca9fac14,0
/path/to/PANDA/features,5445,89fbdb6764c16e5901842b67da4b34c1,0
/path/to/PANDA/features,5446,89fdb14bb802adbc860aa258fa4f27cf,1
/path/to/PANDA/features,5447,8a104f21359fb32d52d2eaee124e49d9,1
/path/to/PANDA/features,5448,8a1520420384d8c11733edd40969effc,3
/path/to/PANDA/features,5449,8a15e39a80cc29a4fff8c650f93e7f5c,1
/path/to/PANDA/features,5450,8a197e17ca0091e9abcfb457dc24813f,2
/path/to/PANDA/features,5451,8a1deb06940aa081c0cd103659e57510,1
/path/to/PANDA/features,5452,8a21fc0aed2fd06a8b3fe4824c53413e,5
/path/to/PANDA/features,5453,8a2de6d2185bec383f053b9aeaa24616,0
/path/to/PANDA/features,5454,8a2e377920bb4f87e746d837d6ff0f40,0
/path/to/PANDA/features,5455,8a31a42bb904f022190f57733ccef19c,5
/path/to/PANDA/features,5456,8a3232e8b3b2512f2f6cba0a265d175e,3
/path/to/PANDA/features,5457,8a327e4efafb98dee0f93c40e64d761e,2
/path/to/PANDA/features,5458,8a3ef3903640c6ab01f5890ccb0445ed,0
/path/to/PANDA/features,5459,8a415b0e974861fa00ae9d88f9e3b980,5
/path/to/PANDA/features,5460,8a4acae5d50cd14899eafd08c2dfa8fc,1
/path/to/PANDA/features,5461,8a4f3f6ba6b4107029e77e1b1b75c069,1
/path/to/PANDA/features,5462,8a50e044874fa8db8fa504e642d694d7,1
/path/to/PANDA/features,5463,8a510d59fecf6f0f07ae5d6b5b83190a,2
/path/to/PANDA/features,5464,8a5337e8ec132dc7f60b25764ba346e9,1
/path/to/PANDA/features,5465,8a539748fa4ea8902c3471f43911b7dd,5
/path/to/PANDA/features,5466,8a62c7e1f8070d642c7de7156dcf55bb,0
/path/to/PANDA/features,5467,8a766e821b28f9c9a09125370180c5e5,4
/path/to/PANDA/features,5468,8a76998072bccebf4c6f78ff7cc7b94e,0
/path/to/PANDA/features,5469,8a80defb01a1065b67e9ae7dd65ac165,0
/path/to/PANDA/features,5470,8a8a6e4dc7c935f57e8c1db91ba0abb2,1
/path/to/PANDA/features,5471,8a992900f5746791539bbaa8a7b15464,1
/path/to/PANDA/features,5472,8a9c7481252c73a7ccc06d8fab828bc6,5
/path/to/PANDA/features,5473,8aa35680beee94df712c211da5bda211,0
/path/to/PANDA/features,5474,8aaec063e9ddc9511008aaa0ae48d0ce,0
/path/to/PANDA/features,5475,8ac5528e72bb7fb3e3b0be31ad1f0f20,1
/path/to/PANDA/features,5476,8ad12c31792813c22bd2082d91642c91,0
/path/to/PANDA/features,5477,8ad2547b9347d850bda6e43eaa3a0026,0
/path/to/PANDA/features,5478,8ad806110eed91e34742c699c31755fe,0
/path/to/PANDA/features,5479,8addcf68a92fde8dba0b2a99caf9bff9,0
/path/to/PANDA/features,5480,8adde008fe7f97d5bf11b602b89a6377,2
/path/to/PANDA/features,5481,8adf4d491430a714d8654e3fee4483d2,3
/path/to/PANDA/features,5482,8ae069858aecbad846f4d69d405f9bd6,3
/path/to/PANDA/features,5483,8ae3701db2178185c232a92c5579e4c2,1
/path/to/PANDA/features,5484,8aeccaf12d3173a0c09f873be67be5a5,0
/path/to/PANDA/features,5485,8af0aedd384b877915768fd8e39374f0,2
/path/to/PANDA/features,5486,8af21cee20c50ca357ddc9e145584c15,1
/path/to/PANDA/features,5487,8af54c71033c8019017490db924dab70,4
/path/to/PANDA/features,5488,8af8df8099130fb4d9667e28b0bc0049,0
/path/to/PANDA/features,5489,8afae6066a89c4502c86e8b308c2bb1d,1
/path/to/PANDA/features,5490,8afc7add70b4d06343b2b9f37f58cf65,2
/path/to/PANDA/features,5491,8b012a7302f32e3f7d03c59473992462,3
/path/to/PANDA/features,5492,8b0f143a34251629cd7c0d34743d3e63,4
/path/to/PANDA/features,5493,8b1035c3bcdfedd76c9b55a997d334b7,0
/path/to/PANDA/features,5494,8b11184f09d4d571d4f1ead51051f09c,5
/path/to/PANDA/features,5495,8b126306391fa2af0f8bea265f2c9666,4
/path/to/PANDA/features,5496,8b1293493098a9bd999ef0c0dfdee134,3
/path/to/PANDA/features,5497,8b1590bb6429c7b3bbbcf0a420fff72d,0
/path/to/PANDA/features,5498,8b175b733c6b5a19f107d7cd9cdd1b06,4
/path/to/PANDA/features,5499,8b19e141c1741cb06bdff6bffc9503b1,5
/path/to/PANDA/features,5500,8b201b0e7f10c44a86046aa1da0f37e6,0
/path/to/PANDA/features,5501,8b2680234d9dd4ddcf5ba243d96a8a2c,1
/path/to/PANDA/features,5502,8b301972309a5509bbb5946b9f133e37,2
/path/to/PANDA/features,5503,8b36508994d132ac03c5effd255b6eaf,3
/path/to/PANDA/features,5504,8b421aa81e047f4649df49387c6aad02,0
/path/to/PANDA/features,5505,8b422bcb2206d18ab2ba35e6e5e3c878,1
/path/to/PANDA/features,5506,8b44ccec7265270e0524c5ab658d1344,1
/path/to/PANDA/features,5507,8b45517c6411802b7f978e32cf741a33,4
/path/to/PANDA/features,5508,8b48c767af9bb73efebdd338e8f07891,1
/path/to/PANDA/features,5509,8b4f2bfe25c190c76d74ee59725a99e4,0
/path/to/PANDA/features,5510,8b53e39fef183c0f3af56a47f42177ec,2
/path/to/PANDA/features,5511,8b63ec7d6571ecf9d1e9cb48fab4bb74,2
/path/to/PANDA/features,5512,8b656ab1363751b4dbd3489002924fce,0
/path/to/PANDA/features,5513,8b670faa5b39f947705e77fec2068cdc,0
/path/to/PANDA/features,5514,8b6b71ad7870d27f593a16905a42445f,0
/path/to/PANDA/features,5515,8b6bc283a0d345aaab935989639523eb,0
/path/to/PANDA/features,5516,8b7c2c4d3c69f89b0fb709634e774d22,2
/path/to/PANDA/features,5517,8b8338194dd8175d057bdc068ba44945,0
/path/to/PANDA/features,5518,8b8947e12fd0c2b222e3026a1cbc1972,1
/path/to/PANDA/features,5519,8b8eb1cfa610bf99c73b771db76be17d,0
/path/to/PANDA/features,5520,8b90a3312d9fc702a9ec8236e23065c7,2
/path/to/PANDA/features,5521,8b93842839ad38d60ff614c4c2985b96,2
/path/to/PANDA/features,5522,8b9a688d97ed3104b1ca96883df272e5,4
/path/to/PANDA/features,5523,8baaf0653549708b753a74d17dc4d962,0
/path/to/PANDA/features,5524,8bc019d3bc465a6f9b28913f5cb22c00,1
/path/to/PANDA/features,5525,8bc15e3da3a5793c473465b6a5e709c6,5
/path/to/PANDA/features,5526,8bc819037a6ab2932c227d1ac800102f,0
/path/to/PANDA/features,5527,8bdc3910c484c12ed3b0752ab704d539,1
/path/to/PANDA/features,5528,8be88cbd606502cf980f721d57c1c794,4
/path/to/PANDA/features,5529,8bf80024b1a7f12ce52136af81a930df,3
/path/to/PANDA/features,5530,8bfc4eb8d494eacb561c26623b3581ac,3
/path/to/PANDA/features,5531,8c20da6a52e1d5f532c3b39e4d5fe291,0
/path/to/PANDA/features,5532,8c287a17b24f41ff9d8db8f07c27dab2,0
/path/to/PANDA/features,5533,8c29bd4a2c7e20e6fe58fea5bb27309a,2
/path/to/PANDA/features,5534,8c2a787d5962f32f6a0356b298c6b9d8,1
/path/to/PANDA/features,5535,8c2de4d3ad43ab2d960337fe7b14f0aa,0
/path/to/PANDA/features,5536,8c32b55128cb5d99d9c50b7904f9bf80,5
/path/to/PANDA/features,5537,8c357871e57c5c60277230412f2d9028,4
/path/to/PANDA/features,5538,8c4098041ec69a0d01df2e8d8462db2d,1
/path/to/PANDA/features,5539,8c4f32285302c83919d972072b52cb0e,3
/path/to/PANDA/features,5540,8c5b4130d7ad948a6221527aa0087a10,3
/path/to/PANDA/features,5541,8c5c7ff38873658e6047f7bd39ba0a98,5
/path/to/PANDA/features,5542,8c5fd47e838f44848c14076f71fe0d10,0
/path/to/PANDA/features,5543,8c64bb74f16d4a6c44c9b8ea5dee8543,1
/path/to/PANDA/features,5544,8c6971bef31fe34c629d35910abce194,3
/path/to/PANDA/features,5545,8c72125b59c871657b90358f53dab131,3
/path/to/PANDA/features,5546,8c7bdc4f695371de12b86d561d0b0c4c,1
/path/to/PANDA/features,5547,8c8089988706688445a7a3ebb90c8e0a,1
/path/to/PANDA/features,5548,8c85b3c695c3a7ae3a9265cd7aa68769,4
/path/to/PANDA/features,5549,8c8fc85ded58f6e097a0aca8c56c35e0,3
/path/to/PANDA/features,5550,8c9c9fbe9fe4e3787e94905f9d617db9,0
/path/to/PANDA/features,5551,8ca4eea53dab8fb41f2ba01deb4e84db,1
/path/to/PANDA/features,5552,8ca6ea383b58c9ed7f3b7bdc35b29761,1
/path/to/PANDA/features,5553,8cbc1d87857d1bc3eac98e09b7e10a3d,3
/path/to/PANDA/features,5554,8cc1c091533e03551a86a72173640d9c,1
/path/to/PANDA/features,5555,8cc5179031ebbf5704f2cc33476dd5be,2
/path/to/PANDA/features,5556,8cca652bef7a75a8a035bedb78b58832,0
/path/to/PANDA/features,5557,8ccc9a1d1dd3379192c829ac6ab62550,4
/path/to/PANDA/features,5558,8cd17fa38b5f8f3e658bfa55e45f509b,2
/path/to/PANDA/features,5559,8cd313b5545fa75f9a7dd0273e17c568,5
/path/to/PANDA/features,5560,8cd79170b9a39ff09db077594b8ef415,0
/path/to/PANDA/features,5561,8cdb32e9279d50b6b26cd8eadd29d19f,3
/path/to/PANDA/features,5562,8ce7e69e255980b50a2f8a7289bce5a6,1
/path/to/PANDA/features,5563,8ced08fd98400f0dc7d3b1ebb782eb7b,1
/path/to/PANDA/features,5564,8cee5821fbe1d9167183271a8c6ae83a,2
/path/to/PANDA/features,5565,8cf115bf4b3942283d07e9acea23ef14,4
/path/to/PANDA/features,5566,8cf19589a1981643086e40e44940a4c5,2
/path/to/PANDA/features,5567,8d023fab6d98cb21342681e0dda180d0,3
/path/to/PANDA/features,5568,8d042c218851d6c8385cb5f1e321ced6,3
/path/to/PANDA/features,5569,8d0a5af2726888ec9012768280f0837c,5
/path/to/PANDA/features,5570,8d0e1de534ee6589cbcc1af1ded62f7d,2
/path/to/PANDA/features,5571,8d0e5feb0e72d7d75c73d8d5df4810a7,0
/path/to/PANDA/features,5572,8d14e4160147a34111189383ecae42ec,0
/path/to/PANDA/features,5573,8d1f2fb9f5b3360f9760d2f93a3c7171,0
/path/to/PANDA/features,5574,8d24346bac57fef32f520a6d5c282032,3
/path/to/PANDA/features,5575,8d26d0a42e1e8cc6e77979f84c811ac3,4
/path/to/PANDA/features,5576,8d2b108e26bd0c52b2de57acc205fad0,3
/path/to/PANDA/features,5577,8d2b245c0b16c142dcd57fa32cbc6d86,5
/path/to/PANDA/features,5578,8d2d81395c6a14a4683d92b7db8bf18b,2
/path/to/PANDA/features,5579,8d3f432144fb13e62d865a20dcfa7e82,5
/path/to/PANDA/features,5580,8d46a2e2abae5735ae3334c0b0fe8c34,1
/path/to/PANDA/features,5581,8d4ab7ab94540477432ec85f1182b0a5,1
/path/to/PANDA/features,5582,8d4d03f080d431387a79cfbca4065dbd,5
/path/to/PANDA/features,5583,8d58a0c1160a5cea99d5073231becd89,0
/path/to/PANDA/features,5584,8d591bbdb85060fdda5c3c85f29ed9aa,1
/path/to/PANDA/features,5585,8d6842e797f4edcbefa0e580a3e73fd5,4
/path/to/PANDA/features,5586,8d69850040ca70588cb37e7f0bc70390,0
/path/to/PANDA/features,5587,8d6d8329cd0bbf6d0356b300f83d6b6a,1
/path/to/PANDA/features,5588,8d743ed3d38796d111981e6efb41457a,1
/path/to/PANDA/features,5589,8d90013d52788c1e2f5f47ad80e65d48,1
/path/to/PANDA/features,5590,8d9bf04e714c959d4c571030c51ee9f5,2
/path/to/PANDA/features,5591,8d9e28e97edc6598da7df0b5b7c098d6,5
/path/to/PANDA/features,5592,8da76020de68a4803081fddf5c3178eb,4
/path/to/PANDA/features,5593,8dab7a3c32ea29419e0ee7db4beed1f5,0
/path/to/PANDA/features,5594,8dafcf8fe216a675953bddb06de7a3f0,2
/path/to/PANDA/features,5595,8db1e961d6b41521345f1f36811859f1,1
/path/to/PANDA/features,5596,8db3ab06b4efd9c799bb2eb1e3e0289d,5
/path/to/PANDA/features,5597,8dbbf6f6aebb8aea3339f70dbfd7cf07,4
/path/to/PANDA/features,5598,8dbc8704ec25e7058252d987bb67b288,0
/path/to/PANDA/features,5599,8dbe3cdc6b82d368c82e44f054477769,1
/path/to/PANDA/features,5600,8dbedd97ed2b7b01525d6800d52ae073,3
/path/to/PANDA/features,5601,8dc0d30245d16902077f9d5da16f1475,2
/path/to/PANDA/features,5602,8dc97d161e376446e0f2a80b6dbde788,3
/path/to/PANDA/features,5603,8dcdad73d9facc2ba28642ff4a3b9513,0
/path/to/PANDA/features,5604,8dd1d17e02123008c58b1ab3652a613f,2
/path/to/PANDA/features,5605,8dd500d60fbef656e2745aee230cd58b,0
/path/to/PANDA/features,5606,8ddd6a0c4628dbfdcd6d3bcb0fa1ecbc,1
/path/to/PANDA/features,5607,8dec7220900f4ae24015b2fabf50a48a,1
/path/to/PANDA/features,5608,8dee9c79fba34ba0c928d28de9aa9c2f,3
/path/to/PANDA/features,5609,8df43ebd07c7eb0eeac8346283dcb5f7,3
/path/to/PANDA/features,5610,8dfe44375f062a6de5aac69741ae7dbe,0
/path/to/PANDA/features,5611,8e03d0bfa55336cccbfa604e66a878fb,2
/path/to/PANDA/features,5612,8e0b93677c13fa18872839b253c1b77d,0
/path/to/PANDA/features,5613,8e10fdf7cf892cd38ba41c771557b0ce,3
/path/to/PANDA/features,5614,8e18a003593e835063a89a8709df3979,1
/path/to/PANDA/features,5615,8e1caeb7b30b4cf3b1d07e777aca6a67,1
/path/to/PANDA/features,5616,8e244ea370ffdb16c4d50bd271c538a8,5
/path/to/PANDA/features,5617,8e24d78eb3a2e377b4d169ad456fe5a3,1
/path/to/PANDA/features,5618,8e25584bd03155d24a2adc00517a38e8,1
/path/to/PANDA/features,5619,8e25daf57ff5b9ee0053514ee21ad9b6,0
/path/to/PANDA/features,5620,8e393fd8642026c8c4b899d7ddeadcf4,4
/path/to/PANDA/features,5621,8e3d3a5d3a5cae900595db0f9f5df6bb,0
/path/to/PANDA/features,5622,8e3e843a0eebb79b5ed06f97c078eb87,2
/path/to/PANDA/features,5623,8e45b3d90a0b2ff168f2851d2b0efad7,5
/path/to/PANDA/features,5624,8e4d95c12fd86268fb764544dd341c49,0
/path/to/PANDA/features,5625,8e6046bcf8e5c9877075618ea526838b,1
/path/to/PANDA/features,5626,8e6db17e55f22d47faaeed270a79d288,3
/path/to/PANDA/features,5627,8e746b67fa47b5104b9cbe38c1c2014b,4
/path/to/PANDA/features,5628,8e74810e59ad22578ca909985e484cf2,1
/path/to/PANDA/features,5629,8e773fa13d562c5774c3617889b1578a,1
/path/to/PANDA/features,5630,8e777c9f9c3cf64231bef6cdd1fa19d8,1
/path/to/PANDA/features,5631,8e7fc648a8693bc9ff0f8679220196f5,0
/path/to/PANDA/features,5632,8e8067699657d35ca314a76b3892307b,3
/path/to/PANDA/features,5633,8e81ba898f016bb52c0cf59faa3af526,4
/path/to/PANDA/features,5634,8e8607e7d0a40548501bbb0c8f4ca697,3
/path/to/PANDA/features,5635,8e8cadb3e802b1f008e5f6034d39fb1d,2
/path/to/PANDA/features,5636,8e8e466ee8644a88c48ff4decef87949,0
/path/to/PANDA/features,5637,8e9fa23bd67888cbddd7203f3a2db9fe,1
/path/to/PANDA/features,5638,8ea5bb9e2220e1906653030284775e1a,3
/path/to/PANDA/features,5639,8ea670bea099a4d37688e0bd5c400dcb,4
/path/to/PANDA/features,5640,8eb0f13107ef73e6a6b0e6485cbdc99e,1
/path/to/PANDA/features,5641,8eb6325c279ad391cf4a54492db4c41a,4
/path/to/PANDA/features,5642,8ec127d5165fd03111cf492b0161662c,1
/path/to/PANDA/features,5643,8ecdb6b16476fa6610c7200a093f562c,0
/path/to/PANDA/features,5644,8ed0759dc9f237217ed150c21d9afeac,2
/path/to/PANDA/features,5645,8ed11de0354e0571d6972983dfcefd60,1
/path/to/PANDA/features,5646,8ed35a4d31711b9670bc5125f79fbdd7,0
/path/to/PANDA/features,5647,8ed8da75b8a46d9e025378993e4dc41e,3
/path/to/PANDA/features,5648,8ef59d7cb53bf92b5c589f7377edb0d7,2
/path/to/PANDA/features,5649,8ef60407163c62c9fc4f2a3f6bf7691a,1
/path/to/PANDA/features,5650,8ef6bc4f6251b850e1b47f926d50968a,0
/path/to/PANDA/features,5651,8ef71bfdde4f67ce9c00e001e6946f5a,4
/path/to/PANDA/features,5652,8efb75ef39c5b55cffeac6d3d19cf238,4
/path/to/PANDA/features,5653,8efdb7429bd48a9e77862d5af5351267,3
/path/to/PANDA/features,5654,8f0014b11255b876c86bc3962d82a99e,2
/path/to/PANDA/features,5655,8f01bf374ae51581432658526d895b22,3
/path/to/PANDA/features,5656,8f08fea7cd2b67c68a1b388b197b6ff1,1
/path/to/PANDA/features,5657,8f151ad9af432f235c2533cdd7942293,0
/path/to/PANDA/features,5658,8f16faec966db9516e180adfcb7720d3,2
/path/to/PANDA/features,5659,8f18d0ffda3fb439d6ad4473d575409d,2
/path/to/PANDA/features,5660,8f1bb0798e87ca88ea912d942b0b32f8,0
/path/to/PANDA/features,5661,8f264374ed3fa427615c1650218e7f21,1
/path/to/PANDA/features,5662,8f2bf8045c49c8e298b02cb62b1c57c9,1
/path/to/PANDA/features,5663,8f2fc01533c47283b751e802f05c920f,0
/path/to/PANDA/features,5664,8f3594bd4bd9f8209fe59b965b431963,2
/path/to/PANDA/features,5665,8f390d3f70eb8c12b3e56bb1976c71dc,0
/path/to/PANDA/features,5666,8f4163f9e76ce4d47678985228bace09,0
/path/to/PANDA/features,5667,8f4389cc541dbe6eb4bcd793d0626891,3
/path/to/PANDA/features,5668,8f5224f9f16da9ca8e92a05013132b4c,0
/path/to/PANDA/features,5669,8f5ae51366bcb44ca78d5c79e4c782ef,2
/path/to/PANDA/features,5670,8f68f6bfbb6d42404f399af5850d29f4,1
/path/to/PANDA/features,5671,8f8d20fc6e9b6aa3b145e359e104eac4,3
/path/to/PANDA/features,5672,8fa7f6ad508c78ef7dbd621d579350b8,3
/path/to/PANDA/features,5673,8fae0151f134c7499934dfe20c700eb9,5
/path/to/PANDA/features,5674,8fb12946881047895dd14ed095a99367,1
/path/to/PANDA/features,5675,8fb2c0cf4f02d156bf2f9511b680a25e,0
/path/to/PANDA/features,5676,8fb59dad9900993009ec713ff08f7a56,0
/path/to/PANDA/features,5677,8fb9c792bb2152a5f3e2c60728be9af3,2
/path/to/PANDA/features,5678,8fc10ce3188de7e919b9f08fe5e6993c,3
/path/to/PANDA/features,5679,8fc8a9625136be2a7a2d0b394d82a382,3
/path/to/PANDA/features,5680,8fcc3efc049396629dedaf22cb4a1c14,3
/path/to/PANDA/features,5681,8fccff804b4b917572a6bfa3f32b3132,3
/path/to/PANDA/features,5682,8fcd382bc295b5af64cd8706d219de89,1
/path/to/PANDA/features,5683,8fced11c69f98368c493a9fdb733544c,5
/path/to/PANDA/features,5684,8fdb492c7886b65948dd0b174f331b21,1
/path/to/PANDA/features,5685,8ff2a1df0aa706eb728a63c4724c0e87,5
/path/to/PANDA/features,5686,8ffe7685159750981a83f8d372aea931,0
/path/to/PANDA/features,5687,900ca15382fabf04c7b62af369e0b551,5
/path/to/PANDA/features,5688,90155f31bd058a8f7b959346103bdc0c,4
/path/to/PANDA/features,5689,90169c13e631f83d6c2d9263be03aca3,1
/path/to/PANDA/features,5690,901a4d6d3cdfc23bf94bc1cb3e03fbc5,5
/path/to/PANDA/features,5691,901c286b8214018bb61ece49767c9004,1
/path/to/PANDA/features,5692,901d2acd51382d7568fd83389f704888,5
/path/to/PANDA/features,5693,902c91b64acca0e23028554022413337,4
/path/to/PANDA/features,5694,903461ee1301ed17ac229b3fb607ece7,2
/path/to/PANDA/features,5695,903c88d5dc12315b4f6e9d6ad6b82537,1
/path/to/PANDA/features,5696,904abf17bb3b1052483e2b026d2a2a7e,2
/path/to/PANDA/features,5697,905733a0eeb4e1e2fadca080fecd62da,3
/path/to/PANDA/features,5698,905c650345aa10be67b1193b35cc44a5,0
/path/to/PANDA/features,5699,9064f0eb9ef8bbb376649033116fc380,1
/path/to/PANDA/features,5700,9066877b4c62ee46babd387370424709,4
/path/to/PANDA/features,5701,906a29d46ae1aa8cd2d3b50842646f29,2
/path/to/PANDA/features,5702,9079ffff621fc4e738b65b66587bfa47,5
/path/to/PANDA/features,5703,907cfae3e090f5d21946d59705ed3abb,1
/path/to/PANDA/features,5704,907fa28d598b4f24dd06a41956e97f43,1
/path/to/PANDA/features,5705,908d0fea96e1e85c8b7c772b397dbe8e,2
/path/to/PANDA/features,5706,908f1b399873681da17cd24b94c85714,1
/path/to/PANDA/features,5707,9098b613c1e7dc1e50790bbdaafd4828,3
/path/to/PANDA/features,5708,909be30586dce24e6d7ff734a4572cee,0
/path/to/PANDA/features,5709,90a1a09e8b9543d69f9a90982ef5a789,5
/path/to/PANDA/features,5710,90b46d166cca71d23d7158ce41f5863c,0
/path/to/PANDA/features,5711,90b662751c94e02232830cc4b5d2db16,4
/path/to/PANDA/features,5712,90b8c7eac5e1df7eb3310d2346a24ebc,0
/path/to/PANDA/features,5713,90bded96836ea370356065826e6e5824,3
/path/to/PANDA/features,5714,90ca0914d80d3877bb710d95ab9de2be,2
/path/to/PANDA/features,5715,90d0e6728b0cae76570b1abb459b522a,2
/path/to/PANDA/features,5716,90eafbed9a8929f535b122c7b164fcf9,0
/path/to/PANDA/features,5717,90f27b8f8e4c1ca220df5e199f7f21cf,5
/path/to/PANDA/features,5718,90f40766a31a51bef3e27e361a65fbd4,5
/path/to/PANDA/features,5719,90f76a1838fa7aa6f0f5e77777b2b4f2,0
/path/to/PANDA/features,5720,90fed309bf399bb521519199a45f09b4,0
/path/to/PANDA/features,5721,91256e6ad32ae5faf424a89a30b7a849,0
/path/to/PANDA/features,5722,9127ce46a7d8ebdad6c877c3ea4624fe,3
/path/to/PANDA/features,5723,912ca342d7aa2b580b6b3fa8aa547b4c,2
/path/to/PANDA/features,5724,913061935711a7144fe223f4606ab68c,2
/path/to/PANDA/features,5725,9134dd5f06ffc27faa20cff04ca04ce3,4
/path/to/PANDA/features,5726,913a2707c4014d58fc950f0bcad251e2,4
/path/to/PANDA/features,5727,913deddeb87c740ad4e8745ab3aa5d97,0
/path/to/PANDA/features,5728,9140f25d89ce21afd290027d237a1c36,3
/path/to/PANDA/features,5729,9144106abaaa37336cad2f4ef72d3fdc,2
/path/to/PANDA/features,5730,9148ac834e0fda9d90c7cdb797c444b7,0
/path/to/PANDA/features,5731,914d7647a5387102dc4dba393cd092d9,0
/path/to/PANDA/features,5732,914e46fc6ac2be2f83511951fb44b6a6,1
/path/to/PANDA/features,5733,9154ff6a2f46f6ff98c6b62f90b63081,0
/path/to/PANDA/features,5734,9156dc269872b5c1f832a6a71cf0f8de,0
/path/to/PANDA/features,5735,915845d6283e37f8855d3ac5c0bcd599,0
/path/to/PANDA/features,5736,9158baf42019752ef196d31796e7a768,5
/path/to/PANDA/features,5737,915a1e409a2d3349835d09098e364658,5
/path/to/PANDA/features,5738,915dd7918f5bbd16aa1ec7a677dcfe13,1
/path/to/PANDA/features,5739,916fdbaf13e4d2cf296f9b4298509fba,0
/path/to/PANDA/features,5740,91711a1d263ddd2559f5b91669cfcb4a,4
/path/to/PANDA/features,5741,91715bd01b55f5f06db540218cbb312d,3
/path/to/PANDA/features,5742,917a41204bed06f0a0313e6bbe0e2743,3
/path/to/PANDA/features,5743,917bea3ff0173996f94b1adca79213e0,2
/path/to/PANDA/features,5744,917cd45a69cff65efa37f3946d4bb13a,1
/path/to/PANDA/features,5745,917d123875f9235226a28cdef5320302,4
/path/to/PANDA/features,5746,9181bae76adbd66f7a603698945dbb9f,1
/path/to/PANDA/features,5747,9188974a29e847d6eb44f3db923ce08d,3
/path/to/PANDA/features,5748,91939627c20f2e47fa4be433363bfd6d,1
/path/to/PANDA/features,5749,919408ee796bb1d71ca9fc5ee0019400,4
/path/to/PANDA/features,5750,91943fddc4c32254d35553f7cef53683,3
/path/to/PANDA/features,5751,91a40f207d9a99e49866c204e28ce521,3
/path/to/PANDA/features,5752,91ab816a1696123b34d31e6b8fc00315,3
/path/to/PANDA/features,5753,91af122d94f80bb3d32eaed47bbce034,2
/path/to/PANDA/features,5754,91afb93637f5f86aacf904fcbe2bf5d9,1
/path/to/PANDA/features,5755,91b53c8308cd140ab55518b1df7a370d,3
/path/to/PANDA/features,5756,91b65eeea73dd7309880c990458e97ca,0
/path/to/PANDA/features,5757,91c2e90cf320a9e3cbaeee14fd3b44e3,3
/path/to/PANDA/features,5758,91c2ff4afc2ebfc91581c582ac5ab3d5,2
/path/to/PANDA/features,5759,91c81d3cfa563c09806fa385c628294b,4
/path/to/PANDA/features,5760,91cda229f5cca86a0d2c7bf78cfce02c,0
/path/to/PANDA/features,5761,91da6390f18abade4b2f30ca2b0a9156,1
/path/to/PANDA/features,5762,91dbf33750e689bb6ed3c3fb60782cef,0
/path/to/PANDA/features,5763,91dd982fbff7aa72802fbd7391cd2eff,0
/path/to/PANDA/features,5764,91ddec6cba7af9cfefc2ba5317d5f87b,4
/path/to/PANDA/features,5765,91e29de2d26bec1ecc377921c0ff0a50,5
/path/to/PANDA/features,5766,91e2c35b8c9d4b6c1772f0589e6a81be,0
/path/to/PANDA/features,5767,91e3ceffadae98811ca5bb20593359ab,0
/path/to/PANDA/features,5768,91e740d5dd2c702b30f0c6c4300512a4,0
/path/to/PANDA/features,5769,91f209de31040146c9a61a8c7804bd34,3
/path/to/PANDA/features,5770,91f229c6985c3c53afcb9e14a6d92e9f,1
/path/to/PANDA/features,5771,920249b849efbeedab4cbfe37d735404,3
/path/to/PANDA/features,5772,9211e2a55ae8c8499c0a3bfd6fe63fa4,1
/path/to/PANDA/features,5773,9212335e35c3c551a8c6318f772bdad3,1
/path/to/PANDA/features,5774,9217d01f99e5ae534da606486464a812,4
/path/to/PANDA/features,5775,921e586c2b5c9ac5b164f2229f7ea9f6,2
/path/to/PANDA/features,5776,921fad66b248407bf850a7d77cb1a930,1
/path/to/PANDA/features,5777,922a6f76e21a80e5163ab59395b3cd8a,1
/path/to/PANDA/features,5778,9244b109ff28b15a04941fbc00a5caeb,5
/path/to/PANDA/features,5779,9264516b76300c3bc495b34d0c011536,1
/path/to/PANDA/features,5780,9264efc13ba91622d0d641b49c8caf52,0
/path/to/PANDA/features,5781,9269a7b94ac73d384512a87c1b38fd5a,5
/path/to/PANDA/features,5782,926b6d653f692d2221544f859d5418f7,5
/path/to/PANDA/features,5783,927c2a546b259db4cf43652d7894db61,0
/path/to/PANDA/features,5784,92830b819eb02be8d93a9e8e8b5ae090,1
/path/to/PANDA/features,5785,9293d9cbf670375a056639da7e0a0f7b,0
/path/to/PANDA/features,5786,929cb4d0ec760882129e1853b335af17,4
/path/to/PANDA/features,5787,92a7876fa3e636c7cae555a615c6c192,1
/path/to/PANDA/features,5788,92a7e5f4fc41047d3f826cc90660c7a1,1
/path/to/PANDA/features,5789,92a9e09edd02a9f50ea0bc8e97ab96f5,1
/path/to/PANDA/features,5790,92ac26cd740768dd6ff5f648f2bcf618,4
/path/to/PANDA/features,5791,92ac748f5a590d8cb9862869c56ce0fc,1
/path/to/PANDA/features,5792,92be9733e09cf578c9fdd89edacff5c9,2
/path/to/PANDA/features,5793,92c47e36f3e35b80eb8798558ad37e10,3
/path/to/PANDA/features,5794,92d2a85fdb81d51f59c5781eb2c5d0a8,4
/path/to/PANDA/features,5795,92d2d3c1efe901481be93f2f1b4cc2df,3
/path/to/PANDA/features,5796,92d5a8e66feaffb190bdf88ea20cff2d,2
/path/to/PANDA/features,5797,92d63d4d12f72506fc03dd25f0bc776b,0
/path/to/PANDA/features,5798,92d641eafe819ad90148027f5da9afd3,4
/path/to/PANDA/features,5799,92d9151ac1696151907d63db1116efa1,3
/path/to/PANDA/features,5800,92da77a0c27bec421940eff2cf7ffa44,1
/path/to/PANDA/features,5801,92e65cdbae33b846328b01eefe907fff,0
/path/to/PANDA/features,5802,92ed1808381455735456c3cbfb547ea6,1
/path/to/PANDA/features,5803,92fa83d9c589d7c819d52fd8ab461241,3
/path/to/PANDA/features,5804,93118746dd91a114db2b4f2d59d43b74,1
/path/to/PANDA/features,5805,9311b55b58d9dabca201da04a286fcc1,1
/path/to/PANDA/features,5806,9312f1d67670056fcff9a88c21a07e7a,0
/path/to/PANDA/features,5807,9328dc3ac0b65b4f932053dcafde0e33,0
/path/to/PANDA/features,5808,932af254f55ed4607b6a31c4fc69726f,2
/path/to/PANDA/features,5809,932c710132acaf350cbc949b53417207,0
/path/to/PANDA/features,5810,9334b0446f58b8434f9d149d0a11af28,0
/path/to/PANDA/features,5811,9335fbc722c3feb51e73c142238a0751,0
/path/to/PANDA/features,5812,9336705a0567f81bfbf9dcabfc4acf49,1
/path/to/PANDA/features,5813,933e0a326144bffd98a22ef54fa1466a,5
/path/to/PANDA/features,5814,933f22ce388303435d472aa4f9a56d66,1
/path/to/PANDA/features,5815,934b5d2a0804ebbf888544b5c8a178f4,5
/path/to/PANDA/features,5816,934c0766674a11be1e32de11110ebb0e,3
/path/to/PANDA/features,5817,934f3bcb20dfdd3e184f53df0383b9e0,4
/path/to/PANDA/features,5818,9359e8987975c5e0d24dcb18e41270dd,4
/path/to/PANDA/features,5819,9362e969027cc9260ceabfcbe2a7ceda,4
/path/to/PANDA/features,5820,9362ecc68839f01d586019a2782f3552,2
/path/to/PANDA/features,5821,9363078b5551157c88ef7e405f422ef2,0
/path/to/PANDA/features,5822,93757b4ce72684dad26c5e68b49829f7,3
/path/to/PANDA/features,5823,93788e79ae389079b97441ca122fca06,0
/path/to/PANDA/features,5824,937d1baa30563087075199d0756f980d,0
/path/to/PANDA/features,5825,9380b3a7b261bce9b376b110aaee787c,1
/path/to/PANDA/features,5826,93833feacb7db2d9b7309fbd9cda84d0,3
/path/to/PANDA/features,5827,939821c6b92db7fa382c47c1c5c120e6,2
/path/to/PANDA/features,5828,93a53e5582574f10426754a9ee48619d,0
/path/to/PANDA/features,5829,93a6df6c3e87cddf40ce9317f431b437,1
/path/to/PANDA/features,5830,93ae02548272362cf8d6c949018670cb,5
/path/to/PANDA/features,5831,93b3300fd244ac326a9f11a6a47ed016,0
/path/to/PANDA/features,5832,93b69d2902a418c407b43b1da3248c8d,2
/path/to/PANDA/features,5833,93c360d81e7e85d723da037885008528,0
/path/to/PANDA/features,5834,93c3721f35d6693ac28d99f530b78233,0
/path/to/PANDA/features,5835,93c3ab8d7caab409b1d9a6e97b789703,0
/path/to/PANDA/features,5836,93c61a53aab1f24ced17419d1992bdf6,3
/path/to/PANDA/features,5837,93c9f7f98f8ecda60b56a601eccc5acc,4
/path/to/PANDA/features,5838,93cb817e07cba6f15d4dffcf8344316a,1
/path/to/PANDA/features,5839,93d0dc29c48d0c31738d20d3c5c38aab,3
/path/to/PANDA/features,5840,93d61048971f66fca64784b9e2a0106b,5
/path/to/PANDA/features,5841,93de4c63c4fc4f7af571407a4c8d7040,0
/path/to/PANDA/features,5842,93e2ce38e743146a128afb9ff3a61383,0
/path/to/PANDA/features,5843,93e402b3157850fc6995e60ebb11f70a,4
/path/to/PANDA/features,5844,93e7f57dd48641f79d51cd427b867727,4
/path/to/PANDA/features,5845,93eaef7c97c70876d36d656b675de171,1
/path/to/PANDA/features,5846,93ee46eb8bda86d390bee02fd3766238,1
/path/to/PANDA/features,5847,93f366029ac746d84ea2aea80cc998e8,1
/path/to/PANDA/features,5848,93f72dd7ec242504056611151fff2dc5,2
/path/to/PANDA/features,5849,9403cc77efc7d9414204d12e31dadac1,2
/path/to/PANDA/features,5850,940522873f9f42a4ded21600ca1311bb,1
/path/to/PANDA/features,5851,941c5c00aa0eb23c7020f46bafffc062,0
/path/to/PANDA/features,5852,94357950df8207565fbe7d59a3084a1c,0
/path/to/PANDA/features,5853,944145f2933819f15c2c06746e839e97,5
/path/to/PANDA/features,5854,94430d425fcce2eb8de96209bbead0c5,4
/path/to/PANDA/features,5855,944993e4e26b18e41b3693a4095cbf77,0
/path/to/PANDA/features,5856,9459f98d4b344c82d5c9b45a7af81b53,0
/path/to/PANDA/features,5857,9469e763e512e05eca69e2e28b6f4ef7,1
/path/to/PANDA/features,5858,946e85479cd3ac3e73f2698c9cf01806,2
/path/to/PANDA/features,5859,947778d55b7cb029d9b22bd048534fe5,3
/path/to/PANDA/features,5860,947d9dc594fe52b86afafc2d15bdfc98,1
/path/to/PANDA/features,5861,948e99d0e90585562815a1b73b96c5dd,1
/path/to/PANDA/features,5862,949247a2b70a0976687f44de498ed601,3
/path/to/PANDA/features,5863,949819ffbb671f6db1ebba07195d5571,2
/path/to/PANDA/features,5864,949b9f749f20ec960b36bd2fe50ac056,2
/path/to/PANDA/features,5865,94a84606c04b44e34a2ceeaed0dcbc76,0
/path/to/PANDA/features,5866,94a91bf6dc832eda6a8f9fc70aae77bb,3
/path/to/PANDA/features,5867,94ad34192c1c300da99532bb24fd7bf3,0
/path/to/PANDA/features,5868,94c205e8b05cf240044de9c9a13ea071,0
/path/to/PANDA/features,5869,94dac5d69f50a3d9966c1a5ac2ebc6df,2
/path/to/PANDA/features,5870,94dcdaaf4326572b9ab6402c00a73c57,2
/path/to/PANDA/features,5871,94de92cb54c50c8f9fab0e17d360041d,5
/path/to/PANDA/features,5872,94e805801918bb97b698e5190edab934,4
/path/to/PANDA/features,5873,94f02c7d0a57b89c1815e1e18314a037,3
/path/to/PANDA/features,5874,94f40cc47de223f60b575e508378ca9f,4
/path/to/PANDA/features,5875,94f59c80441412249d37ee784bbb64aa,0
/path/to/PANDA/features,5876,94f6b16d7289691642d1a611c4f1997f,1
/path/to/PANDA/features,5877,94f7caa8da3e5c1d5507ddde7b6d6c24,5
/path/to/PANDA/features,5878,94f7f3918ecc4fd3ace3aa7d10e7d521,0
/path/to/PANDA/features,5879,94f80c53bdb15bea46fa9ad42bfe7093,0
/path/to/PANDA/features,5880,94f8884c0106deb59d2b6abfbc53fc74,5
/path/to/PANDA/features,5881,9503ee570d925c0588b90264187fa18a,0
/path/to/PANDA/features,5882,950719887cff5ded2cd4a8b4b1f76efb,4
/path/to/PANDA/features,5883,9516b3bb0d6eded8a3095266dc373ad1,1
/path/to/PANDA/features,5884,9518fc0f7ee2483168d18fe28e0d0083,1
/path/to/PANDA/features,5885,952354b1360e43574f629bc9fd33279f,0
/path/to/PANDA/features,5886,9526ed25cd1ac4113139593575131cd1,1
/path/to/PANDA/features,5887,9539ca1c39d9b6ff86f427ccbb0966c9,2
/path/to/PANDA/features,5888,953af5d0a03f8b2ef4c1d948ae48c368,1
/path/to/PANDA/features,5889,953b9d576b5d252f0e25a866c7a81f0d,1
/path/to/PANDA/features,5890,954c4fc8d1287b99baa0d4937ecd0ac2,2
/path/to/PANDA/features,5891,954e9c58e7e2007d308584e35368996d,5
/path/to/PANDA/features,5892,9559ae040fe5fac16fc58b41bc03b714,1
/path/to/PANDA/features,5893,955f09b99664b07b0cf18768c84f2253,5
/path/to/PANDA/features,5894,95628b86f92136292339cdf12e2b8c8f,1
/path/to/PANDA/features,5895,95687706ffc4a2750ca1709258cc88de,4
/path/to/PANDA/features,5896,9574cbe7791aa300f38a95ebed823276,0
/path/to/PANDA/features,5897,95781af679bc9da8eb878cee3af3d158,1
/path/to/PANDA/features,5898,957b6739a057adf1eef9ff91f31afe43,0
/path/to/PANDA/features,5899,957c6cf443a82d55f348284784fe6324,2
/path/to/PANDA/features,5900,957cf20a917829002fc55aeecaef794c,2
/path/to/PANDA/features,5901,958b673142f168452d11347144168cd1,0
/path/to/PANDA/features,5902,9591a44ee456707bdc1def93f0007c35,3
/path/to/PANDA/features,5903,95934fe39402403648eefd57c9be8692,1
/path/to/PANDA/features,5904,9599d5f691b56b56aac30664afa7ef45,0
/path/to/PANDA/features,5905,959bfd3628a41ea05df15aae9be26b66,1
/path/to/PANDA/features,5906,95a85a81c83b5998c80585869737df0b,4
/path/to/PANDA/features,5907,95b532b4358d9b7df9102074081e7e31,0
/path/to/PANDA/features,5908,95be303672540e2eb1b63749af33c1c5,0
/path/to/PANDA/features,5909,95c16154511d02d6cecdd6cb9b3a7ffd,2
/path/to/PANDA/features,5910,95c2d3c62a1958314c31967600e736ee,0
/path/to/PANDA/features,5911,95c518378ccd428a5e674c3c668e9f2e,3
/path/to/PANDA/features,5912,95ce176e7ef187cd2c11c424802156f0,5
/path/to/PANDA/features,5913,95ce6e0bcd89e1efb666a0c9fa3a1106,0
/path/to/PANDA/features,5914,95ceba057707ca5624053399bd2f14db,0
/path/to/PANDA/features,5915,95cef4ca534e7e446accec285266416c,2
/path/to/PANDA/features,5916,95d063f94f4fcad63503a33aef7d88aa,1
/path/to/PANDA/features,5917,95d7b143d6b7882041810a4b445a7553,2
/path/to/PANDA/features,5918,95deb0caf878d715c1a497a77abbd6d9,2
/path/to/PANDA/features,5919,95df6544155901a142acce3866e316c2,3
/path/to/PANDA/features,5920,95e9c34837f160db3ba8e0eddc5c2e80,0
/path/to/PANDA/features,5921,95eeb46ecc4a9693119627fedb8df55c,4
/path/to/PANDA/features,5922,95f46368ce66a0f5d0fb0ce29d703451,1
/path/to/PANDA/features,5923,95f50ef561b3a5577c09859dc909fb8d,0
/path/to/PANDA/features,5924,9601e9f2ce0e61c627ec08bdd50d4f53,1
/path/to/PANDA/features,5925,9601f5a50ae3847ee3248320b84606ff,2
/path/to/PANDA/features,5926,960986ff8cca993c059343bf7e984a14,3
/path/to/PANDA/features,5927,960987121f9776e4327fdd09d308c01a,0
/path/to/PANDA/features,5928,961cf0025e9a8dc8906090034158dd18,4
/path/to/PANDA/features,5929,961ddd3709d84bd6dab09205a1cf5606,4
/path/to/PANDA/features,5930,962731dd6f931030e2e763c9fab4fb7f,5
/path/to/PANDA/features,5931,96336251e59082cafc68f051bc448392,0
/path/to/PANDA/features,5932,963c4b548a8dea988860f21015eae898,1
/path/to/PANDA/features,5933,963dbf9f3a2bbf5ba88eb0e6e15cb628,2
/path/to/PANDA/features,5934,9647d18e0b7bdf8eb59982acc6fd3727,5
/path/to/PANDA/features,5935,964e3c2fc696bb6d6147b24dacabd54d,2
/path/to/PANDA/features,5936,964eaa4f691fa26ef2b0f6ad487510d8,0
/path/to/PANDA/features,5937,9657fb90657d1914ee938c71b51b5fa3,1
/path/to/PANDA/features,5938,9665b32251dfc1c438787d36e8b66dd0,4
/path/to/PANDA/features,5939,9676a10811c1fb71f39ce325e330cd06,5
/path/to/PANDA/features,5940,9687ac6e7ad6d4062635df2f0cd6d9de,5
/path/to/PANDA/features,5941,968d10296da91899ea751f24e5d97465,0
/path/to/PANDA/features,5942,9690259f4f121c144d9510abe6818a4f,4
/path/to/PANDA/features,5943,96907a7abf71ca7e5e48b36514d6c7f2,1
/path/to/PANDA/features,5944,9693d8e04d91297655abf8424d769bef,1
/path/to/PANDA/features,5945,969488b756b097bdfcf8d7e882f72967,0
/path/to/PANDA/features,5946,96976962491a0fc26a1faac09684c990,2
/path/to/PANDA/features,5947,9698217c3f36f906a5b44eff5ff971bc,4
/path/to/PANDA/features,5948,96a65a6ddc0ff8bac4231b50957ab64c,3
/path/to/PANDA/features,5949,96aac9c3672cadf72e9e60d634bb145a,5
/path/to/PANDA/features,5950,96b8bc9b8128ea796e39a4af6eccdbea,3
/path/to/PANDA/features,5951,96bb7ad81bef9aa7ce0280d7b49b6476,4
/path/to/PANDA/features,5952,96c62d8799651597247be49bf790d585,0
/path/to/PANDA/features,5953,96d899632a66fc8acc41e89ad288f00b,5
/path/to/PANDA/features,5954,96daa0c757713deeb2148c1952063648,2
/path/to/PANDA/features,5955,96dfad49d9f2d8eebfc93fa5aee86b42,4
/path/to/PANDA/features,5956,96e3a3cfac2bdbcf4b6dd1745f818131,4
/path/to/PANDA/features,5957,96e6bbcdb71b1053c96ff1f6a0dd2487,3
/path/to/PANDA/features,5958,96e6ff0b83b4aa096f0042d3a8abd4c5,5
/path/to/PANDA/features,5959,96ebc7a4719a1f87e0d0c6623e32e48a,4
/path/to/PANDA/features,5960,96f35710cd558b3fd598a2ac159ddf27,0
/path/to/PANDA/features,5961,96fabf5f28383a649aa86ffbacd47a3a,1
/path/to/PANDA/features,5962,96fe9eb038ba77992ff6fd1b16ae9427,5
/path/to/PANDA/features,5963,9702e77a42c305656f1c099eafe7d7f9,4
/path/to/PANDA/features,5964,97072543ae9c3b84a7f9ae1cf3dee70c,2
/path/to/PANDA/features,5965,97110ca07f2d550b6c2c7578e30e0925,3
/path/to/PANDA/features,5966,9716b5d2e13a28be3dc836134153720c,4
/path/to/PANDA/features,5967,971c7809d61b9389ac9359b72b95c1d6,1
/path/to/PANDA/features,5968,971e50ef7265bc3751d7cc7ff36a6f5b,4
/path/to/PANDA/features,5969,972205a215810bf6fe377303bfbe80de,0
/path/to/PANDA/features,5970,9732d77870c47958a27d32126266ef89,2
/path/to/PANDA/features,5971,973e60e06a743e34fdac3675a6c72e86,0
/path/to/PANDA/features,5972,9741cdc1c51f48c18871789cdb8491fd,0
/path/to/PANDA/features,5973,97425535f7cd9edbfdcebb3d9fdce17b,4
/path/to/PANDA/features,5974,9746a908fb142b961e5b0b1afef3dac4,0
/path/to/PANDA/features,5975,974916a28bb67ac840a9305d18d3cd61,5
/path/to/PANDA/features,5976,975e3dab22e437d040f2fd296a8d038f,0
/path/to/PANDA/features,5977,9762f8802af1ea235bead734d59e6c1f,0
/path/to/PANDA/features,5978,9764904c92cb4febaa3c7a4182bd4902,0
/path/to/PANDA/features,5979,97659f526c8c25f29175c9c5d36d31e7,0
/path/to/PANDA/features,5980,976cdb4e80ba727b2615966a604f541b,0
/path/to/PANDA/features,5981,976e53986cf5902e6d8eb26e04fa44f9,0
/path/to/PANDA/features,5982,9772703b74227547ad49265a1f70b9c5,2
/path/to/PANDA/features,5983,9772f0e2dc3c38aa876aa4b6c4c85377,3
/path/to/PANDA/features,5984,9774d47c58f7db77589b87584f55aca5,0
/path/to/PANDA/features,5985,977a4281401b63f74739845b3ec98023,0
/path/to/PANDA/features,5986,977cf7eff248c3fe87a235ae3d051b1f,1
/path/to/PANDA/features,5987,97845cbd34d7c2f9ea7d76fa931f5412,2
/path/to/PANDA/features,5988,978a3eebafdf4a2871e65456196e9947,5
/path/to/PANDA/features,5989,9793c3c2317f38143d21a5187bb35652,2
/path/to/PANDA/features,5990,979cf5a2fa4079eaf74343d6ff5e1b51,1
/path/to/PANDA/features,5991,979eda484717cd406350e95df7862329,2
/path/to/PANDA/features,5992,979f42afe022114e140788f39ff17ed4,1
/path/to/PANDA/features,5993,979f4dc560d37b8ed26dbc8064b85f18,5
/path/to/PANDA/features,5994,97a05e9e27faa5d82ad5314364b74173,0
/path/to/PANDA/features,5995,97a072070bccd353b385580daed8b3f5,3
/path/to/PANDA/features,5996,97a08708adfb345f406e85397b0e05e3,2
/path/to/PANDA/features,5997,97a83309575b765469e6a09250d92170,1
/path/to/PANDA/features,5998,97aaa73a09ce1e283b9291c002200806,0
/path/to/PANDA/features,5999,97b36902754bad28b6fd335ddfc6db55,2
/path/to/PANDA/features,6000,97b4082f63e7c2840615c9aacf7ba0a6,0
/path/to/PANDA/features,6001,97b7f54f14c7755f68592de20ea662b1,3
/path/to/PANDA/features,6002,97bed3de5c372f3dc9ba818cd5e97369,0
/path/to/PANDA/features,6003,97bf4d65f07954809658e01478408637,4
/path/to/PANDA/features,6004,97ccf4cd87889cfd0c918eabd453ace4,0
/path/to/PANDA/features,6005,97d04624149987d7078075ae79e0f36a,1
/path/to/PANDA/features,6006,97eafd1718347f62144da935984b7c60,5
/path/to/PANDA/features,6007,97ed26d2c626a5f6200d2f6da1a56ae5,0
/path/to/PANDA/features,6008,97f263002f98ab37ef16cf44d087596b,0
/path/to/PANDA/features,6009,97fa3c9dec8b6d00cbb330ab0722482c,0
/path/to/PANDA/features,6010,97feb3114d468dfd508f81f0f947a3cf,2
/path/to/PANDA/features,6011,9800153dd8ccd37fc5453f60e6c77a78,5
/path/to/PANDA/features,6012,980231066d0cb7d43fc3993e6fb2f619,5
/path/to/PANDA/features,6013,98041afa0df28be692b262a9b933fdb4,1
/path/to/PANDA/features,6014,98052e108edf90a5e0d327745ca0a2a0,4
/path/to/PANDA/features,6015,9809fc0befb899cfc165fb56479d0362,2
/path/to/PANDA/features,6016,980f8fd33567de616b236e564de3330e,2
/path/to/PANDA/features,6017,9817b2ffd97c44aba650bb86f4ab1b27,0
/path/to/PANDA/features,6018,9818479424ae4919526b658917dd6b1b,2
/path/to/PANDA/features,6019,9825a1b0d9fd541a2849af0880927c88,3
/path/to/PANDA/features,6020,9829d40987b54b96a0c2a56db7f4a45a,0
/path/to/PANDA/features,6021,982b6631c1ceadb6bbf9f693f687917f,1
/path/to/PANDA/features,6022,983631022096bc36a1a690d72db6b1d3,3
/path/to/PANDA/features,6023,9841424d99b28242ac069a04eccf5155,0
/path/to/PANDA/features,6024,98437e99d54122b62bedf58038f1db93,0
/path/to/PANDA/features,6025,984505f6a79b889bed5897d2135b85b1,4
/path/to/PANDA/features,6026,9848ee7cc45f7cd373b155191085f06a,3
/path/to/PANDA/features,6027,9852092e24db80fb70f6fb0b4b8b9cbc,1
/path/to/PANDA/features,6028,9858e810bb88db4a43c7285c3bcf2f37,0
/path/to/PANDA/features,6029,9864a284764976b891a3a406d1f0aa6d,2
/path/to/PANDA/features,6030,9868a54bf110a952ac11af9f4659c5e1,1
/path/to/PANDA/features,6031,986d2e993e13ef22c77e011feead1079,5
/path/to/PANDA/features,6032,9872b4046512bedead9dc84501aed242,0
/path/to/PANDA/features,6033,987309872bf3709b8ad9357193fa05c6,0
/path/to/PANDA/features,6034,98744dbf48a8428f1cada3cd7782ac92,3
/path/to/PANDA/features,6035,98761fc7b42140e02f2bb550dfdacbcb,3
/path/to/PANDA/features,6036,9878c2c100b5bad2fac735ef46a0321e,0
/path/to/PANDA/features,6037,9881c5b73dfca7ca25f3a54478ef9570,1
/path/to/PANDA/features,6038,9888f3ac3710823171421e5a5164b8de,3
/path/to/PANDA/features,6039,988c264d9ed6d1d26345b3a938ba1998,0
/path/to/PANDA/features,6040,988c9deb4dc9996464fbccb6976dad1c,5
/path/to/PANDA/features,6041,98a3c3ff00d219ad6bdbf763af34f03e,5
/path/to/PANDA/features,6042,98a4ecddc18f1fb75a9eb0c75406c278,4
/path/to/PANDA/features,6043,98ad56445792bbc98832ffa0e4f821fb,1
/path/to/PANDA/features,6044,98b098ac7f86f041aa737f9eaa4429bb,0
/path/to/PANDA/features,6045,98b0be22ce1333d629294c2748a81ed7,4
/path/to/PANDA/features,6046,98b21ebe0f82df97ce203d54227d5744,0
/path/to/PANDA/features,6047,98b3643c066287fc7f2418dfb7317dba,1
/path/to/PANDA/features,6048,98ba51c7a4ca7316ff1bc776365ca14d,3
/path/to/PANDA/features,6049,98bfad4a1ec921edc2f61c9c9dd5690a,1
/path/to/PANDA/features,6050,98c4b11e03783a88e218d5c041215b8c,0
/path/to/PANDA/features,6051,98c76020fd2e71039c259365994f76d6,0
/path/to/PANDA/features,6052,98c7ea676add7df440b5893d776f7a6d,1
/path/to/PANDA/features,6053,98c9716452737dafd3a149eb32aeee29,3
/path/to/PANDA/features,6054,98d5cf6fc6a36f992d6772109ce2e364,0
/path/to/PANDA/features,6055,98d5e89fe5183a7ff7712556cdd2d633,1
/path/to/PANDA/features,6056,98d7667df6f6ac24f4308cf432868d80,2
/path/to/PANDA/features,6057,98e4e81e968d40a2b8999f8e6e945a60,2
/path/to/PANDA/features,6058,98e64fe16f136205ade444bb3cdfaea8,5
/path/to/PANDA/features,6059,98ec8d1647323eabbf356e9a87065edf,1
/path/to/PANDA/features,6060,98ee892e5c8c6f3f01d3f1705f16401e,5
/path/to/PANDA/features,6061,98eff279b10d8e5186e406ef91de2f3f,0
/path/to/PANDA/features,6062,98f117ebf741956ebed8366b4012f774,5
/path/to/PANDA/features,6063,9904b0e39429fe1c957c7c1ee53bb248,5
/path/to/PANDA/features,6064,99052931c444660b3edeeb5e9279a4d3,0
/path/to/PANDA/features,6065,99061fca83e817915e3e20536bf9fe39,0
/path/to/PANDA/features,6066,990af1d0decc6204dcc351db5011d54f,1
/path/to/PANDA/features,6067,990cfa4d540e7a0a0e90dd79bb82a527,3
/path/to/PANDA/features,6068,990fcc12a9f6556f270bba5732815b50,0
/path/to/PANDA/features,6069,991b6a11393bf5d10e91a50f581cba68,3
/path/to/PANDA/features,6070,991d3df8e3ce4a9f4b0edc588070b0e7,1
/path/to/PANDA/features,6071,9921310eb85fdef96f5ec4b5bea102c5,2
/path/to/PANDA/features,6072,992494d03126bd7ffb678ab8f685a854,0
/path/to/PANDA/features,6073,9928acf6905a4a2542f6bb7c4748c89d,3
/path/to/PANDA/features,6074,993a33d083328d4debb5a1a3354e3cb0,0
/path/to/PANDA/features,6075,9942438b5f067cd1dd4a7e8f37b02f4f,4
/path/to/PANDA/features,6076,995b9aea3d7f6ccda0440b9ec2bfc058,0
/path/to/PANDA/features,6077,995d89d079e8b1e4e06217d3f7fd6d9e,1
/path/to/PANDA/features,6078,995df9b93db1e396b57692c6c7f1d673,0
/path/to/PANDA/features,6079,995fed12984c02ca98b247732ea080c1,1
/path/to/PANDA/features,6080,9962fd78160191c674d0032acc13c4a7,4
/path/to/PANDA/features,6081,997973f9f9c08b7eabd1d7fe09050f00,1
/path/to/PANDA/features,6082,998668b127c12acc5450bd87b0f6af30,3
/path/to/PANDA/features,6083,998ba3a62b969bbcc7799b9e75202f39,1
/path/to/PANDA/features,6084,99962ae11ae7b8de3b7304c55b8581ab,0
/path/to/PANDA/features,6085,999a911f00a8647b3603859bf62c8c11,2
/path/to/PANDA/features,6086,99a41a5e8adfc6b7589ea4523484e217,1
/path/to/PANDA/features,6087,99a77d8f5ae8fe255a58b1877015ce4e,0
/path/to/PANDA/features,6088,99a799d89d57d1dd0b40728a6b7796ee,4
/path/to/PANDA/features,6089,99a7a8c490db6494b855a35f3f248e86,1
/path/to/PANDA/features,6090,99a853d64658ebefa3f3ad008d4d9fcb,1
/path/to/PANDA/features,6091,99b39fd0cf009ddf94fa26bdd8636c67,1
/path/to/PANDA/features,6092,99b5e6120fe11690a3f36994f2dba580,4
/path/to/PANDA/features,6093,99b76caa997ed99703923c07cc44a7bf,0
/path/to/PANDA/features,6094,99bc60c2d554be9304993efa0a5ef740,4
/path/to/PANDA/features,6095,99c6eb1d87928dfae4d098276b85b98c,3
/path/to/PANDA/features,6096,99c6fe26241ccf3a84ef771506d99fa2,0
/path/to/PANDA/features,6097,99c79f407e7506bd87425fd24b8c9ec3,3
/path/to/PANDA/features,6098,99c859ed54c280bb910ae90ec68c228d,0
/path/to/PANDA/features,6099,99cc5f5b9f1a86c14dc1970defb07799,1
/path/to/PANDA/features,6100,99ce1fa103014b5486f882bb82994acf,4
/path/to/PANDA/features,6101,99d7160bba4f712fee688794520b4137,1
/path/to/PANDA/features,6102,99d9afb22b65ea97fcd21ce67e1ddb6c,4
/path/to/PANDA/features,6103,99ecaa4a61fc527057721723247a099b,1
/path/to/PANDA/features,6104,99f60de23ae443fc267155050cf905eb,2
/path/to/PANDA/features,6105,99f833555a16c0adc062a23bc06acef0,0
/path/to/PANDA/features,6106,99fb9478334093d729eeb281d522ed63,3
/path/to/PANDA/features,6107,99fd5d6b1af78216755f9b6b80b70b2b,1
/path/to/PANDA/features,6108,9a0fc7a2679d20d5c7bab1f220316e58,4
/path/to/PANDA/features,6109,9a132baeb5431f2b38862baff1c367c7,2
/path/to/PANDA/features,6110,9a1c6404bd6a8c67ed463039c74a64de,0
/path/to/PANDA/features,6111,9a1f71a0b6caec6e6ec01f3b6c5390af,0
/path/to/PANDA/features,6112,9a222ba2f42f77eada172595823be7b7,1
/path/to/PANDA/features,6113,9a22abb1da9fc91bb8ae7b91bfe1451e,3
/path/to/PANDA/features,6114,9a2473678a45cc95067ef619d850bfa8,0
/path/to/PANDA/features,6115,9a3595bbbc36b9ae6880ad57ae3a597b,2
/path/to/PANDA/features,6116,9a3ad5844e796a97e725de8fa7518144,2
/path/to/PANDA/features,6117,9a4f94a859e0553fc06a21fb30fa86cd,1
/path/to/PANDA/features,6118,9a6168de2cb3b67a0473fa5a5f0d9115,0
/path/to/PANDA/features,6119,9a8507fd23867a02a98fd29bbca819bd,0
/path/to/PANDA/features,6120,9a947bb2c389def80ba16bfe12587d24,5
/path/to/PANDA/features,6121,9a9ca5c457ad34e83f7e83002c61550f,5
/path/to/PANDA/features,6122,9aa0df0ab8a359bb619a18dade394912,0
/path/to/PANDA/features,6123,9aa1c0cd406cb058969711ffef861c17,1
/path/to/PANDA/features,6124,9aa47821e79af6bbacc6ee49f915156c,1
/path/to/PANDA/features,6125,9aa7af9abe0bb29823762cb8aac52db7,5
/path/to/PANDA/features,6126,9aa99fdb2c7e1853041be93f9c36bbab,1
/path/to/PANDA/features,6127,9aaa737a20544b0e1a40fba9b57d43ca,1
/path/to/PANDA/features,6128,9ab4806f720670ade4e94f6085f36e9c,2
/path/to/PANDA/features,6129,9ad778a5756c42441beb803ad8318fec,5
/path/to/PANDA/features,6130,9adf250ecae0407eae54f26e12b4afda,1
/path/to/PANDA/features,6131,9aea86aa9b34cebb8bbc0db42d6c7559,5
/path/to/PANDA/features,6132,9aee8da9114ad6691c94054ca683777c,1
/path/to/PANDA/features,6133,9af29ff084d57c2054d6ab6d4f7410c7,1
/path/to/PANDA/features,6134,9af692888cef9a1698853f1424cc6fe2,5
/path/to/PANDA/features,6135,9b016e7ba314b837ad19c74d74f87b07,2
/path/to/PANDA/features,6136,9b16f18bbaecf31ae19380009a076862,5
/path/to/PANDA/features,6137,9b19a8b453e20a9b9e27385cb4f65056,4
/path/to/PANDA/features,6138,9b1f3966737b74ae375dd220e56806d1,4
/path/to/PANDA/features,6139,9b1ffef735e7269deed27dd7e8db6b42,5
/path/to/PANDA/features,6140,9b238129762edd83f472e5b3abf9e639,4
/path/to/PANDA/features,6141,9b24d12545a72daf963173a390f5bf72,5
/path/to/PANDA/features,6142,9b2948ff81b64677a1a152a1532c1a50,2
/path/to/PANDA/features,6143,9b3a864a74ef57cc85f9b7fdbfc8ca45,1
/path/to/PANDA/features,6144,9b420fa839c2a9e3f03836e9b1b6de4b,0
/path/to/PANDA/features,6145,9b4216a9961382139d571fb45e4652bb,0
/path/to/PANDA/features,6146,9b42c63d8a82e49ae1c724f5d58fe304,4
/path/to/PANDA/features,6147,9b4f01490d9d27e94dd2f49f8f53053e,5
/path/to/PANDA/features,6148,9b502095417b17febdd678bda972cf80,2
/path/to/PANDA/features,6149,9b53b228ff67761f58de2688904b4837,0
/path/to/PANDA/features,6150,9b56f501c6765027cce8a1a8ad797767,1
/path/to/PANDA/features,6151,9b5d5449e1950fd9a1cf794574c56a4e,3
/path/to/PANDA/features,6152,9b6513bd810e25a7b7f3bd91b4d16803,1
/path/to/PANDA/features,6153,9b688ada62f8dd3fb913afa90d5a3e07,0
/path/to/PANDA/features,6154,9b6cbe06b1f3e5620fd9ac5e69a8cb4e,2
/path/to/PANDA/features,6155,9b6d1475e8c89d399ad6d5934bcd6037,0
/path/to/PANDA/features,6156,9b761ed6330d5b6e03b1a88a8c5cc56d,2
/path/to/PANDA/features,6157,9b78976098554461d749dc6ea6afc9ba,5
/path/to/PANDA/features,6158,9b7a3bed1f74654040a37290572015c5,0
/path/to/PANDA/features,6159,9b830287af42617f01b6c0c1c6730766,4
/path/to/PANDA/features,6160,9b8895fcc7325a09cc4ff4653fbb48f9,2
/path/to/PANDA/features,6161,9b8a5982b7e917e82a0b0ae84b922a55,1
/path/to/PANDA/features,6162,9b92d948f0a8ca765ef5ca7ae650273d,1
/path/to/PANDA/features,6163,9b9b11aa65e492ece39e3fde93a89d82,0
/path/to/PANDA/features,6164,9ba74a2d19c4149c47a7c6661fb7eb5f,5
/path/to/PANDA/features,6165,9ba7f932ed3494e9b53913a57ada7361,1
/path/to/PANDA/features,6166,9badca58cd4dbe1ba757e725456753d0,3
/path/to/PANDA/features,6167,9bb08719f4422442cba4253b2ba34b62,0
/path/to/PANDA/features,6168,9bb60a3f88287060ff55db1d8e1dce44,1
/path/to/PANDA/features,6169,9bc0147aa824ade0f679cf44b9d21ccb,1
/path/to/PANDA/features,6170,9bc5cd695f30b6f98e65dc356cf6c656,3
/path/to/PANDA/features,6171,9bc70f1bfc8dbca7c881616b0198edcb,4
/path/to/PANDA/features,6172,9bc88ce8ad471cce57ed97cd33cb7f35,2
/path/to/PANDA/features,6173,9bce8bb47c22ab502ed7266e2e3762c0,0
/path/to/PANDA/features,6174,9bd1adceec12ca2802bfe40bb2240e40,1
/path/to/PANDA/features,6175,9bd22fd158fa3999466350e7e5784d6d,3
/path/to/PANDA/features,6176,9be6b9a4057903ccf884e75c8f430c7f,1
/path/to/PANDA/features,6177,9be75d21da501c45d6e6b2f5e859a7a2,0
/path/to/PANDA/features,6178,9bedf764a1ebbe84c6610edfb1cbd101,4
/path/to/PANDA/features,6179,9bee26fca37e17fccd88264bece3d921,5
/path/to/PANDA/features,6180,9bf048c56ab608b3020c7dd1a8120a73,0
/path/to/PANDA/features,6181,9bf6e3e027908a65c558ddc1fb07f7a0,1
/path/to/PANDA/features,6182,9bfcdc2688d900c09603255fe0acdcd4,1
/path/to/PANDA/features,6183,9c03a2d8fbaca4009d887539b1bab17f,1
/path/to/PANDA/features,6184,9c04e2858149df8ba60cf7560ef9d50c,1
/path/to/PANDA/features,6185,9c06df878518778e3680ef07d6589fdc,0
/path/to/PANDA/features,6186,9c0f575d90a8281e6600f490ea79b9ee,0
/path/to/PANDA/features,6187,9c15a8e386889addca20f94d2c8f40dc,2
/path/to/PANDA/features,6188,9c181659ec10a2d3c0d61ce45ef6d16b,5
/path/to/PANDA/features,6189,9c1e528658246c5f5600e5a98f9ceb62,0
/path/to/PANDA/features,6190,9c28f2bb8ecc9e89f8c141b768434d67,5
/path/to/PANDA/features,6191,9c2b708c21a6f7f2c4bebce9d6c74436,0
/path/to/PANDA/features,6192,9c2eafb5480094f718bc40213531b7d5,5
/path/to/PANDA/features,6193,9c37ba42f856303b343aa8b26989cdcb,2
/path/to/PANDA/features,6194,9c37e4cad0a3fd8edae320d73c314e8c,4
/path/to/PANDA/features,6195,9c43b91f79cd9660d0e9dbcfa3488147,0
/path/to/PANDA/features,6196,9c4e536fce834eef41a9d029af5193f8,3
/path/to/PANDA/features,6197,9c51659368b9df260684b25ecaca3f77,4
/path/to/PANDA/features,6198,9c5229cbfdd9234f73a514b0a2f0ad4b,0
/path/to/PANDA/features,6199,9c5565193a8ab6ddc3b303bc0a9cca09,2
/path/to/PANDA/features,6200,9c590826f300b2d7721b45701ad5ddcb,0
/path/to/PANDA/features,6201,9c5e3c81373fb5b89448fb66e733802e,5
/path/to/PANDA/features,6202,9c5f79aa787a7462a986e26d1ba850d1,4
/path/to/PANDA/features,6203,9c6d3c38a62063c543bd502409d69f12,3
/path/to/PANDA/features,6204,9c6f467ce81f20c99c0254250fb745c6,1
/path/to/PANDA/features,6205,9c727eef2a083d28455c5541464d9176,0
/path/to/PANDA/features,6206,9c7f6cc990be56bbbfbaf17e4b52a24b,0
/path/to/PANDA/features,6207,9c848808794be6026fe4166547f40293,2
/path/to/PANDA/features,6208,9c86cbfe613e532936220f1c325cd108,3
/path/to/PANDA/features,6209,9c9a1315dee1ffce88d48728455c1199,5
/path/to/PANDA/features,6210,9cacb539b16561b6987029301b5f4bff,1
/path/to/PANDA/features,6211,9cb13cca3ac6868be386485a3cb6141e,1
/path/to/PANDA/features,6212,9cb1fdd0889a10da0497afa89ce2cd98,2
/path/to/PANDA/features,6213,9cb2cc92326f2e7534c8c16acb5e9883,1
/path/to/PANDA/features,6214,9cb403f9210675606bac5259b8cdc3e3,1
/path/to/PANDA/features,6215,9cc0b83fe973227ce03e633f5c6e5d8b,3
/path/to/PANDA/features,6216,9cc2751013da725b91b353552f749d04,0
/path/to/PANDA/features,6217,9cc7337bc135bcbcd03ed631dbbffe62,5
/path/to/PANDA/features,6218,9cc90be7db3d19f91f43a903142d5bfb,3
/path/to/PANDA/features,6219,9cce5d6a3416ccdff35bc0a9eea562ca,5
/path/to/PANDA/features,6220,9cd1f9700bb8591c07051ddd50ccdbe7,2
/path/to/PANDA/features,6221,9cd46c6f68b4c67c06e48fabf85a6a45,0
/path/to/PANDA/features,6222,9ce2de72495a68f5728c8b7292f79805,0
/path/to/PANDA/features,6223,9ce336287e80a2fc09fec22259e3bebb,1
/path/to/PANDA/features,6224,9cf389313859e869bbf864ae518e5e8d,2
/path/to/PANDA/features,6225,9cf499926b48d9cafb7d952e1e9f725b,1
/path/to/PANDA/features,6226,9cfbcf4358d7944ae29ee5bc4841e23b,1
/path/to/PANDA/features,6227,9d06c9352a9eefe7160f82932a6013e3,0
/path/to/PANDA/features,6228,9d0a77ccfb9aec1bf877bbb23d703cc0,1
/path/to/PANDA/features,6229,9d0af138de2abfa5e43b475f941993a6,2
/path/to/PANDA/features,6230,9d0bc55b262f263dde42556320e261cf,4
/path/to/PANDA/features,6231,9d0c3cf3ccfdc091564ddc91c3563bfb,1
/path/to/PANDA/features,6232,9d1409234a18d9419bfd8ee214c50ed8,0
/path/to/PANDA/features,6233,9d14c42db92e5ba66f97630b55e1724f,3
/path/to/PANDA/features,6234,9d1bda4d28af5a9f5d1d96833cec1728,2
/path/to/PANDA/features,6235,9d22e04259608d9e5bafa6ee02bcd803,0
/path/to/PANDA/features,6236,9d283bf4e70970f0a5931a65dd0d5211,2
/path/to/PANDA/features,6237,9d2cf28b4676e95c28b3e09604912463,2
/path/to/PANDA/features,6238,9d2efe13ec9a77cb295d3098f869ad20,4
/path/to/PANDA/features,6239,9d362cc6fa6cb21f94c2115d6704c72e,5
/path/to/PANDA/features,6240,9d36aeb4b4430baae6853ec391168e4c,2
/path/to/PANDA/features,6241,9d37a84912687a7594646ce21657db2c,0
/path/to/PANDA/features,6242,9d3e66d1513d70f510b33d11a65c425c,1
/path/to/PANDA/features,6243,9d44f1ba2f0e9d4c6a8bbc392b25c457,0
/path/to/PANDA/features,6244,9d4780682e3ea21c145521716e1880f2,0
/path/to/PANDA/features,6245,9d4865f39effefd5da1afb0bb01157b1,0
/path/to/PANDA/features,6246,9d4c5ce00066b0d774020a40d307c974,0
/path/to/PANDA/features,6247,9d4c88beba0b2d533f205f1b615e6c7e,2
/path/to/PANDA/features,6248,9d4c9c906da48df59aaa7e1cb02b6f3f,0
/path/to/PANDA/features,6249,9d53a24212ba6cb0107e681d9e39a9cc,2
/path/to/PANDA/features,6250,9d631d064fda13e2c2641d8ee30d9a2b,1
/path/to/PANDA/features,6251,9d6c47919e951f12b90c5df731cc68bb,3
/path/to/PANDA/features,6252,9d71b6e91cbc9477bc21247c3c13fb4d,1
/path/to/PANDA/features,6253,9d78412658c86a13866f804ce8284f75,1
/path/to/PANDA/features,6254,9d80974f9e453383a53d81a9d5763691,1
/path/to/PANDA/features,6255,9d824f1d72e60812b7a165c42e1162ba,1
/path/to/PANDA/features,6256,9d8ab96e43f381bff9816daee10b7100,4
/path/to/PANDA/features,6257,9d8e32fdf40bf2b027f3847e67a3ae13,2
/path/to/PANDA/features,6258,9d917845ea26f2d2a33790c2a755ef8e,0
/path/to/PANDA/features,6259,9d92d97c1e3f9c379cc65dcd59989f13,3
/path/to/PANDA/features,6260,9d931784c507a8633fdc623cc916d8d3,0
/path/to/PANDA/features,6261,9d98eb6c404f3c3d7191a8db379d2994,3
/path/to/PANDA/features,6262,9d9bd3cca3f59a198ab1d9dd5e5d0dd2,0
/path/to/PANDA/features,6263,9d9d0a78364c5603e14a5a644bab65ee,3
/path/to/PANDA/features,6264,9daae3ddf1e47ccd9d2013917e47f497,2
/path/to/PANDA/features,6265,9dbc64b9e7a18cfdd825ea44219b8330,1
/path/to/PANDA/features,6266,9dc28ee23b2f728632e3ac9c1421e23b,0
/path/to/PANDA/features,6267,9dc4c474c8f4f01ec503bdcd3043e10a,1
/path/to/PANDA/features,6268,9dd40c0127d217bc4917e4db40e06e94,5
/path/to/PANDA/features,6269,9dd4dd4673d2e20545ebde6e94aaec87,4
/path/to/PANDA/features,6270,9de303f93e75b109e4db19922ed2eace,0
/path/to/PANDA/features,6271,9de809a5afc4db9addde736da4bdc9c5,0
/path/to/PANDA/features,6272,9dea308c78fb0bfa6c7b7631f15c4f72,1
/path/to/PANDA/features,6273,9deef6de4a5c3c2be5b8325a36e59464,0
/path/to/PANDA/features,6274,9df245b977114ae9df07bc5aadaaf841,1
/path/to/PANDA/features,6275,9df270613df3c7eb10ec71bfc1aebde3,3
/path/to/PANDA/features,6276,9df49d12d43e709cb6b1f4c5878e8917,2
/path/to/PANDA/features,6277,9e06a908007f1dd46183826db9e80511,1
/path/to/PANDA/features,6278,9e0703920062ce903dad42cc471ca2a1,5
/path/to/PANDA/features,6279,9e0f4a948ca41284a9bfd7eedaa7aad3,2
/path/to/PANDA/features,6280,9e0fa510b3e5a89ab765dfa48957a4cc,1
/path/to/PANDA/features,6281,9e104a2cb4673ca26e8bd8e9da71e895,2
/path/to/PANDA/features,6282,9e1830d84aba70d6f4dc2c67c3063370,1
/path/to/PANDA/features,6283,9e1d450a04253ab097601c9934fb5e6a,0
/path/to/PANDA/features,6284,9e214636c44de44bb1b3c62e5f2af44b,0
/path/to/PANDA/features,6285,9e25a72634b60efd066f96c715437686,1
/path/to/PANDA/features,6286,9e2b49a0335b6cde031de81551eb39e3,1
/path/to/PANDA/features,6287,9e3843c81ae2badfb22d9a46813d4470,0
/path/to/PANDA/features,6288,9e3b074837049467ea4802ae9815ed2d,1
/path/to/PANDA/features,6289,9e3e3e78c43a9efd53e894e069ebe753,1
/path/to/PANDA/features,6290,9e47e424e9fa1a9ef32d9013522df425,0
/path/to/PANDA/features,6291,9e5184539ff152c09de06033c1e4260e,0
/path/to/PANDA/features,6292,9e58c05c9e897384e5984a01d95ef6f0,3
/path/to/PANDA/features,6293,9e5cd1fc52ee72cb0658f1e403aa00ad,3
/path/to/PANDA/features,6294,9e5d11af345645e8379267b0d57a3b64,0
/path/to/PANDA/features,6295,9e72c86ff601172cb3900d6d57c0ad6c,2
/path/to/PANDA/features,6296,9e74e07bb8b89e8dd32057c623238f98,0
/path/to/PANDA/features,6297,9e74ea34a09e4cc1707165181802c62e,0
/path/to/PANDA/features,6298,9e89237d1483cf290f0d69c5e62c8f98,0
/path/to/PANDA/features,6299,9e91403033e4553daef286da9884d860,5
/path/to/PANDA/features,6300,9e9213d0c9892f89ef7fc7f841e43205,0
/path/to/PANDA/features,6301,9e994536fd365604921e85f145f6e7b5,1
/path/to/PANDA/features,6302,9e9c36a50726e766d79a3871e0fead40,2
/path/to/PANDA/features,6303,9eaa6f1eebca7c088a900d338a584827,5
/path/to/PANDA/features,6304,9eb2363b7198715afa3afcc85bdd0ba2,1
/path/to/PANDA/features,6305,9eb7f1c7814891f609ef2fd6d80cf80a,5
/path/to/PANDA/features,6306,9ebd35f647f01e62772ebc4fa30d8a99,1
/path/to/PANDA/features,6307,9ec64c6c8719927e925732777d70254c,4
/path/to/PANDA/features,6308,9ecba0a5f5caa828df43867455405dd7,3
/path/to/PANDA/features,6309,9ed8ec7bf90653bc4ca86b3ca53cbb96,1
/path/to/PANDA/features,6310,9edf591d741baf346fc1ff0f42dd4ddc,2
/path/to/PANDA/features,6311,9ef78f4a0c54b5ccb6f7d16a43d1fc78,4
/path/to/PANDA/features,6312,9effeea56c413b92340b89d1240769c1,4
/path/to/PANDA/features,6313,9f08d625fda6cb202fdc3193a476b1b1,4
/path/to/PANDA/features,6314,9f0b35ae59e3b5898cc4a5b4401e571c,0
/path/to/PANDA/features,6315,9f0d890a2dd6e2d2acde15c1fc6e649d,5
/path/to/PANDA/features,6316,9f183415180fe74f08ac54da7ffa8a4a,0
/path/to/PANDA/features,6317,9f1e83226a062a10ceb16bde5cf1a467,1
/path/to/PANDA/features,6318,9f1f0177237ed9f6c767aa1884abded4,0
/path/to/PANDA/features,6319,9f2739434a4444b74f5cbe8888a77ea2,3
/path/to/PANDA/features,6320,9f2a22b244a146290d6b6671f909c04c,5
/path/to/PANDA/features,6321,9f32709697b0f56cfb6e82bb9ccf83d7,3
/path/to/PANDA/features,6322,9f345a662a5f3f02ccf0c91e3d786c62,3
/path/to/PANDA/features,6323,9f3cb251707d9950d2f6a309fc1d8ae2,4
/path/to/PANDA/features,6324,9f3e77cfdd5dd3cb3de45467d5795bf4,2
/path/to/PANDA/features,6325,9f417ac219c2a547808dd1c143f66e27,0
/path/to/PANDA/features,6326,9f465a610ff3a6712bda746f7c624dad,0
/path/to/PANDA/features,6327,9f526a7b7baa089ce9dfb5c7bd4e7250,3
/path/to/PANDA/features,6328,9f54b66fea7733a969ddabccb7dbee77,1
/path/to/PANDA/features,6329,9f572190657b6219d9757d886e328690,3
/path/to/PANDA/features,6330,9f63a48ff9b5d0014f8685e43ad28d80,5
/path/to/PANDA/features,6331,9f68d1f1028d1c00612bdb13e20315e0,0
/path/to/PANDA/features,6332,9f6fcbd6ab5f8b996cbd99d795b8daa8,2
/path/to/PANDA/features,6333,9f7e34c8bd9a13d563a5a1a7a0f78b24,3
/path/to/PANDA/features,6334,9f7ee4a75044aace7725bf008d651003,3
/path/to/PANDA/features,6335,9f86bdd7edc5c5502d6f89386586c3dd,1
/path/to/PANDA/features,6336,9f887e6311f6062c5741bfae853edb80,2
/path/to/PANDA/features,6337,9f8dfe7b06ca41af4fa89f7deaf3b050,0
/path/to/PANDA/features,6338,9f8ffcb10930f5dd48949eceb79a869f,5
/path/to/PANDA/features,6339,9f90111d4dd5c7a7460f83b4953a8a6c,3
/path/to/PANDA/features,6340,9f94f5b3ae0b2cf5b345a46ba1a32f1b,0
/path/to/PANDA/features,6341,9fa0924e247810df3f2563454dc82884,0
/path/to/PANDA/features,6342,9fa1b4e617cbc88646794a6204e2d897,2
/path/to/PANDA/features,6343,9fa42d765e1d7d376d4fddc4c590ab37,5
/path/to/PANDA/features,6344,9fa46cfece4259875670f7e788b3326d,0
/path/to/PANDA/features,6345,9fa83904c27e09a6403eeb8dffe0b292,1
/path/to/PANDA/features,6346,9fb1b1d5c26a661f364f46012ede9336,2
/path/to/PANDA/features,6347,9fb37ce7f60b8395a47599f2b2def47e,1
/path/to/PANDA/features,6348,9fb84dd896f468b8bf464912b810d202,3
/path/to/PANDA/features,6349,9fbfd81ca751d31d6d3e776b1deb4fdf,0
/path/to/PANDA/features,6350,9fcd098c5a32cf1aa1a3bc8128a7daaa,1
/path/to/PANDA/features,6351,9fd1cf3c7669bab2fbceb2c1dcb99cb3,4
/path/to/PANDA/features,6352,9fd437bdbce5a08de94d7b234079fd93,1
/path/to/PANDA/features,6353,9fdc67635e14822c347061fd50f40939,5
/path/to/PANDA/features,6354,9fe39d85be93f02ef46c1863533f923d,0
/path/to/PANDA/features,6355,9fed5cc4b3d6dcc5e0bc4973e159cedd,1
/path/to/PANDA/features,6356,9ff198372543658a26236dc972164baa,1
/path/to/PANDA/features,6357,9ff5174e805b5b30ebf11119ef72002d,0
/path/to/PANDA/features,6358,9ffb0d108038b5e91cf647c4f4b61318,0
/path/to/PANDA/features,6359,9ffd64df055efd697a6974c5dc3eee9b,3
/path/to/PANDA/features,6360,a00165c9edd8f2806aa11afcd8cc2ba8,2
/path/to/PANDA/features,6361,a00490d2957a82f8ee606fa0391666bc,0
/path/to/PANDA/features,6362,a00844370a83e216bd79a161d794c423,1
/path/to/PANDA/features,6363,a00b1407e3d554b729ce61295cb62da4,3
/path/to/PANDA/features,6364,a0150f4d6d9f6f3b2b5a240b099df000,2
/path/to/PANDA/features,6365,a01a079113eb9c126a407defe6571315,5
/path/to/PANDA/features,6366,a0202572ab9a522f5854316de59a3076,0
/path/to/PANDA/features,6367,a020b9ccf043e3cbacf294c64fa67d2f,1
/path/to/PANDA/features,6368,a027be54eb3b8529540d6b6c90f98a40,0
/path/to/PANDA/features,6369,a0295d7cbc9790650917d1d23c5b8356,4
/path/to/PANDA/features,6370,a02eb88c0bce1422d1173ac45db29666,3
/path/to/PANDA/features,6371,a03027be345abd8c06874823f2cc2f95,1
/path/to/PANDA/features,6372,a038e9e20eea794b83a8b68c128b77fd,2
/path/to/PANDA/features,6373,a03e7ddadc046c8eaa40c95e416ad0a8,3
/path/to/PANDA/features,6374,a04310d441e8d2c7a5066627baeec9b6,1
/path/to/PANDA/features,6375,a043e7be47fa98c814af7969a55f8bc6,0
/path/to/PANDA/features,6376,a04846524f108bb046c4e39f3dcce5d3,5
/path/to/PANDA/features,6377,a04d7b32a88c1d2f397b67ff083f5313,0
/path/to/PANDA/features,6378,a04e7045f6c84f25498e256ebff77ac2,1
/path/to/PANDA/features,6379,a0533c8b2b4fc231deae6250c3c8d4e2,5
/path/to/PANDA/features,6380,a05442db760d52a1763492f9ca03ca0d,1
/path/to/PANDA/features,6381,a05ded7fe107cfdfcfc8f644fb2d7313,0
/path/to/PANDA/features,6382,a067b076fca33e4b22dd6f1024bfe369,2
/path/to/PANDA/features,6383,a068d48cb0127a48b4b8c8574b39a2e3,3
/path/to/PANDA/features,6384,a07104de6e1e00d2afcec36c7879836f,0
/path/to/PANDA/features,6385,a0714e2fe169ac0e6bfcacc028a4f391,1
/path/to/PANDA/features,6386,a0790fe0ac5caff880dab06f0218f3d4,1
/path/to/PANDA/features,6387,a07fe1aaac5b3147fa1450b39b05e5c9,2
/path/to/PANDA/features,6388,a081ddde3cf1cf227b66ca1273be9459,0
/path/to/PANDA/features,6389,a08642ee66d28e4216bda09d27e5df99,0
/path/to/PANDA/features,6390,a08bb66f1450552e0f8d32b4e6a89254,2
/path/to/PANDA/features,6391,a08c211e99f5213d2c8e93e39b02cd8f,3
/path/to/PANDA/features,6392,a099b54eb2b17f63033f310eba0a61fc,3
/path/to/PANDA/features,6393,a09c9526e3316571648552d78ac37c2d,5
/path/to/PANDA/features,6394,a09f18e1b9cc5c4874d683b06dad9802,3
/path/to/PANDA/features,6395,a0a19caa7f2b6ff84b3e5cf0aa3fc68e,0
/path/to/PANDA/features,6396,a0ac3589042f9e99d31b521b5b56ac06,5
/path/to/PANDA/features,6397,a0b7d920c249437e4e7aea315df4a0a0,0
/path/to/PANDA/features,6398,a0c04a4f156d76aa695bb9264c1bc0b9,1
/path/to/PANDA/features,6399,a0c82584384e118836f03e2abf446a81,2
/path/to/PANDA/features,6400,a0d4b7a115f83077d88361dd38399cf7,1
/path/to/PANDA/features,6401,a0df9f687c355120bbaecf0b38d21181,0
/path/to/PANDA/features,6402,a0dfaf8d608aac9ef3de97f3758ab484,0
/path/to/PANDA/features,6403,a0e3a20a3cbf77644e69b241910b994a,0
/path/to/PANDA/features,6404,a0e3ae771cc087ecfd5251a95043f1f0,3
/path/to/PANDA/features,6405,a0e79ca3b7a02a0d6c5ed69ab4a5c8b4,0
/path/to/PANDA/features,6406,a0e96b69eb47e1d045721b5181596708,0
/path/to/PANDA/features,6407,a0f29ff13fb03dd08b6aaeaf4bcac6ed,0
/path/to/PANDA/features,6408,a1005d42ab0ed43009c6f30eedf12628,0
/path/to/PANDA/features,6409,a109197ed889dd998c52e3f9d0bd98f0,1
/path/to/PANDA/features,6410,a10ba9a0d61fd41d9ca9aae25788504c,2
/path/to/PANDA/features,6411,a10cb9e1dcf60863dba57e77c45de0c5,5
/path/to/PANDA/features,6412,a10e936390d9d140fd8249c9098f024c,2
/path/to/PANDA/features,6413,a10eb69fb260132fde150bd76bd7b15c,0
/path/to/PANDA/features,6414,a1178eb5d4b1c938ee9fdafdbc85814d,0
/path/to/PANDA/features,6415,a1182a350f2f7c5b6d75aacaf5aededc,0
/path/to/PANDA/features,6416,a11991dab102085728874c2f348eeffa,1
/path/to/PANDA/features,6417,a12ac7f1bc26fe59d642674fcbe45a30,4
/path/to/PANDA/features,6418,a12cf12bd480d36325d9141e5fce729d,2
/path/to/PANDA/features,6419,a1385e79c61705772c03a7cd134c72e7,1
/path/to/PANDA/features,6420,a1465b24268c98766baa0ca70b11ec6d,0
/path/to/PANDA/features,6421,a1485cb170009263e6cf78e944c9c9de,1
/path/to/PANDA/features,6422,a14885c7da6514c0523a6977e2b205a4,5
/path/to/PANDA/features,6423,a1623edb50042b97567bc9662436c264,3
/path/to/PANDA/features,6424,a162da97dba7c4e154e8d51bd5a4db0c,4
/path/to/PANDA/features,6425,a1674a5a1b9830d61c54d09db0ccf308,1
/path/to/PANDA/features,6426,a1697f266e95a820c676d18f380c6ce8,4
/path/to/PANDA/features,6427,a16f4b2fd513d669c5b8dddc7bfa9fa6,0
/path/to/PANDA/features,6428,a17c932c887c075dfce694750276088f,1
/path/to/PANDA/features,6429,a17e3c28db1efe5c03c927e64399f6aa,3
/path/to/PANDA/features,6430,a181feea490b34becd1c7dfa775bd941,0
/path/to/PANDA/features,6431,a184260ef13d42e03b958406346024e2,0
/path/to/PANDA/features,6432,a1867f63370ccdb636e2ec006b5f0a6a,0
/path/to/PANDA/features,6433,a18b8758447c5791c60f0b1ae0f7a653,3
/path/to/PANDA/features,6434,a18d6821151df6f86203ed6812b285ab,0
/path/to/PANDA/features,6435,a18dd083ecf438507441cb0d5fc3122e,0
/path/to/PANDA/features,6436,a197f9bef5596491c736c23a58bbf414,1
/path/to/PANDA/features,6437,a19e008bb1811dbb0095b4cd4c3bc8c5,1
/path/to/PANDA/features,6438,a1ab959d088e199003230644b58cd22d,5
/path/to/PANDA/features,6439,a1abdacdaaa93b69a92c68cb5edf2560,4
/path/to/PANDA/features,6440,a1ade7c9193cbe3b85a7169e61613365,1
/path/to/PANDA/features,6441,a1b7055a495ac4a160336b66acc62b4b,0
/path/to/PANDA/features,6442,a1bd9874f482d6624b437a5c38f4c55a,1
/path/to/PANDA/features,6443,a1d31796040eff1d8223f486caa01ab8,4
/path/to/PANDA/features,6444,a1dcf957066abe4334f9706a224ba3e2,0
/path/to/PANDA/features,6445,a1e2f28549fb41a84b04b8022f285a7a,1
/path/to/PANDA/features,6446,a1e5671c0ba2db75e3a16f55e58b1e7d,3
/path/to/PANDA/features,6447,a1e7bd4137e20d1bc42c637990986dea,4
/path/to/PANDA/features,6448,a1eb67fb9f6f39764b1859e175f0995a,3
/path/to/PANDA/features,6449,a1edceba3500660a6c75be946b20242b,4
/path/to/PANDA/features,6450,a1f37b944f9590270b529e9f83610ebb,5
/path/to/PANDA/features,6451,a1f79e44db2ca88a3c1b330af1343d61,3
/path/to/PANDA/features,6452,a1fd7998cce64a8747a682bf524951bf,5
/path/to/PANDA/features,6453,a20e3cf8d960065a501849813bd2bef1,0
/path/to/PANDA/features,6454,a20eedc8f4a55e36f0bfc88bc5f8dd06,2
/path/to/PANDA/features,6455,a20f24cf73a1dd0f448fd348ed32e53e,1
/path/to/PANDA/features,6456,a213e4e689988738b8fb764e958ca497,0
/path/to/PANDA/features,6457,a21883271d639dd8a43500a847521e52,0
/path/to/PANDA/features,6458,a21a526d2529b8d1029d854d3e37594e,0
/path/to/PANDA/features,6459,a21de143bd5da5e90b185bdd8811a535,1
/path/to/PANDA/features,6460,a21ea7caca40bc45f043ed27ae2b573d,2
/path/to/PANDA/features,6461,a2203e3e55982d90983e61c1dfc3802c,5
/path/to/PANDA/features,6462,a23accdd92c621553d8e58b8b40eed83,4
/path/to/PANDA/features,6463,a24b080f675c02897a4e71f96b194fb9,0
/path/to/PANDA/features,6464,a25f2880d2b6ab6f5fe7496ac083e51a,5
/path/to/PANDA/features,6465,a26020fc089bd826b2d3eee48435b5e1,4
/path/to/PANDA/features,6466,a265cac37acf69f2cfeae8a184d0f510,0
/path/to/PANDA/features,6467,a26721b3a8229e8e5e995f7a4a7974f8,0
/path/to/PANDA/features,6468,a273a79b0d6373074b9f75aafd1dd11c,4
/path/to/PANDA/features,6469,a279b450a867eb7acc4d2ef0731b3352,3
/path/to/PANDA/features,6470,a27a666f057315f08ce43d8da423e8ea,1
/path/to/PANDA/features,6471,a27ab1c1998e93cfb6d34a3cdacd1b5a,4
/path/to/PANDA/features,6472,a280d60407c69e37fad4d7290ac948a6,0
/path/to/PANDA/features,6473,a2847e414d4c2268731dbfe0281c0123,4
/path/to/PANDA/features,6474,a2876051374ff6110f7572e64013441d,1
/path/to/PANDA/features,6475,a288e70d5f393dd6d804ad5e024cb5d3,5
/path/to/PANDA/features,6476,a28b628b33608b2cdadff12fc6aa2537,1
/path/to/PANDA/features,6477,a28c776023b9b5ce3eaf55c05b5b1214,4
/path/to/PANDA/features,6478,a28d07249631a811d3c801881c7fee47,4
/path/to/PANDA/features,6479,a28e296c8480489a03db3731aa364183,1
/path/to/PANDA/features,6480,a295321349862720b6541d443b46ee33,4
/path/to/PANDA/features,6481,a295b26b9db32ad2795fcdeef1d853db,1
/path/to/PANDA/features,6482,a295d73e91c9f8d8d16a8c1a3469714a,4
/path/to/PANDA/features,6483,a297718b506a50b158f9ef2f2bce9e58,0
/path/to/PANDA/features,6484,a2a51dc406006d4c31f173c89cee7fee,1
/path/to/PANDA/features,6485,a2b8cad572d92f6e24b69495e3b961a8,2
/path/to/PANDA/features,6486,a2c07e3585c5b8788b71534866e4be73,0
/path/to/PANDA/features,6487,a2c484cd17f6001e7a0dae4f2f57039b,0
/path/to/PANDA/features,6488,a2c5c5ae99d08d1397b05dc19a5b6338,1
/path/to/PANDA/features,6489,a2cf43624325e34ef78bde7b66a36db0,4
/path/to/PANDA/features,6490,a2d2d3edfd1258bca33aeea4d9cc8d0c,0
/path/to/PANDA/features,6491,a2da57c1097f25266b22084b9b2362a4,1
/path/to/PANDA/features,6492,a2dc114f81b3e3357364a679f764f1a9,1
/path/to/PANDA/features,6493,a2e0d1c14db909be687d445cb07f786e,0
/path/to/PANDA/features,6494,a2e687e5e0a43d0aaaeecc1ba215c352,0
/path/to/PANDA/features,6495,a2ea42fa1f08d6f672e3c826a885f849,0
/path/to/PANDA/features,6496,a2eb130a296ca0ff83e1b530108dac25,0
/path/to/PANDA/features,6497,a2f1af7bf2b86cdabfcffe65d8424a3a,0
/path/to/PANDA/features,6498,a2fb69954b14fe15857b0f54515fc745,0
/path/to/PANDA/features,6499,a2fe40846d781b8b5e86e87da1955a8d,3
/path/to/PANDA/features,6500,a3029b2de4339ddae99acfc46c29e11f,0
/path/to/PANDA/features,6501,a308ca65706ab18e463dbfa9b0c12e3a,4
/path/to/PANDA/features,6502,a31660605fa1295d74bfb1729c3d05eb,1
/path/to/PANDA/features,6503,a31ca214faca4b030f4610c79e4e5b3f,3
/path/to/PANDA/features,6504,a32e09e8ff4f2b362d60fb71db87abfe,1
/path/to/PANDA/features,6505,a331bd194ce409c37923a64ae652009f,3
/path/to/PANDA/features,6506,a335e00877d819f0aac867a166a50f7f,5
/path/to/PANDA/features,6507,a338a8d26e5253dbe0fd5ee41aa528a5,0
/path/to/PANDA/features,6508,a33ecad0b2f6e55034a170872ae7abed,3
/path/to/PANDA/features,6509,a341bd2f51b0913bed2a23c315287002,3
/path/to/PANDA/features,6510,a347222d3272e90f8db2455b9d6d6672,1
/path/to/PANDA/features,6511,a34c0d728771285a18dfb156259eb817,5
/path/to/PANDA/features,6512,a3589c0cb14e99c7d08e5b097d173041,0
/path/to/PANDA/features,6513,a3619255e4582f5d99537a251e668d35,0
/path/to/PANDA/features,6514,a36452af1afcef236f75414233521c8e,1
/path/to/PANDA/features,6515,a36875e181db085aea379748f6664b10,3
/path/to/PANDA/features,6516,a36b91d58c9dae658708fac3ae14b969,0
/path/to/PANDA/features,6517,a36ee9f2bc558182239d85d1f7a74e9b,3
/path/to/PANDA/features,6518,a3794ec31a02fbf429486dd464f83d25,4
/path/to/PANDA/features,6519,a37b456a2bc920630c60c2ff0c7d6325,2
/path/to/PANDA/features,6520,a37fce1f9bf89a23e99ff436d8c3710f,1
/path/to/PANDA/features,6521,a383c97bbe2095ea5d4a7c33a35b2c4e,0
/path/to/PANDA/features,6522,a38edfd7f0ab8eb00995e7c1c3168b60,1
/path/to/PANDA/features,6523,a394fed15005cc8a75f1d75aa4192cd8,0
/path/to/PANDA/features,6524,a3a06e2c06260de535916eaaa629c466,4
/path/to/PANDA/features,6525,a3a4e7642114d0297711ac4ec5c70a04,0
/path/to/PANDA/features,6526,a3a96d6827a3708af480708035a3cfc4,4
/path/to/PANDA/features,6527,a3abbe79d581ceec56f3be32f1fd145e,1
/path/to/PANDA/features,6528,a3af37fbbe60a833bd33c10c2f88e9e9,0
/path/to/PANDA/features,6529,a3bf2bac9b14e00a95ff1714c44c8030,2
/path/to/PANDA/features,6530,a3bf6f7cc8d798b1a4516f91837e4cdd,4
/path/to/PANDA/features,6531,a3c369f4a14bb6887655e5a45c96bd62,1
/path/to/PANDA/features,6532,a3c8cdf5016f2022459c70e0259888f6,1
/path/to/PANDA/features,6533,a3ca38ce1d10c44103ba22d137be7c08,5
/path/to/PANDA/features,6534,a3d3ad2b05d3291a3353f6d2fa2f7245,1
/path/to/PANDA/features,6535,a3da6a9b33b3bbbbc3a2121a06a75ee3,0
/path/to/PANDA/features,6536,a3e1e3c26c6abb4c6a8f4df1a7a17a06,4
/path/to/PANDA/features,6537,a3f49b7a86a44a8d36947ed35d4dc755,1
/path/to/PANDA/features,6538,a3fa13e9535729ec9cb08f17bc8c03cc,0
/path/to/PANDA/features,6539,a3fcf7e4e09f8910e49ecc061b5d8c17,0
/path/to/PANDA/features,6540,a406463af22a5935dd7d7665d1443b14,0
/path/to/PANDA/features,6541,a40897dff1e0113123134af05cd3cc65,0
/path/to/PANDA/features,6542,a408bd35cb44b141bf67fe60e72561b3,1
/path/to/PANDA/features,6543,a4119823dddda4b7cd9be59893173b0a,0
/path/to/PANDA/features,6544,a43ae1d4fbbb8606f3e38d2f21824b61,5
/path/to/PANDA/features,6545,a43c01d2b679f67377e6909bd94128a5,5
/path/to/PANDA/features,6546,a4400c5e31462e7d221bb1a06d2ba0de,1
/path/to/PANDA/features,6547,a440e5380e942333ce9d94d229b7a935,0
/path/to/PANDA/features,6548,a44fd7663c5ae9bfd375e6dc75b497f6,1
/path/to/PANDA/features,6549,a4514f8a6800bf122ae746c4f573ee6f,5
/path/to/PANDA/features,6550,a456f5100bc16e29cd730f2f226755ed,2
/path/to/PANDA/features,6551,a45b686526ef8327fbd9e8b770984567,0
/path/to/PANDA/features,6552,a45c077803194bf256f58964f457d5cb,3
/path/to/PANDA/features,6553,a47472a2ba96c2936dacc23b938bd9b6,3
/path/to/PANDA/features,6554,a4759f06b88c45d2153555b988ac52a8,1
/path/to/PANDA/features,6555,a47c3c9b14bea63ce59d9cbb5b0d3e2e,1
/path/to/PANDA/features,6556,a48b27a0f0f78595b8d71a4b373acf81,3
/path/to/PANDA/features,6557,a48e97856c956d50cc4f522574cd37fb,2
/path/to/PANDA/features,6558,a49c0d3b59dbabaf8183f5758bacfbc0,0
/path/to/PANDA/features,6559,a4a074975f0b90dc193b712d36a38e0c,1
/path/to/PANDA/features,6560,a4a2fd952751874e50b0ee6d4aff0081,2
/path/to/PANDA/features,6561,a4a6631cd1b0ff0b8df03675f8debad8,2
/path/to/PANDA/features,6562,a4a9813dc1218352743e38dc85c53f0f,4
/path/to/PANDA/features,6563,a4c28ba06ec2c15d2bc4c9376e4039ca,0
/path/to/PANDA/features,6564,a4d8550e3c9eeb147f16812c33fe594e,4
/path/to/PANDA/features,6565,a4da7781633022869ad9556be440172f,0
/path/to/PANDA/features,6566,a4eca9510f704c55f2ac2cadd6bc2d6b,3
/path/to/PANDA/features,6567,a4edf7a1424c33511b31ce8b541c76e2,3
/path/to/PANDA/features,6568,a4ee1a3f5cdc4faad3b255294bba1cc4,0
/path/to/PANDA/features,6569,a4ef4e6aecb75b4af94a115045b0b0d7,0
/path/to/PANDA/features,6570,a4effa6d0c2e32e36e45f32f9e7e4977,5
/path/to/PANDA/features,6571,a4f80816b9e11c4ac2ce7ffc2a526cd5,3
/path/to/PANDA/features,6572,a4fe6a765a5d525015f97f2f967caa67,1
/path/to/PANDA/features,6573,a4ff02d4ba4e5f4420fab051ebd975aa,1
/path/to/PANDA/features,6574,a51ad4ec379a9209c740025a6d410708,1
/path/to/PANDA/features,6575,a51ad75de73b4fae8900363d758bea87,5
/path/to/PANDA/features,6576,a51ee6c01cc8f18d48a70116f0ffe700,4
/path/to/PANDA/features,6577,a53a67696219b002aa38d0f425de817d,0
/path/to/PANDA/features,6578,a53b780941263a252bea531c73f2294d,5
/path/to/PANDA/features,6579,a54c950714ffed6411b859ac44766467,5
/path/to/PANDA/features,6580,a5531d279c394d4e3269bfe5c9aff98b,2
/path/to/PANDA/features,6581,a55cc8df950bcadf4cd61ff470d74246,1
/path/to/PANDA/features,6582,a563935d922002ca4819f2490eb7be17,0
/path/to/PANDA/features,6583,a5694e9a3cdc76a58c9ad784e909abcf,4
/path/to/PANDA/features,6584,a56ae1d3606285c478b66fd417093c25,4
/path/to/PANDA/features,6585,a576f47b644facaa1aa60db9c41d9db1,1
/path/to/PANDA/features,6586,a579110fe1e670847d9d146404597750,0
/path/to/PANDA/features,6587,a57fce3a0a40fcdd2683b9c24739dd7f,4
/path/to/PANDA/features,6588,a58058bcddd545690af8cbb09f71783a,0
/path/to/PANDA/features,6589,a58d6425e3c86c6d532cd57dc7504c13,1
/path/to/PANDA/features,6590,a59374f392ff144bfbe15d5b03c23588,1
/path/to/PANDA/features,6591,a593fab93f41311d8ca7225382c96cb6,2
/path/to/PANDA/features,6592,a599d35b7674406256a5915ffbb23e33,3
/path/to/PANDA/features,6593,a59a439b05a88a8ed3210054269c7bca,3
/path/to/PANDA/features,6594,a59b754e6ae29ba224e7422995ebb5fe,0
/path/to/PANDA/features,6595,a5a27468f2a7a299cb8b952abb941705,2
/path/to/PANDA/features,6596,a5a7c62ef1e0d28a54c2da8355447c22,2
/path/to/PANDA/features,6597,a5ad3fbf8ce0853c6683f5be5f1a4a20,0
/path/to/PANDA/features,6598,a5b9c716881eaccb44574cbcef8f048b,1
/path/to/PANDA/features,6599,a5b9d82b7e211bf9e5d65ee738236366,3
/path/to/PANDA/features,6600,a5be8826190732e7519cdd326f5a2483,0
/path/to/PANDA/features,6601,a5be9b704fae4da3e8a8fcdcf17973e1,0
/path/to/PANDA/features,6602,a5bf2186e2c5cfde1fad60a058d91364,1
/path/to/PANDA/features,6603,a5c070a1bff740fb05683f14886888e7,0
/path/to/PANDA/features,6604,a5d6dfb0a704460b69941758468b3e5a,1
/path/to/PANDA/features,6605,a5dbc558ca9c9612b608645238c15129,3
/path/to/PANDA/features,6606,a5e22243152d5cc871983364ae7b6e95,0
/path/to/PANDA/features,6607,a5e2deac3b93d0f64589072881e39ca7,4
/path/to/PANDA/features,6608,a5e35549c722d53da64190d30859d7f3,1
/path/to/PANDA/features,6609,a5e5be1ada0cffbfa2e935d487d32539,1
/path/to/PANDA/features,6610,a5e6d53afdf57a843db3e9042f33a10d,3
/path/to/PANDA/features,6611,a5ea6ca256cdb4a7723bd483d5d5ec5b,1
/path/to/PANDA/features,6612,a5efb875158cabc314fcb2308e4f32ff,2
/path/to/PANDA/features,6613,a5f7e4be7d541aeab8b4b45f9a681300,3
/path/to/PANDA/features,6614,a5f8aa93183d002e62df16a0891ace20,0
/path/to/PANDA/features,6615,a5fafb0a3acf7f9e59d4a2549935798a,4
/path/to/PANDA/features,6616,a5fc7a2b37df563ea4ecad2d5c5b4778,3
/path/to/PANDA/features,6617,a5fceab3ef69e4dd200e317738fe7b29,1
/path/to/PANDA/features,6618,a606428bb0598bbd68851259993bb7ce,3
/path/to/PANDA/features,6619,a6186d1386a1b5bb55de5711b293bc26,0
/path/to/PANDA/features,6620,a6220c7ef591dd3f61c996877d0504d8,0
/path/to/PANDA/features,6621,a636c467e154d0a2614dc186b57baf5e,1
/path/to/PANDA/features,6622,a639966cd3a4bf121202b3dd166c935e,1
/path/to/PANDA/features,6623,a63b1104e5fba617aa8262d8a58df325,1
/path/to/PANDA/features,6624,a6497dd3f1c7735036467c84b30748c4,1
/path/to/PANDA/features,6625,a656612b4ddb61780536400c117a9b91,4
/path/to/PANDA/features,6626,a6567125ec06dda3533e654d761ae78e,5
/path/to/PANDA/features,6627,a65a095302fbc94c8e21ae65e1ccd17e,1
/path/to/PANDA/features,6628,a65a4942b32e64ab56e8128575f81f9b,0
/path/to/PANDA/features,6629,a66acc12fbf3f3d375bac7f768336aa5,0
/path/to/PANDA/features,6630,a66b818d221a0cb079b4b8945a8bacb1,1
/path/to/PANDA/features,6631,a686274a69747305cbea99f22c4361d7,2
/path/to/PANDA/features,6632,a68c5b4d478d8764a78b063d073d3cfd,0
/path/to/PANDA/features,6633,a6971c7b02a5182bd69acb81102b6f16,0
/path/to/PANDA/features,6634,a69badf4b6b8c73c40d30cb9dfeffea5,0
/path/to/PANDA/features,6635,a6a07e971c280f5cee808a92a5b06e70,0
/path/to/PANDA/features,6636,a6a7146bd23b394f54a5950d2dbefa7b,0
/path/to/PANDA/features,6637,a6a9abc4a198371ee181b4f24c4d65ef,2
/path/to/PANDA/features,6638,a6b9b962c775ca68437a86bec79e6879,1
/path/to/PANDA/features,6639,a6ba6423d654ae961d730c72a1a2f50f,1
/path/to/PANDA/features,6640,a6bb14d29c43bd60e289adda03de9687,5
/path/to/PANDA/features,6641,a6c30b9c00539ff6e70c8fc774232c61,0
/path/to/PANDA/features,6642,a6da01c66cfebf7492f28f70bae9b5de,1
/path/to/PANDA/features,6643,a6dc33bb603930579b430c76162a7a4c,4
/path/to/PANDA/features,6644,a6df5267338c181ee62b42087d0e2292,3
/path/to/PANDA/features,6645,a6e3d28846a05057588ca4a6b7bbc3ee,4
/path/to/PANDA/features,6646,a6e661a8ab4a3785acb2a87b2d542684,0
/path/to/PANDA/features,6647,a6f080dbb9bf42ed3e8510972595c71c,5
/path/to/PANDA/features,6648,a6f90c6723707e9f7a40d1339bfbf0dc,0
/path/to/PANDA/features,6649,a6fac45c289010871304ffaf13f94d39,0
/path/to/PANDA/features,6650,a6ff29f4165716b6fa1ef549346689b5,1
/path/to/PANDA/features,6651,a712e62023246ce138c377b93660ee69,0
/path/to/PANDA/features,6652,a716d9d2767072033e5a3a7a23c42fb5,4
/path/to/PANDA/features,6653,a71f5c9931a10907ca1b1fd09d5b0798,2
/path/to/PANDA/features,6654,a72727c39add8982af8cc5b32822bb40,3
/path/to/PANDA/features,6655,a72d4017523d473110826da984945c60,4
/path/to/PANDA/features,6656,a733239073e6baaceea3825537584b23,1
/path/to/PANDA/features,6657,a733ebe1241b7fbe187b49b7b5853f7c,2
/path/to/PANDA/features,6658,a737733c443a5aab85263c0a8ad94e2b,5
/path/to/PANDA/features,6659,a740ac5e9722a89dd2c7afe87b92104a,0
/path/to/PANDA/features,6660,a74b7e612f31cff7ed905e3c92ae83d7,5
/path/to/PANDA/features,6661,a74fcdf2a5734aed98ab883bab52604a,0
/path/to/PANDA/features,6662,a7542dcc3123f9cce837cd93f13c0a27,1
/path/to/PANDA/features,6663,a75b08009b587976191d332890a52964,0
/path/to/PANDA/features,6664,a75c60d5d98606ed26161ae3757da650,0
/path/to/PANDA/features,6665,a762752f39d1c1b4b5c0aa7cc7f98364,0
/path/to/PANDA/features,6666,a766e096ab436d7ae7a55eb46a4fcf5e,1
/path/to/PANDA/features,6667,a76cb105593aaea1617759e233fb226e,2
/path/to/PANDA/features,6668,a778e005ed493fbc8905dfe811694b17,1
/path/to/PANDA/features,6669,a778ef2839b7492090564d78367aaddb,1
/path/to/PANDA/features,6670,a77f9ba2563a4aa23d748053de86e0e3,2
/path/to/PANDA/features,6671,a7853adb32e2eaad4c9e64ba84691d44,1
/path/to/PANDA/features,6672,a7920e075a4c8784da50bb39c8414e92,2
/path/to/PANDA/features,6673,a798f33537433d71e8e219b26a2c7ec2,1
/path/to/PANDA/features,6674,a7aabb264c56acdfc440595515cea27a,0
/path/to/PANDA/features,6675,a7acd47d97913f4d1ff0ca5961e29aa3,1
/path/to/PANDA/features,6676,a7af860641a927a5b59ffead7c595f1a,5
/path/to/PANDA/features,6677,a7b3150b3014d521b21d518ea94a9a00,2
/path/to/PANDA/features,6678,a7b66cd218d528810926c911e1218b56,4
/path/to/PANDA/features,6679,a7b9fecfa7046194a48d717d7629be69,3
/path/to/PANDA/features,6680,a7baba733c9e351d8938a493e9e96480,1
/path/to/PANDA/features,6681,a7ca49c094be4bd969166477d5631a90,5
/path/to/PANDA/features,6682,a7ccfb5e344fe37664d48fa0f5d2d4e9,0
/path/to/PANDA/features,6683,a7cee2b597ea38b1bd3e4757652a913f,0
/path/to/PANDA/features,6684,a7cfc2043ca954c4295c895a39c16d58,3
/path/to/PANDA/features,6685,a7d18581b5402766aacf91d52e6143eb,1
/path/to/PANDA/features,6686,a7d5887200c7cea7046aa1adad829a1b,2
/path/to/PANDA/features,6687,a7eceb34129047ee2d36352e12e12fbc,4
/path/to/PANDA/features,6688,a7f00efad38057d7c04273206366b682,3
/path/to/PANDA/features,6689,a7f12fc7f665bc039d7eb3c4b08bc1c4,4
/path/to/PANDA/features,6690,a7f9d0f2300b4e56333bb7bd66457267,0
/path/to/PANDA/features,6691,a807e60ff7d13f837e27c6fb39eb6986,1
/path/to/PANDA/features,6692,a807e743ad2020d229347aede1882a8f,3
/path/to/PANDA/features,6693,a80ae4f5811fa7a1042d78be4aedf45c,3
/path/to/PANDA/features,6694,a8133622df02940b40d4dc7c6c0b2712,5
/path/to/PANDA/features,6695,a81c58ea428c6c69d39e3555c2ace373,3
/path/to/PANDA/features,6696,a81d768e9eacac29f12201fbb1ed93ea,2
/path/to/PANDA/features,6697,a82236cce5d5e4b0cc7eb4f2975d5cb3,0
/path/to/PANDA/features,6698,a82ab9e22ff10be0575503d3262a1a61,4
/path/to/PANDA/features,6699,a82f9f71cde84001ecc92ccb09eccb5c,3
/path/to/PANDA/features,6700,a8321af1b53320df308a2dd4554fff52,0
/path/to/PANDA/features,6701,a8361109aecfa0496bd7ffe3d2520f70,1
/path/to/PANDA/features,6702,a839f9a08020d5e3001df11d08c567ed,5
/path/to/PANDA/features,6703,a83b0d472cd523b9d4fb96d01dbd547e,1
/path/to/PANDA/features,6704,a83efb2f72bce568e8500f7bce347538,0
/path/to/PANDA/features,6705,a84367134d7d9ac7a9aaa9d61752dada,1
/path/to/PANDA/features,6706,a84ffde8b4b1988a6ad9091d687f32bb,1
/path/to/PANDA/features,6707,a87ae06869fe9beb4ce6e82bf5a5794c,2
/path/to/PANDA/features,6708,a87bddaf67f7f888914f5f9590560c47,0
/path/to/PANDA/features,6709,a87dead1b6909eb28749a88d7610c5ff,3
/path/to/PANDA/features,6710,a88041b3adc88de08545e214311d3e17,1
/path/to/PANDA/features,6711,a880877c39bb56738db55b44336087c8,3
/path/to/PANDA/features,6712,a88576230a500208178f0bbdb4cc0f1c,1
/path/to/PANDA/features,6713,a886fbc23aece507ae9663d9877fe7a1,1
/path/to/PANDA/features,6714,a8989e31dbf651ce7abfb4dfe87827ea,0
/path/to/PANDA/features,6715,a8a381e648b69bc0023ea882eb436bdb,1
/path/to/PANDA/features,6716,a8a951c084f704fb77c2a3ab1c21b474,2
/path/to/PANDA/features,6717,a8b8f6be7310d77eb7e785e2f341a137,1
/path/to/PANDA/features,6718,a8bd3316f3eeb3613dc827e2a424c727,0
/path/to/PANDA/features,6719,a8c2db370b41d0dec801656b9c3d0014,1
/path/to/PANDA/features,6720,a8d0c2d41b4652dd6c430556283c3805,1
/path/to/PANDA/features,6721,a8d547b83d523669de401e539503ab03,4
/path/to/PANDA/features,6722,a8d65bc90e175baee47ae5b445ba2476,4
/path/to/PANDA/features,6723,a8ddb6294c3f4b9123471e92b3947b20,1
/path/to/PANDA/features,6724,a8e5f38315214944e502edfdc986ea2f,5
/path/to/PANDA/features,6725,a8e773eff750fc08a72de5075c79474f,2
/path/to/PANDA/features,6726,a8e96a9ccdebc9ad76b206493270f670,5
/path/to/PANDA/features,6727,a8efd93f48e458673c4069a36c757173,1
/path/to/PANDA/features,6728,a8f2080a44dfee4946ac69a53e8ed0b1,0
/path/to/PANDA/features,6729,a9001c117730dcb698f2186402a5c697,0
/path/to/PANDA/features,6730,a909701d8fa86ba27f313a84d5aa0d32,5
/path/to/PANDA/features,6731,a90eb0863e245b99bfad5989bece9f6d,1
/path/to/PANDA/features,6732,a91adf44b39a7f3fc45916c9eaae686b,3
/path/to/PANDA/features,6733,a92036b9e0cf700c508bbf54f21cb4a6,1
/path/to/PANDA/features,6734,a923bffcafaa9baa5f639e3911c18998,2
/path/to/PANDA/features,6735,a925f822c0a81f2092e58f0cf1fd829c,0
/path/to/PANDA/features,6736,a932bf147bd42e718b1fd9d7d53ad15a,0
/path/to/PANDA/features,6737,a93b3dcce91f31062dc01695f43cc8ba,0
/path/to/PANDA/features,6738,a93eb7e0b8eda6a822f36448c946b9e3,1
/path/to/PANDA/features,6739,a9401a16f89aabfa1821aba90a64d3d6,0
/path/to/PANDA/features,6740,a94d63bd5c038c48f6a280233c3c7dd5,3
/path/to/PANDA/features,6741,a9534d1d06ad290d690bd88a164b9657,0
/path/to/PANDA/features,6742,a954a0cc5ddb665162f367e46e4c5a39,2
/path/to/PANDA/features,6743,a954e34aa74d5c6646a52e605263f187,2
/path/to/PANDA/features,6744,a95da88c722c175fc8bdfdd1959cf111,0
/path/to/PANDA/features,6745,a9602c1b9f465f9d3ca9f41084a6c64f,0
/path/to/PANDA/features,6746,a9635e180394f1ed176bed3581cac969,0
/path/to/PANDA/features,6747,a96764032e53b16ef7b0d99a79e020ad,1
/path/to/PANDA/features,6748,a96bea30c0bb515012eaae00385a0489,2
/path/to/PANDA/features,6749,a97131332ef816130b9e024155c311e5,2
/path/to/PANDA/features,6750,a9752cd05aa514a3102e9d8f0edeb8f7,3
/path/to/PANDA/features,6751,a979f5e3d61ebeec3dcbe8943c9316ca,1
/path/to/PANDA/features,6752,a984d6acdf209063c490a921cfc53b64,0
/path/to/PANDA/features,6753,a98cfeac460a9fd9aa615e3c9ccb2c82,1
/path/to/PANDA/features,6754,a996595380b54dc905dba46b751ec82f,2
/path/to/PANDA/features,6755,a9a2bdda9278e216b19a3a948f4f29ad,0
/path/to/PANDA/features,6756,a9b04c7dad29444f8422d0c31fb678ea,0
/path/to/PANDA/features,6757,a9b1aea89f22c5e1bddc012a2f4c8544,1
/path/to/PANDA/features,6758,a9b52672e84888c7a26fc2694106f86f,1
/path/to/PANDA/features,6759,a9b5352dfb32a821700f5d6876baa479,0
/path/to/PANDA/features,6760,a9c926cdab10bc7306c7dbfa787efb54,1
/path/to/PANDA/features,6761,a9dc6f6175a76e18031ad38fc9c08026,1
/path/to/PANDA/features,6762,a9de2f159602a6c08dde0551062fb74b,5
/path/to/PANDA/features,6763,a9e7790493c9bba62098adf8ade8c2cf,1
/path/to/PANDA/features,6764,a9eb78153559e7daa9eaee25cfd43680,1
/path/to/PANDA/features,6765,a9f1aee928c544e2fd4a4cd448771a38,0
/path/to/PANDA/features,6766,a9ff261ddbae34cbbb6b5d5c0f2d1ce6,2
/path/to/PANDA/features,6767,aa01c9186774a385e42095c28d3f12bd,0
/path/to/PANDA/features,6768,aa022132278c16cedd60be3ed982119f,0
/path/to/PANDA/features,6769,aa082e66a044358b7222c7e2fb499a2b,3
/path/to/PANDA/features,6770,aa143bbd830073e080e509ce3160d272,0
/path/to/PANDA/features,6771,aa176f6d6e5674ccf6e19ef3aeb3e243,5
/path/to/PANDA/features,6772,aa1de252963cb99a7c6cf9288d809be7,0
/path/to/PANDA/features,6773,aa288e0ae818acf0dcd09b923c9a1abc,4
/path/to/PANDA/features,6774,aa3031e524c3e7ccf13c78910a26bbc5,1
/path/to/PANDA/features,6775,aa3823fe81947ebf35daa0b90af7bbc2,2
/path/to/PANDA/features,6776,aa3d385635fdfe96d5194d0f0991b565,0
/path/to/PANDA/features,6777,aa47209a146185e3bea1fa18b904304a,0
/path/to/PANDA/features,6778,aa4a74ecfa3460efebc1951c29b5a96a,2
/path/to/PANDA/features,6779,aa5f6291ddf9631c11f89925308051ed,0
/path/to/PANDA/features,6780,aa62014192d20318e7dbf1ccb091499d,3
/path/to/PANDA/features,6781,aa68bce6e7fd266e9839f591296166b0,4
/path/to/PANDA/features,6782,aa6fa0228a86251c04d6a74b7bcf1b12,4
/path/to/PANDA/features,6783,aa7000449538fe951e1c0dadc7ce9b44,3
/path/to/PANDA/features,6784,aa7ce2c5b9e3fba65a6502469a9e7d32,5
/path/to/PANDA/features,6785,aa8907057bf38a2c03b3e3a6cb72f9dd,1
/path/to/PANDA/features,6786,aa8ee3fd85494e92cc6595f97d42dc6a,2
/path/to/PANDA/features,6787,aa956e452824c715d48722bbe45c2882,1
/path/to/PANDA/features,6788,aa96214fca7ea520191a2263f0ee6ac0,2
/path/to/PANDA/features,6789,aa9be7d9f82e983d21e2746078b877d9,4
/path/to/PANDA/features,6790,aaa5732cd49bffddf0d2b7d36fbb0a83,1
/path/to/PANDA/features,6791,aaad0b3cad311ccd5d82959e14491fdb,2
/path/to/PANDA/features,6792,aaaf612f7fec8578ed03e4075b429a21,1
/path/to/PANDA/features,6793,aab7d22839e8ac0821aa2cdd1650b39a,4
/path/to/PANDA/features,6794,aaba5d62daec22bedfc287ec9457f200,1
/path/to/PANDA/features,6795,aabf04e96b9413a43527cd933de53a31,4
/path/to/PANDA/features,6796,aac37f782ffceb519f664b2737b58a4d,0
/path/to/PANDA/features,6797,aad4f67da18c05c09584db6539fded5d,4
/path/to/PANDA/features,6798,aad60997596c9d820acb6cb4b39a32ca,1
/path/to/PANDA/features,6799,aadc1f380501876a1bbe46d2c617a12a,0
/path/to/PANDA/features,6800,aadc8c10f196efb7e460e0c424aec805,4
/path/to/PANDA/features,6801,aadec2bca06918c49a1ab743aaf09449,1
/path/to/PANDA/features,6802,aadf3a115d8d11e9dca722fbc2f8b783,3
/path/to/PANDA/features,6803,aae4be2e608ea6085e8f8b0f6f363d85,4
/path/to/PANDA/features,6804,aae503ac1b8aa0f17fc7ebff97c047df,4
/path/to/PANDA/features,6805,aaee8c7e09fa4b50c160acd7e3302cfd,5
/path/to/PANDA/features,6806,aaef504823a0043ebc6063bc805baa38,0
/path/to/PANDA/features,6807,ab020c67bf4d2802b947ebf958d7b0e0,1
/path/to/PANDA/features,6808,ab057a99ebf485362a78685f68ebb79a,2
/path/to/PANDA/features,6809,ab0c6950b69d38008bea90173b44aefa,4
/path/to/PANDA/features,6810,ab106ca32e9155aa7e68eabef8e2ed59,0
/path/to/PANDA/features,6811,ab119bc53387c66615f88239738df2e2,0
/path/to/PANDA/features,6812,ab17f187d0cf1522c838108906131162,0
/path/to/PANDA/features,6813,ab1f4d1aa956de906fa909f5fee8fbee,0
/path/to/PANDA/features,6814,ab2b0d15632c3e9858be2b2889c5ff45,1
/path/to/PANDA/features,6815,ab2b81896a2b2532c96af47b2643676b,1
/path/to/PANDA/features,6816,ab2c9cfe67295b5df71b9d40d827ced5,0
/path/to/PANDA/features,6817,ab3b9c0f10098b0f08c7ea3727c12c13,0
/path/to/PANDA/features,6818,ab3c5351479e3e58b4feef80e6f416f3,0
/path/to/PANDA/features,6819,ab3e9154e433b2ed1f7d75b12e5416fd,1
/path/to/PANDA/features,6820,ab4a7247e87d9cd8b7106a64b3dda927,5
/path/to/PANDA/features,6821,ab526f17170864dea67909338879b3dc,0
/path/to/PANDA/features,6822,ab53934e13fe844e43c6c903dabf0128,0
/path/to/PANDA/features,6823,ab58a4a56d41cbe525cc50810dd2ce3a,5
/path/to/PANDA/features,6824,ab60f4ef0811fd3b8a75d257189e4662,5
/path/to/PANDA/features,6825,ab61ab08ed60be2098e236b2924f3a1c,0
/path/to/PANDA/features,6826,ab751c7c6887d27377f5a3bb09deaee9,3
/path/to/PANDA/features,6827,ab756d70045e2af65e394f378afa127f,0
/path/to/PANDA/features,6828,ab7efde9d27f2e403ce778a9df21f8b1,0
/path/to/PANDA/features,6829,ab7ff59557145ea102e3d63a77f6a555,1
/path/to/PANDA/features,6830,ab807d486725cdf5c662257d7a77d4de,2
/path/to/PANDA/features,6831,ab81e59d765182466b1c5dce9641cc38,2
/path/to/PANDA/features,6832,ab81f1e238ba4350b836f161a0c5c043,3
/path/to/PANDA/features,6833,ab833a07de59607fa4fbaebf1d92fb33,1
/path/to/PANDA/features,6834,ab8ad31b80419f9f49c6b62f25d6fe59,4
/path/to/PANDA/features,6835,ab8f0f3ec7c9365d0293365bf16f7862,2
/path/to/PANDA/features,6836,ab953747c19632d5ff3078b84449596e,4
/path/to/PANDA/features,6837,ab95cfdb8cec294b669f0da558a359c6,1
/path/to/PANDA/features,6838,ab969bb57aa412236a7cd33f64114030,1
/path/to/PANDA/features,6839,ab9737067730d88528e4f08a6ca140eb,0
/path/to/PANDA/features,6840,ab9b00885d5960b51efd3aa59cb95269,5
/path/to/PANDA/features,6841,ab9ee2948807a6ad7b71df6372c4d320,4
/path/to/PANDA/features,6842,aba474656aab9e8efc7c8c512fc1fb48,0
/path/to/PANDA/features,6843,aba52f1d32ab593c075801a10a98938b,4
/path/to/PANDA/features,6844,aba574a94fb785b55d302e82a61b34a2,0
/path/to/PANDA/features,6845,abb213da3051a8ef6e482b3882ad9d4b,0
/path/to/PANDA/features,6846,abb4ad0009ce57bca8d400acff5d34a8,5
/path/to/PANDA/features,6847,abba5b7ada8a44b12d3d95a5fdfc4c64,1
/path/to/PANDA/features,6848,abc48431c594fdbb2441e59e9572bee6,4
/path/to/PANDA/features,6849,abc48b50676206aa226b488ab6c4e436,2
/path/to/PANDA/features,6850,abc872001f80c10758f4b425c8f9ab03,1
/path/to/PANDA/features,6851,abe3d765d3830059440970e02620041e,1
/path/to/PANDA/features,6852,abefa7fbef36b2bcc0c67eebb672e820,3
/path/to/PANDA/features,6853,abf5960dc8f8c6ba6b9d987a6dc603c0,0
/path/to/PANDA/features,6854,abf623f6f7c184855e3ddc607a75bad1,1
/path/to/PANDA/features,6855,abf805f154494f6b9fddf2b66c6e6c43,3
/path/to/PANDA/features,6856,abf943d2bd73e975a5e8a762df7b2e13,0
/path/to/PANDA/features,6857,abfa36e4517733d5fe37f639328a736c,4
/path/to/PANDA/features,6858,abfa45d8a5a8615362ec7e70e7f57fff,0
/path/to/PANDA/features,6859,abfe06f56b989f9e1d6034b12bb885d8,4
/path/to/PANDA/features,6860,ac07fd6531d7536124ceab1990d5227d,5
/path/to/PANDA/features,6861,ac0d8bc88d9ec900be978a70b90e425b,0
/path/to/PANDA/features,6862,ac115e6c259bf4b3f6f3240c26c35eab,0
/path/to/PANDA/features,6863,ac1a8cf1f24d7640e0817d1f9c7492cd,0
/path/to/PANDA/features,6864,ac22e5a3ef26a2942ff5c0d0edd11040,0
/path/to/PANDA/features,6865,ac2980962fa337ca0527b396bc62cf07,3
/path/to/PANDA/features,6866,ac2d6fd1aa1fe717c00e97b132ebc392,5
/path/to/PANDA/features,6867,ac32c2c755e496c5e7bc1949b78d36c9,1
/path/to/PANDA/features,6868,ac32ff7089312633858bcd96747b4046,2
/path/to/PANDA/features,6869,ac34101f332f6259e55a82c11d8bc304,3
/path/to/PANDA/features,6870,ac36d9eb20b4e0ea8b4ff238212067cb,1
/path/to/PANDA/features,6871,ac40c07b6e50003a3cff24e992ad465a,1
/path/to/PANDA/features,6872,ac4184c39f8c07a414170dddbd84bcf6,0
/path/to/PANDA/features,6873,ac46e4ee5b43c383cbea6287ea67c3bb,0
/path/to/PANDA/features,6874,ac5d45906b56238e99d3f46ac94b35fc,4
/path/to/PANDA/features,6875,ac5f07039fde0b6a831f08d207f9c26c,3
/path/to/PANDA/features,6876,ac6ac43819c3e01b53b7c63fc4c4c24e,0
/path/to/PANDA/features,6877,ac7383c33d7b376592a2ebbc512d7493,3
/path/to/PANDA/features,6878,ac7b0dbd7220fa8abe977efe1030ddcc,0
/path/to/PANDA/features,6879,ac8233bf21aeeceab62509f436f8449a,5
/path/to/PANDA/features,6880,ac8682bef4c6309210b50279feff0a83,0
/path/to/PANDA/features,6881,ac8dd5aad49e4404fb74adb43e041a9a,1
/path/to/PANDA/features,6882,ac9194d5fe150505d176ca4b96b4be0b,3
/path/to/PANDA/features,6883,ac958e777983e02bdd9f1037e2cc3f1b,3
/path/to/PANDA/features,6884,ac9d05fa3f4fafb474fb96f9f8ab71ac,0
/path/to/PANDA/features,6885,ac9f59ca466750dbc43bae3ade2676a3,4
/path/to/PANDA/features,6886,aca0433f0f62079f335cb8c727f9aa82,0
/path/to/PANDA/features,6887,aca465b1eb4bbea86b38939c897a462a,4
/path/to/PANDA/features,6888,aca61df8852daa183fa8cbf30a2e8660,3
/path/to/PANDA/features,6889,acb7fc21fae5acfeb3eae17fbefa0e58,1
/path/to/PANDA/features,6890,acc79fc48cdb1a2c730a0b2c15b0355d,1
/path/to/PANDA/features,6891,accd14af27733e4a820b6db8c88d50dd,0
/path/to/PANDA/features,6892,acce2e1a8b05e3445bc4e506ea5ba8cb,1
/path/to/PANDA/features,6893,acd9afcc1ca7c5ad56bf3a16f831b291,0
/path/to/PANDA/features,6894,acde9000c58a22bb2d5adea3a7be531a,3
/path/to/PANDA/features,6895,aceb8bd7daf96919fb9a126340671346,5
/path/to/PANDA/features,6896,acfc9ac341bef701316ff5a73cac6b0f,3
/path/to/PANDA/features,6897,acfed41a5a0a64fa710d51bf6bdf5bd9,1
/path/to/PANDA/features,6898,ad0c63c4474947e4fe009453a3a6147d,1
/path/to/PANDA/features,6899,ad155660b0018e92984f4ea49e246731,0
/path/to/PANDA/features,6900,ad1592d1b4b1f734e59a92f5ebef305b,4
/path/to/PANDA/features,6901,ad43231f9614e857768154736232fc34,2
/path/to/PANDA/features,6902,ad44ed31dfb798af63c0d7a8df2fe1c9,2
/path/to/PANDA/features,6903,ad4a5651b91f3194db3ed570a0b80e84,5
/path/to/PANDA/features,6904,ad4ae9ebcc4bc991de15af2b0dd5b994,0
/path/to/PANDA/features,6905,ad51713ffd48bc5a84174b667be3232c,0
/path/to/PANDA/features,6906,ad52bc1015f33bb777ea49504f87988a,5
/path/to/PANDA/features,6907,ad530cee074d5002ff2f58b1e4433c67,1
/path/to/PANDA/features,6908,ad566960d1448f7dd463fe507e917556,4
/path/to/PANDA/features,6909,ad5d1bfe1f9da2bc7439ed54da5f4e46,3
/path/to/PANDA/features,6910,ad6c967bd632185db83b4739a8c4b450,0
/path/to/PANDA/features,6911,ad6cd27268b3a281cf1da1b9cc750dfa,1
/path/to/PANDA/features,6912,ad6e90147030566df6b1353432f41662,4
/path/to/PANDA/features,6913,ad7034bae392023948d298bab07cb934,1
/path/to/PANDA/features,6914,ad7215256adde5b4a70de73d561adbb8,4
/path/to/PANDA/features,6915,ad76e07722e49a0a0a57446de01c5e91,1
/path/to/PANDA/features,6916,ad7966354108cafde4ab6dfc2abcfcea,1
/path/to/PANDA/features,6917,ad7d7f899e2dce2e90e1fa7d9d332c44,0
/path/to/PANDA/features,6918,ad97dd252df818cb6536fe7bb6a7de33,3
/path/to/PANDA/features,6919,ad990202d6e12f56b9f354b707eab35b,3
/path/to/PANDA/features,6920,ad9edb9b14bbf3ae9abd4f861c5462c7,4
/path/to/PANDA/features,6921,ada7c1420efe8ad02c918ac619c30d37,0
/path/to/PANDA/features,6922,ada83813085876c62c8bf0481f1693cf,2
/path/to/PANDA/features,6923,adae03ea908e72c0e179f10f8df094ef,1
/path/to/PANDA/features,6924,adb134cdca78025db20a3607f72edc92,5
/path/to/PANDA/features,6925,adb6453b3935267a4d77a60fd75d807d,5
/path/to/PANDA/features,6926,adbfb2f1cecea96a904bd46ac74ba2f6,3
/path/to/PANDA/features,6927,adc1461503a7cb916665eb37787c4c8b,0
/path/to/PANDA/features,6928,adced66ab9dcf618633efe9f1b837fcc,0
/path/to/PANDA/features,6929,addd75f7f9ff775fa34e6a1d7b0b3f46,1
/path/to/PANDA/features,6930,addfcd0294884a0539e9e6a39d07c7bc,1
/path/to/PANDA/features,6931,ade269705aa33afafa0e6af6d20db6df,1
/path/to/PANDA/features,6932,adef73f1a19ad047a97ba507c3312798,4
/path/to/PANDA/features,6933,adf1598730764823258fd781429cd590,1
/path/to/PANDA/features,6934,adfcd8070ddb982d9a0e2bff01a681ef,0
/path/to/PANDA/features,6935,ae026ae626a0a236801d36f52b7ab8e4,0
/path/to/PANDA/features,6936,ae0dc2c2d5aed206f4ce5c529684580c,0
/path/to/PANDA/features,6937,ae0fead0becdfd46f9182a8cc9321b2c,4
/path/to/PANDA/features,6938,ae142e3c31b3a30b29fbb5b0d7408c11,1
/path/to/PANDA/features,6939,ae1c06e88f2823b7d13c453e8f1e2756,0
/path/to/PANDA/features,6940,ae1c6bd846449adbde74b0cba5cb7a19,1
/path/to/PANDA/features,6941,ae273cd134a79165e360f2df1d6ad5a2,2
/path/to/PANDA/features,6942,ae2e55ae29c56bb4e122410aba1603e8,1
/path/to/PANDA/features,6943,ae3c2f3cc03b65e5810bf5655f60fbb7,4
/path/to/PANDA/features,6944,ae40259911132077ce85e8f2da580c5d,1
/path/to/PANDA/features,6945,ae4ad154b75bebccec42417cb00bb08a,2
/path/to/PANDA/features,6946,ae4eece1cdf581598449b32f7747f3a6,0
/path/to/PANDA/features,6947,ae4ef1321633aabc6147ea801df9aeae,1
/path/to/PANDA/features,6948,ae57810f8bfc53392b2001d9cc684cde,1
/path/to/PANDA/features,6949,ae607241f09b3b41864703c488ccd111,5
/path/to/PANDA/features,6950,ae63763dc4f4fad673ec942dfe1c0ea9,3
/path/to/PANDA/features,6951,ae6f1a04d5c4fc301a8084cb2c888166,3
/path/to/PANDA/features,6952,ae70836082d20c61d8dd1f1600674698,0
/path/to/PANDA/features,6953,ae735fba71d07070521f014ddfaa6bc4,0
/path/to/PANDA/features,6954,ae73856854dae06ef0423afdc995e9c8,4
/path/to/PANDA/features,6955,ae7dd6b6b0749f3b9b3001629b9db512,3
/path/to/PANDA/features,6956,ae7ea9f050c9e839359a6ec640efe607,0
/path/to/PANDA/features,6957,ae8098ce32f49e4b96dda2dd5e02db2c,4
/path/to/PANDA/features,6958,ae83188e4dc8d72324d0c897d57f67d2,0
/path/to/PANDA/features,6959,ae8e97b303db472c11259508d07274d4,5
/path/to/PANDA/features,6960,ae8eb40dd6bdc9fbd6bb30d0e18828a6,2
/path/to/PANDA/features,6961,ae8f2e2b28764a604d1acc4bd7c8feb7,0
/path/to/PANDA/features,6962,ae8ff3a9e9fae5e29e97ca86856253f7,2
/path/to/PANDA/features,6963,ae91c33b37bf459a7e10f36209548637,4
/path/to/PANDA/features,6964,ae9c53b32653368de19c3433eb91b6d9,0
/path/to/PANDA/features,6965,aea0dc89fbdd0bbca975eb440b55d3c1,1
/path/to/PANDA/features,6966,aeaa36ea58cad0b8121e59321ef1d41e,0
/path/to/PANDA/features,6967,aeae0b9b833e7ee491d1e486bb7bbcf2,0
/path/to/PANDA/features,6968,aebc87eb11cb791694a9dedb44eda10b,4
/path/to/PANDA/features,6969,aebe292567e0f8447fdc94994189a80a,0
/path/to/PANDA/features,6970,aec8c9de53039867c46c17647b800778,0
/path/to/PANDA/features,6971,aecdd7b090b17375f15981e7313e11d0,1
/path/to/PANDA/features,6972,aecf833bf307570b6dd2b3f8d104e9c6,4
/path/to/PANDA/features,6973,aed7330d040f019f279d673133cbfe53,5
/path/to/PANDA/features,6974,aeec9f0bc83c16e7128b26e41a4d7ff4,4
/path/to/PANDA/features,6975,aef2f50710677c1204538d88d3475e63,1
/path/to/PANDA/features,6976,aef725315551b4ac4e392c6a642bf9a9,0
/path/to/PANDA/features,6977,aef75d4c390d838aabe56e2d601b6a13,0
/path/to/PANDA/features,6978,af0ec460089bee815183685c869f8631,4
/path/to/PANDA/features,6979,af1092d14c91de3eddbcb650f631c501,5
/path/to/PANDA/features,6980,af13aae2257702c758b4a1a8d59d278b,0
/path/to/PANDA/features,6981,af1411aecef861c7f39555f2a8b0e0d3,3
/path/to/PANDA/features,6982,af19419c91142ecb32673de460b8d556,4
/path/to/PANDA/features,6983,af2abfe213d2236fbd6e51029a899eb0,1
/path/to/PANDA/features,6984,af2e93677f85a4ff065cfd55c279793d,4
/path/to/PANDA/features,6985,af34155bb150ec04e0a358815337876c,5
/path/to/PANDA/features,6986,af3c2515b4914a1dfb754d0442970144,0
/path/to/PANDA/features,6987,af3d444497d045a442cfe01a4269f47e,1
/path/to/PANDA/features,6988,af3e715af952b5325f9f06e703ca40ad,1
/path/to/PANDA/features,6989,af41a64b57d2f3244cab6f912383a6c1,0
/path/to/PANDA/features,6990,af48aa2477b1f92d2b98a6eb6993873f,1
/path/to/PANDA/features,6991,af4e9bbfb08853b7b2813331fbe5b877,1
/path/to/PANDA/features,6992,af5341277e4627293fb84ff9777ce792,2
/path/to/PANDA/features,6993,af53d055ff57061cd8553dfd8d0ee12e,0
/path/to/PANDA/features,6994,af6cadce7e6b5850580eda992822d871,2
/path/to/PANDA/features,6995,af6fbe10ab6b3bb50812e4c44b54438f,1
/path/to/PANDA/features,6996,af71c423997e01b837567d16bcced649,5
/path/to/PANDA/features,6997,af7892dff8ad215ab59cbdb11cecbdf6,1
/path/to/PANDA/features,6998,af79e4772667773474dea5134a7d006d,1
/path/to/PANDA/features,6999,af931670d9111cee444281fd1b8d1dec,0
/path/to/PANDA/features,7000,af964131a5f92d123d0fb1061e7aa24a,1
/path/to/PANDA/features,7001,af9753059221d85c645e3e0707ba3afe,0
/path/to/PANDA/features,7002,af994df40907edf1c3aefb45df954add,0
/path/to/PANDA/features,7003,af9a7c64f3218dcb1ed01cc10d3f7e50,1
/path/to/PANDA/features,7004,af9e760beede5c77eddec0aaf70fe197,1
/path/to/PANDA/features,7005,afa5ed8df00c981e8e4db6ba7799472c,1
/path/to/PANDA/features,7006,afa70cee560c0b557c12a0cf0ca7611f,4
/path/to/PANDA/features,7007,afa9966f243d37df8f8cb04683163c89,0
/path/to/PANDA/features,7008,afaa3f61f49c3e47bbfa02f3d657994f,5
/path/to/PANDA/features,7009,afb5a82a77f4ed7735a8972e1a85f4d4,0
/path/to/PANDA/features,7010,afb786dcd4f4e52d53fa777db9708d02,3
/path/to/PANDA/features,7011,afba29a2f7c57d2f2f1f0806f14001ba,1
/path/to/PANDA/features,7012,afbd2c0c897b2a9cb459c5a598cfdd9c,5
/path/to/PANDA/features,7013,afc06705359dffc9ef87a66939bf7c04,1
/path/to/PANDA/features,7014,afc64d05b77db622ebdfffa969315d3e,0
/path/to/PANDA/features,7015,afc78daa6ddc6402ae6ecbdba39f427d,2
/path/to/PANDA/features,7016,afcc959577d3801b2e2ae0762347f1d1,4
/path/to/PANDA/features,7017,afd44b28311688efd18669bd0d463ccd,5
/path/to/PANDA/features,7018,afd477abb13dea3e8d517efcb19233c2,0
/path/to/PANDA/features,7019,afe59339b8fe3ed8a390ccdf9030f6b1,2
/path/to/PANDA/features,7020,afe7eb15c8438861ca43f2b20dccf260,0
/path/to/PANDA/features,7021,afeae451e576086d10c45a41545f7212,0
/path/to/PANDA/features,7022,afeba5186c7d74ca11169ccc018553d9,1
/path/to/PANDA/features,7023,aff0ff7d9ea2579b314c0f0ac87a9772,1
/path/to/PANDA/features,7024,aff9deb3016a3ba5db5a5edb22ecc982,1
/path/to/PANDA/features,7025,b0046f3ccf1c8d0535e0925a4dbc7232,5
/path/to/PANDA/features,7026,b00dac3a80f778f595eef444b51a1e07,2
/path/to/PANDA/features,7027,b0125c3b9ddc46c75cef969b6a2b8854,1
/path/to/PANDA/features,7028,b019b05800ed1a625e6bccb4a12dc6a6,0
/path/to/PANDA/features,7029,b01f92809dbfa747dc4d1881f400d99b,3
/path/to/PANDA/features,7030,b02d2e1a8b84a4e0786a8fbd2775d767,5
/path/to/PANDA/features,7031,b0327dd5245060b4f79ab8a05e114b20,0
/path/to/PANDA/features,7032,b03acf15d51eac8437639fc77ea84b9f,4
/path/to/PANDA/features,7033,b0404032716fda7bf95526f298822900,0
/path/to/PANDA/features,7034,b04286f0122e84d441129b1cbc2fa809,0
/path/to/PANDA/features,7035,b04fde49acc617ccfc5e966c0a6bd71a,2
/path/to/PANDA/features,7036,b05c51e24ef86dce1bdce969ed27be9c,2
/path/to/PANDA/features,7037,b0602c9c2ffe204f7c0ab9b3386dd35d,3
/path/to/PANDA/features,7038,b06049ce3ec82f00aebdc4e368edc90f,1
/path/to/PANDA/features,7039,b0654fe0bbf7b60f93eeea050b99f553,1
/path/to/PANDA/features,7040,b0664a3b144f7f75e5620930a0a1a0bc,5
/path/to/PANDA/features,7041,b06a67b1cfc4b815fbe169d323633c3e,4
/path/to/PANDA/features,7042,b06b4755a9bbdb1e304f98a5d71e3c29,1
/path/to/PANDA/features,7043,b06e7d1627d5ec60135b82b4c0663898,5
/path/to/PANDA/features,7044,b07c8235c0ffccec16ec7caa70c1d4a9,5
/path/to/PANDA/features,7045,b083e93e44742431259b7bf6f4df2000,0
/path/to/PANDA/features,7046,b084fef2354fe904f2279fa7d376855b,1
/path/to/PANDA/features,7047,b091f8134325f137e62fa225e00435af,0
/path/to/PANDA/features,7048,b09440c2ca3386ff43f8ab0345a566a0,1
/path/to/PANDA/features,7049,b0977afdffe62b39dc66b4c2313563d3,0
/path/to/PANDA/features,7050,b09983414eb11c9fb676f29db50f32e2,1
/path/to/PANDA/features,7051,b09d495590251a1a6abab4b781265a1d,0
/path/to/PANDA/features,7052,b0a045082cbd53a7746de08b976e3dcb,0
/path/to/PANDA/features,7053,b0a13d9ac8f8200e12ae492f8155ef4e,3
/path/to/PANDA/features,7054,b0a7fcdfce03265799135eb10f249de7,0
/path/to/PANDA/features,7055,b0a92a74cb53899311acc30b7405e101,2
/path/to/PANDA/features,7056,b0ab4a0b140dced554f47ecae7a62859,0
/path/to/PANDA/features,7057,b0aca7fed1a87d29f3be153d3b8c49f5,4
/path/to/PANDA/features,7058,b0b0bb292409f1613351c5a4c2f6a25a,4
/path/to/PANDA/features,7059,b0b38a63ab55065b25c3f5b839c8a72e,2
/path/to/PANDA/features,7060,b0b70caf02e06f4afbffe16737242d81,1
/path/to/PANDA/features,7061,b0b8b9f98e54aefbf88c4fca02fde51b,1
/path/to/PANDA/features,7062,b0ba9ace7fe4fb08dd1538d83425ec94,0
/path/to/PANDA/features,7063,b0c0c27f31e61e4baac76e71dd29287e,4
/path/to/PANDA/features,7064,b0cc06f43c78e42ea4023817397eab7d,0
/path/to/PANDA/features,7065,b0d088f4fea23e7b17ef4c042f791727,0
/path/to/PANDA/features,7066,b0d5c1e2c6bc18f2736f06feecccafb4,1
/path/to/PANDA/features,7067,b0d8837a448cda944694a01d825bdab8,2
/path/to/PANDA/features,7068,b0db6c7062db390ce41581728f2ef122,5
/path/to/PANDA/features,7069,b0dbeb3aff56ca3b5e279b11d01b7064,1
/path/to/PANDA/features,7070,b0dc9662008d3c1d40f3b30d82a6ffe0,1
/path/to/PANDA/features,7071,b0de7c7d835587ccfe43edd3eb647817,1
/path/to/PANDA/features,7072,b0e4ac380ceb1b245dd4fe6052913919,3
/path/to/PANDA/features,7073,b0ee38976e71dfbfba705974713ee612,3
/path/to/PANDA/features,7074,b0f2cb16755d46186dbcd813ce76ea05,0
/path/to/PANDA/features,7075,b0fd3778526aec216e7db68d267c0897,5
/path/to/PANDA/features,7076,b10037ea8ac8060ce3906a9812f32fff,1
/path/to/PANDA/features,7077,b10a80d1424221e390b99e5c7a9e6bf0,0
/path/to/PANDA/features,7078,b10aafff8d0a4c426090fc772b6075f0,4
/path/to/PANDA/features,7079,b11087a73392df3c8b07abea19b5c3cb,1
/path/to/PANDA/features,7080,b1114c073fca61e3458f31b3c3a5b155,0
/path/to/PANDA/features,7081,b119f1fd77a7da8feb9fb211e894fdb9,4
/path/to/PANDA/features,7082,b13078f2ae0a4dd072a3509ab1b1a0f0,0
/path/to/PANDA/features,7083,b131ecef8477a09fa31aa0cf372c934e,5
/path/to/PANDA/features,7084,b133f9748d2e61bbd5bd7b55b60157fe,4
/path/to/PANDA/features,7085,b13961504ea859ff34a150bc19fed335,4
/path/to/PANDA/features,7086,b13c24842ac86c448a3c9b846a1e13d2,2
/path/to/PANDA/features,7087,b13de5e3add05a187e393d0eef314891,3
/path/to/PANDA/features,7088,b1403f9f47c9544b0ee85dc0f319bc90,1
/path/to/PANDA/features,7089,b14a7f66d2c7fccac708bd5540448658,0
/path/to/PANDA/features,7090,b14c47385cf8f325e15a9260490c2bb6,3
/path/to/PANDA/features,7091,b1592124fa872ab5ad10d0d5dbf80a30,0
/path/to/PANDA/features,7092,b162d746859235b3c48c02bdd503b8e1,1
/path/to/PANDA/features,7093,b168c7aff6ddf56a19625abf2803744c,4
/path/to/PANDA/features,7094,b16d6bd187daeab37bd5e6ba9c5ec1ba,0
/path/to/PANDA/features,7095,b178a5e3b3e668381bc66e3dac6fa94e,0
/path/to/PANDA/features,7096,b17e49275305849c5820c0e2976c245a,4
/path/to/PANDA/features,7097,b18d48f225df58944721b5b7ed123313,4
/path/to/PANDA/features,7098,b19b678ac181c02332d1ba7acb6ba436,3
/path/to/PANDA/features,7099,b1b0e643bd13df0d2bfc1b051e2bd0fd,4
/path/to/PANDA/features,7100,b1bbde48882fdba88cdb5b73c4246d8a,2
/path/to/PANDA/features,7101,b1c86b81cf8904d2e951f6123c49ae42,0
/path/to/PANDA/features,7102,b1c8b92e790c28010a3f0678db6638fc,5
/path/to/PANDA/features,7103,b1ce56fd6c860e726c622c3f6b7de421,1
/path/to/PANDA/features,7104,b1ecc44ba2bffeba5ad09c2a339f40fa,0
/path/to/PANDA/features,7105,b1f57416afc064e5b995a56d90a45992,1
/path/to/PANDA/features,7106,b1f6f5539ae4fdb9b931788dda704712,3
/path/to/PANDA/features,7107,b1fbe9701b14bf285318abcbf002d5ea,4
/path/to/PANDA/features,7108,b1fc28c48cb6e83e5015074c3b61ae65,3
/path/to/PANDA/features,7109,b202b3ae4299e8b1264e3298e9022e88,1
/path/to/PANDA/features,7110,b208b788a4b144436ca1ac84d99f4d7f,1
/path/to/PANDA/features,7111,b20b5b841b6f7c1726599e067de01bae,2
/path/to/PANDA/features,7112,b20cf1d40c0f9925fcc8a04baaae451b,1
/path/to/PANDA/features,7113,b2132ea045444b2693693ff67cf6bc3a,4
/path/to/PANDA/features,7114,b22a805186b5c95212db780854e5d2fe,4
/path/to/PANDA/features,7115,b22d5b8aa66214eed40ec49516bcf442,2
/path/to/PANDA/features,7116,b23fa1eb9b60a23d45c43df4c20e180e,2
/path/to/PANDA/features,7117,b2443b53c6ecff257bce39ea43e355b5,1
/path/to/PANDA/features,7118,b245cf055b22a9d837cc4f5c97b63a8c,5
/path/to/PANDA/features,7119,b24c9a61f01ad6ce5006ce9d06d1666f,1
/path/to/PANDA/features,7120,b24d10450d164e8d0ec568628e8c95d6,1
/path/to/PANDA/features,7121,b2545fbd121c537ccb04c90cef91631c,2
/path/to/PANDA/features,7122,b2580e9975eb5b277605072db2785d65,2
/path/to/PANDA/features,7123,b25d89f0b0cfe730c74db9e616b95522,4
/path/to/PANDA/features,7124,b25e5ec86bdfecb9335f0e683acfda87,0
/path/to/PANDA/features,7125,b25f6e37fd35d5d8f7e2e7726ada2368,1
/path/to/PANDA/features,7126,b263e89dbfd95e61cc803eabc460d4f6,5
/path/to/PANDA/features,7127,b265d93d05d4e53741646f108598a055,4
/path/to/PANDA/features,7128,b267fa5f2c3b44774f06581ac05996b7,1
/path/to/PANDA/features,7129,b269b43565372f474745f4d71dc2a5c3,1
/path/to/PANDA/features,7130,b26c7e60945844e696bc7a01dcf51225,2
/path/to/PANDA/features,7131,b270f117baefdd746d465fc108dec021,4
/path/to/PANDA/features,7132,b272895e4dc95112031833596f94621a,1
/path/to/PANDA/features,7133,b276c39d60d16cdcca065940ed55eeb8,2
/path/to/PANDA/features,7134,b283f2cca8b919e83f7cba1bcbfbbefb,1
/path/to/PANDA/features,7135,b289df6139ddbf04d953c2c01ec60405,1
/path/to/PANDA/features,7136,b28cbb288d6f8bb2f45895287a621f43,3
/path/to/PANDA/features,7137,b28d4d6124a0ac2910a1629df758cc37,4
/path/to/PANDA/features,7138,b29e5425308f0f10cded9bb6c75b6049,4
/path/to/PANDA/features,7139,b2a95b7179df7147ff66d41f1b8ed8da,0
/path/to/PANDA/features,7140,b2ada20a8d9c8430f1fed224cd0aa33f,2
/path/to/PANDA/features,7141,b2ade8c8cf0f8da5d999e116da8cf41c,3
/path/to/PANDA/features,7142,b2af2b481ff84df45b02df098e9a8e46,3
/path/to/PANDA/features,7143,b2b496615dbf9fb305bbc7ad5ac399c5,5
/path/to/PANDA/features,7144,b2b7e5ce81c5b70949de31185ee8a126,3
/path/to/PANDA/features,7145,b2d4e1936bbd844314468799f1f35443,0
/path/to/PANDA/features,7146,b2d61acebf2a6299968db04c0e43986b,1
/path/to/PANDA/features,7147,b2dca2c953d270bc78478df8cf5ddb62,5
/path/to/PANDA/features,7148,b2de71e7e1619aa395f55e9859849f2f,1
/path/to/PANDA/features,7149,b2e452fe7fc20523a2a54b2d2db5c9ab,1
/path/to/PANDA/features,7150,b2e49a8c3c4609119bb4673cf74cb7bc,0
/path/to/PANDA/features,7151,b2ec8fdee7d0a3e52b42394c544781a6,0
/path/to/PANDA/features,7152,b2ed25818b60032cf273066b9ae43c0d,5
/path/to/PANDA/features,7153,b2fae9c1a4c6991d1d01c1fb6df00476,2
/path/to/PANDA/features,7154,b301e47847f6a20f8cd53852763edc45,1
/path/to/PANDA/features,7155,b30b0cebda476de77bec3bff2374cf68,0
/path/to/PANDA/features,7156,b30b101c780f77ea4259357bc22ff1a8,3
/path/to/PANDA/features,7157,b31d1678d2148a94702ffa5bd6ac3aba,1
/path/to/PANDA/features,7158,b31da8462061d770024e293ca92e0086,1
/path/to/PANDA/features,7159,b32c022c602405cbdd8c23ab0a4773d6,5
/path/to/PANDA/features,7160,b339154c789a5103d16f3cde70f20fb9,2
/path/to/PANDA/features,7161,b339e44aaf55e0e76d307ffb21ad5eac,1
/path/to/PANDA/features,7162,b34133fbf7919da47bb893aa2fb1db3f,0
/path/to/PANDA/features,7163,b3438f39bb7db17a8c77e5520613de21,2
/path/to/PANDA/features,7164,b3469d2d96c5bb08f7bd3464ed5afa1b,1
/path/to/PANDA/features,7165,b34bb028fb67f7de0aa9c270d7da56f2,0
/path/to/PANDA/features,7166,b353c4f536a4a45c93cd2908138662e4,2
/path/to/PANDA/features,7167,b3585cffcf0fec3efdc8934b4f44e681,0
/path/to/PANDA/features,7168,b35a329a109e2b210463e639c8141f39,2
/path/to/PANDA/features,7169,b35fb32a848595f93b1d4b0700b90478,5
/path/to/PANDA/features,7170,b35fe0cb1edc0b16f24480fe83e8b987,3
/path/to/PANDA/features,7171,b363351dfb3083c273593c99c25f92bb,1
/path/to/PANDA/features,7172,b368187a74f04f31a73030862c85e1b6,5
/path/to/PANDA/features,7173,b36b56a7df47298eb36c6def50c76ca1,1
/path/to/PANDA/features,7174,b3700db879579fef7adf134941382daf,1
/path/to/PANDA/features,7175,b376949adfafff2fd24c30c4cd27dd58,5
/path/to/PANDA/features,7176,b376a3dc044849448f2fa1665243a840,4
/path/to/PANDA/features,7177,b3852036b9bab5f90891f5f18617b559,5
/path/to/PANDA/features,7178,b3853701d3e05b29f0e2c2bc0f85bd21,0
/path/to/PANDA/features,7179,b38e72d2908a5d20eff762250c94834d,2
/path/to/PANDA/features,7180,b39123cbe4ae05cded37a1b02f815eb2,1
/path/to/PANDA/features,7181,b393b5fdb1c3810f70c422cca50ff720,0
/path/to/PANDA/features,7182,b397d31c9da559dd38853965191ba26f,1
/path/to/PANDA/features,7183,b398c381f4263375bfba1da2649a1eaa,2
/path/to/PANDA/features,7184,b399c54dd9f6ee4add1b4a21dbdbf6f6,2
/path/to/PANDA/features,7185,b39e17375ec90340ba1c191716858c65,0
/path/to/PANDA/features,7186,b3a2dc7547bc580c6f3923c61db42051,4
/path/to/PANDA/features,7187,b3b6e6cf4fcbf6e6b9812f6b1097d7b8,0
/path/to/PANDA/features,7188,b3bd3ff9e2f3a2d68aa60f937787726c,0
/path/to/PANDA/features,7189,b3c0102531dc15c340cec074c10bcf83,0
/path/to/PANDA/features,7190,b3c3c28fdfab12058aab2e7f8a37896a,1
/path/to/PANDA/features,7191,b3c456ccff7efb1395391f6aef8d3c08,0
/path/to/PANDA/features,7192,b3c60fbbe0aaf63d8ca7ffd939643934,3
/path/to/PANDA/features,7193,b3c9178d328c9a8362be6b7a55614287,2
/path/to/PANDA/features,7194,b3ce3505c5d58e3d94da9c662a2f04cd,2
/path/to/PANDA/features,7195,b3d0e115d7b9381d5b40960ce9702b4f,1
/path/to/PANDA/features,7196,b3d92ec401c16ac2a042b6207bb9c2d1,1
/path/to/PANDA/features,7197,b3d9908da3de040885c2523ba4623a2b,0
/path/to/PANDA/features,7198,b3f67c6246aa75e880059d457528c423,0
/path/to/PANDA/features,7199,b3f95c218c30f8837966918de5568f00,0
/path/to/PANDA/features,7200,b3fab1c957575c820ee26948914a421b,0
/path/to/PANDA/features,7201,b400faab1b977e101b1af975fb5b90cb,0
/path/to/PANDA/features,7202,b405bee054a43274351de90a08d9ea77,0
/path/to/PANDA/features,7203,b405faaaaf67c571d5d64206eb162878,5
/path/to/PANDA/features,7204,b407c116cbdddadfd6c2ffa2fd88fdef,0
/path/to/PANDA/features,7205,b41b3c6ef6d6f620708f59026be02f94,2
/path/to/PANDA/features,7206,b41f0b32a816a16c397a07996a997306,3
/path/to/PANDA/features,7207,b4265cba12f772b5bb29989f775f8906,4
/path/to/PANDA/features,7208,b428c7ddb14ad3f3ca9db0d3c01e8c04,1
/path/to/PANDA/features,7209,b4320e9769062a33fd948fa2593b1417,4
/path/to/PANDA/features,7210,b4375e422395f7dfdaa2619d18929446,3
/path/to/PANDA/features,7211,b43f3b343ae4fcfc5288400122c2f627,0
/path/to/PANDA/features,7212,b440e34f6b1bc9abd0844a7ed19a6b45,0
/path/to/PANDA/features,7213,b44f0f61b3e77a2230c0774a20f8a9df,1
/path/to/PANDA/features,7214,b44f323b60014eb06669f55be99bea78,1
/path/to/PANDA/features,7215,b4543b24750d5bec27fb4918d0a4d543,1
/path/to/PANDA/features,7216,b460d9967f78062cb285d1bf3bb62d6d,2
/path/to/PANDA/features,7217,b463add08c217ce6678245a9873e38fe,5
/path/to/PANDA/features,7218,b464d85e4e09357df39fe623cb28fd5d,3
/path/to/PANDA/features,7219,b469e5dc0fe1674e4251027393658f1e,0
/path/to/PANDA/features,7220,b46c4edcff56e7b988cf391e4e5091c3,2
/path/to/PANDA/features,7221,b470c2276d978f63d5b1c8a5a9446212,2
/path/to/PANDA/features,7222,b4714bdc3d893bc158efe750a60d6de6,0
/path/to/PANDA/features,7223,b4792bfb6689086e7ca4541a25d35b95,1
/path/to/PANDA/features,7224,b4806746e850d3bdeee7b7491c93dc44,2
/path/to/PANDA/features,7225,b481b56617ce096435cb591adc6dd0b9,4
/path/to/PANDA/features,7226,b48211c0c0fba52fcc8d919d03ed005b,5
/path/to/PANDA/features,7227,b48da7b81527cb6b406f2187043d9626,5
/path/to/PANDA/features,7228,b498ef879c259999363dafe50f2b7acc,5
/path/to/PANDA/features,7229,b49cf4744ad7bde55eb848c822b457fd,1
/path/to/PANDA/features,7230,b49d1003ec0150bba48386cb761c7975,1
/path/to/PANDA/features,7231,b49d54b4f7e73808440c36fa240614c0,0
/path/to/PANDA/features,7232,b4a11816441242128acc772adf40d612,4
/path/to/PANDA/features,7233,b4bebe718759817d5cf440821cf435d7,2
/path/to/PANDA/features,7234,b4c996e7f07d1193217664a4fbbfa704,0
/path/to/PANDA/features,7235,b4d09aa7fc622111ab0071f79989f8ff,1
/path/to/PANDA/features,7236,b4d35decb5af45d088f7165fbb664612,0
/path/to/PANDA/features,7237,b4d3c41aba928969a95504bcd3f39c3b,1
/path/to/PANDA/features,7238,b4dcc90c5b65b6ef89769de80ad1c2a2,1
/path/to/PANDA/features,7239,b4e08e6d553dc328d3cb6da3f33b9455,0
/path/to/PANDA/features,7240,b4e0fb2f9fef51df23589ef04c578b83,4
/path/to/PANDA/features,7241,b4e5cfe0f1616168c2a4524202c85327,2
/path/to/PANDA/features,7242,b4e8ce3fdf69e46eac26d7282e2af0c0,5
/path/to/PANDA/features,7243,b4e8ce5eaf3f05ef63de22271519421e,0
/path/to/PANDA/features,7244,b4ea5ca894812aa2b51b8b17efe9da3f,1
/path/to/PANDA/features,7245,b4ec9258133fcb21d9c99fc2ae9d134e,0
/path/to/PANDA/features,7246,b4f0d7902a6f054dd1236f880fe1b872,2
/path/to/PANDA/features,7247,b4f14cae24e001bad06e5a7e42f1002b,4
/path/to/PANDA/features,7248,b4f1662ba816a0be3f106e2957e6c574,1
/path/to/PANDA/features,7249,b4f3528c1ab8e7ae2faac094cdbe06c3,3
/path/to/PANDA/features,7250,b502324488d82fb0e428d5bc4e0cd36b,4
/path/to/PANDA/features,7251,b521d20219d57de33e48f6ccda6a24c8,0
/path/to/PANDA/features,7252,b523a95fa8bf654626cf2a964f172b82,1
/path/to/PANDA/features,7253,b526ea7d50eead8c02fb3a4054fe34e5,4
/path/to/PANDA/features,7254,b5297d30a038e4e6fa6bdb76a29a1582,1
/path/to/PANDA/features,7255,b529ecb39eebc7e677343bf0729195fa,0
/path/to/PANDA/features,7256,b52d812cfb6a377a5adf6c7ffbbf2e22,0
/path/to/PANDA/features,7257,b5343f9567df8a68c3276f8d8cdcc6a5,4
/path/to/PANDA/features,7258,b535981ef6a43250eea3c75e8b205751,2
/path/to/PANDA/features,7259,b53c1a43644615b8e537cd4ea34d12e4,1
/path/to/PANDA/features,7260,b53d446fbf97184b24acd35dc7f34429,3
/path/to/PANDA/features,7261,b53d843700d9665439ec8791e4024d70,1
/path/to/PANDA/features,7262,b53db1580f4195765d45ddd7c4907e2a,3
/path/to/PANDA/features,7263,b55955e9f9f6ff4787f5b78c18ae58db,2
/path/to/PANDA/features,7264,b55cae845662dfb081970488f46909fb,2
/path/to/PANDA/features,7265,b55ebab767215763af3351cde52fc402,3
/path/to/PANDA/features,7266,b5690097b91784e3b0d4487765d5978a,1
/path/to/PANDA/features,7267,b56b08ed50b28ecd0762e79512d11516,5
/path/to/PANDA/features,7268,b570fa2d524453edf2a5e5745be06f6d,3
/path/to/PANDA/features,7269,b574135984313cd2c096ecbe6daec632,3
/path/to/PANDA/features,7270,b578ce675d9949d4d8b361150617024b,2
/path/to/PANDA/features,7271,b57e87397f4281b1d3a918c7bd2c9e3a,3
/path/to/PANDA/features,7272,b585478a061c648ffb68be5024574b89,4
/path/to/PANDA/features,7273,b58d4168888e852385cc411b9bf9b783,4
/path/to/PANDA/features,7274,b5925cdedf4c9c40b4249a39bfbbe35a,4
/path/to/PANDA/features,7275,b5981366ea2c3b0ea604092c3ba670ab,4
/path/to/PANDA/features,7276,b5a7d649e169bf6e9c7dbbcab7354c8a,1
/path/to/PANDA/features,7277,b5ad6c0446b987d1f33df121e2512331,3
/path/to/PANDA/features,7278,b5af75ebc10b07f27f4d4c50e9f1cc2e,0
/path/to/PANDA/features,7279,b5bf177959a032299f8cde134ff99b4e,1
/path/to/PANDA/features,7280,b5d27a874ddb2c49f7a77e70b97e0021,5
/path/to/PANDA/features,7281,b5d4713427dfe4ec5f0315f0724d69ea,0
/path/to/PANDA/features,7282,b5d4da1947f90cec2bd9ce37a5f4d43c,4
/path/to/PANDA/features,7283,b5db121ca6ba4d979a6bef814d5fdb17,3
/path/to/PANDA/features,7284,b5dfac1df6b023764367fc8f23de24f6,1
/path/to/PANDA/features,7285,b5f2a078a28c53e5271044868a80a74f,1
/path/to/PANDA/features,7286,b5fb7cc092dd1e0eefe0ff7d11b9e139,5
/path/to/PANDA/features,7287,b600f26e7bc2daf1917e4078496d37ac,2
/path/to/PANDA/features,7288,b604630290e6316c1cbc586733ed08c1,0
/path/to/PANDA/features,7289,b6084b84b97f67f4bd6adbf1fb74f2d2,3
/path/to/PANDA/features,7290,b60e1ed2d6077edc44a270f349ddc1c1,1
/path/to/PANDA/features,7291,b610eb6e68c21ac91a0ffd1005035715,0
/path/to/PANDA/features,7292,b616fe31986a6609e8efdb30885abb5e,1
/path/to/PANDA/features,7293,b61a1c350af793cba5f2e936ed314627,1
/path/to/PANDA/features,7294,b625717ff0c0764edc883bc360e30d30,1
/path/to/PANDA/features,7295,b62c2d30390e698b52e3349c512a80c9,2
/path/to/PANDA/features,7296,b63cb3edc68d3cb04a7b192198db420d,5
/path/to/PANDA/features,7297,b63cd7e9557adcd7ad081fd8bd069539,3
/path/to/PANDA/features,7298,b640ae62431d5a81eff0992bc612c9e6,0
/path/to/PANDA/features,7299,b641f33ff342b590cf61baeea481716a,0
/path/to/PANDA/features,7300,b643e2b264348f36e8dfff03d78d193f,0
/path/to/PANDA/features,7301,b648dd9ceb6d90df1768261a382ec687,3
/path/to/PANDA/features,7302,b64b0fc3bbfde95fb265773a61962813,1
/path/to/PANDA/features,7303,b65129204d2b429ad4612276e2d2dd84,0
/path/to/PANDA/features,7304,b65538bb9960f77e666ad4a6dcb6a77e,1
/path/to/PANDA/features,7305,b6629fd3b3db7a394296fa51a657c3cb,0
/path/to/PANDA/features,7306,b667f22fcffe74c3c719b11c6d53cdb8,0
/path/to/PANDA/features,7307,b669e716e27806335a1b9b2082f95bd6,2
/path/to/PANDA/features,7308,b66a0fbe0258c696b784cb1425be4720,1
/path/to/PANDA/features,7309,b66da14818c806a8913a205fab8c6037,5
/path/to/PANDA/features,7310,b673c0657c283f76f9020350bba98614,1
/path/to/PANDA/features,7311,b6755c19d24b7d3f8e0074c3ba9d32ba,2
/path/to/PANDA/features,7312,b677231c72557e88e600d142bd41649a,5
/path/to/PANDA/features,7313,b67a1f72157cbe1386b5b159d3128173,1
/path/to/PANDA/features,7314,b6808a211b62298e06b0ac7f30f29882,1
/path/to/PANDA/features,7315,b68551866ec91a3417b5c51a82f807bb,5
/path/to/PANDA/features,7316,b69f37414ea0d604250324f8bd0e10ec,2
/path/to/PANDA/features,7317,b6b7accb239bacc0e3a8455acf3833fd,0
/path/to/PANDA/features,7318,b6bd9248ed2b894808d5a922f8c32d9f,0
/path/to/PANDA/features,7319,b6c5a96d088a39ffb721401c6aa341c4,2
/path/to/PANDA/features,7320,b6ca31583bd0acc777d60f88750c3db6,0
/path/to/PANDA/features,7321,b6caae06b4beb99c7c855370f080e19d,2
/path/to/PANDA/features,7322,b6ce8703574fbdc8bfd6a1df391ce1fe,1
/path/to/PANDA/features,7323,b6cfaa5506591d265e3a6202b4b30310,0
/path/to/PANDA/features,7324,b6cffe7fcd24b70b911495e4120e6d84,4
/path/to/PANDA/features,7325,b6d692b8d90c1bd9273bc36690796a8e,5
/path/to/PANDA/features,7326,b6d811787ee589d5c13dfd8f3aa893f4,0
/path/to/PANDA/features,7327,b6dbb1d1ef20d9d91326e8d9c9493c31,4
/path/to/PANDA/features,7328,b6ded09044a0e4415d7c2424f3597e3e,0
/path/to/PANDA/features,7329,b6f1c3c748055235a8130ee71f4d3efa,0
/path/to/PANDA/features,7330,b6f5bd8eaf13e4fad8dc583faea86484,3
/path/to/PANDA/features,7331,b6f6624565452fa6d2ca4edb00db4204,1
/path/to/PANDA/features,7332,b6f90e7ab21daafd78c0c8f8d6370afa,4
/path/to/PANDA/features,7333,b6ffa4ba8ddd566efa0014ba603428b4,0
/path/to/PANDA/features,7334,b70651a991d293e0fa741ebb1754e15e,3
/path/to/PANDA/features,7335,b7131510648c471e74823eced92cf622,2
/path/to/PANDA/features,7336,b722cd84457f0bccaefc5a6834245b9e,4
/path/to/PANDA/features,7337,b7295985832c4130a410a77f37061107,0
/path/to/PANDA/features,7338,b7376a7ff7ba49a02361e8a6db3ec5b0,5
/path/to/PANDA/features,7339,b73b4c7b75abb24dd816641cd3a6f24c,0
/path/to/PANDA/features,7340,b73bbfdac8fa640a792316345615b313,5
/path/to/PANDA/features,7341,b743bbc6f10f0f164b24b5b6ee05def6,2
/path/to/PANDA/features,7342,b74de57b5c614e1a1bbd5475c5fdff3a,0
/path/to/PANDA/features,7343,b74f213d6ea14c190b0f65a953d662dd,3
/path/to/PANDA/features,7344,b7540ad7f233e9c19a6cb083945072fd,0
/path/to/PANDA/features,7345,b75ccb008444e0845df0ee3ee505ca5c,3
/path/to/PANDA/features,7346,b75dff02d2f6c823b0a475ce346be0fb,4
/path/to/PANDA/features,7347,b768b6c84849f2ba435eae0f5be52c76,5
/path/to/PANDA/features,7348,b76e81e3f3d4feae50c826b07a7a919f,3
/path/to/PANDA/features,7349,b770d7a72514c3f30684c4e632580b6e,5
/path/to/PANDA/features,7350,b77a9076b560f05dec87198633e8e00b,3
/path/to/PANDA/features,7351,b77c336bc0171afc713510eec35a584d,1
/path/to/PANDA/features,7352,b788300a50ab73f893b63ce6a9c08f9d,1
/path/to/PANDA/features,7353,b790c95b8efb85a4e600533cf0444937,0
/path/to/PANDA/features,7354,b7932b71e15722e1908ad98af13d50fb,5
/path/to/PANDA/features,7355,b79a6f8a47e79bfc1dabc48c37d54464,4
/path/to/PANDA/features,7356,b7a656a61d26bd78d95c3449cfc1fab8,1
/path/to/PANDA/features,7357,b7a837796e7496728febaaa909b363c2,1
/path/to/PANDA/features,7358,b7a9d9c0b19c2e44097dfd62b5889310,1
/path/to/PANDA/features,7359,b7b307b6ac3d7e91a49b66f43ee939f0,0
/path/to/PANDA/features,7360,b7c1e11deb6156a5a79298b14669b4e1,1
/path/to/PANDA/features,7361,b7dc4f9a9ec64ab4f96f58bcca916d51,1
/path/to/PANDA/features,7362,b7f0f181cd947530a0d7ecb9c35b992f,4
/path/to/PANDA/features,7363,b7f4472c49758c448fc8642fc27045aa,0
/path/to/PANDA/features,7364,b7ffaa89535b4540997ca9782fc30a75,0
/path/to/PANDA/features,7365,b800f38e7f2bb9751e332a03e92d2a1f,0
/path/to/PANDA/features,7366,b801c926e3101268f1b816bd658bcc2f,0
/path/to/PANDA/features,7367,b80e06d0a89a7b417b648fc8056b4442,0
/path/to/PANDA/features,7368,b81f068ea8c90ec259cf9212bbc24c22,3
/path/to/PANDA/features,7369,b828e67db7b84d0d18b5498c8c185874,0
/path/to/PANDA/features,7370,b82d2dc0da3da820bed80131d301c96b,1
/path/to/PANDA/features,7371,b82ed1b48b3493902aa7f60e8fd6e795,0
/path/to/PANDA/features,7372,b8375d0d9e6a0c25de0da5c917e11ad1,2
/path/to/PANDA/features,7373,b84c958d1f314cf598e6c522f6b24994,1
/path/to/PANDA/features,7374,b85c0e9e08d5b97d232f295fffe7f5a9,1
/path/to/PANDA/features,7375,b86bdca8e34a5d265e5df2dcbe0b2969,1
/path/to/PANDA/features,7376,b876742e398387fa76182fb4154faf6c,1
/path/to/PANDA/features,7377,b87d20bcf0c7492853ca6cd000e39666,0
/path/to/PANDA/features,7378,b87f6437fa78d839439ac3052ae57ac2,1
/path/to/PANDA/features,7379,b887c69ecbc724b367ec91bda0b3d34e,2
/path/to/PANDA/features,7380,b88c51aa5a61b5d36c12dd91f7b8fba8,3
/path/to/PANDA/features,7381,b896a5ef96069f889c0e72c59e48b917,4
/path/to/PANDA/features,7382,b8a11abdd784af66130ae30b61a6714b,5
/path/to/PANDA/features,7383,b8a598ecf3d3351a07ef690f0336b8a3,1
/path/to/PANDA/features,7384,b8affdee909004e05802b957c7d6e61c,1
/path/to/PANDA/features,7385,b8b2b97c2b6b1cb436a57dcefca7f78e,0
/path/to/PANDA/features,7386,b8b631f236cb607964c258ceac5eb0bb,4
/path/to/PANDA/features,7387,b8ba92b9bb392f06962e7b205709caea,0
/path/to/PANDA/features,7388,b8bdeed151cda321157d4925e7acb586,2
/path/to/PANDA/features,7389,b8c6eb182fab355d181d222b34ae9dc1,0
/path/to/PANDA/features,7390,b8cd70127a58acedf762d9150f227723,0
/path/to/PANDA/features,7391,b8d39f06d855369018fd52f0f9bb3596,1
/path/to/PANDA/features,7392,b8d566345af6385e5176a774af8d457e,0
/path/to/PANDA/features,7393,b8e52f4258cf7d069e9c5c2698e44e3e,3
/path/to/PANDA/features,7394,b8e6ad3dfea934569a772b61c88202da,4
/path/to/PANDA/features,7395,b8ec9675d05cc0c83f4b1060d5a71cc5,4
/path/to/PANDA/features,7396,b8f511d4afc6bed859861487f76a14d0,1
/path/to/PANDA/features,7397,b8f8ccffefda42fbe46878921e9d1194,1
/path/to/PANDA/features,7398,b9008f036f702db353bf6e77470b1b05,3
/path/to/PANDA/features,7399,b90fb52788bc4fc6be21377c096008c3,4
/path/to/PANDA/features,7400,b912445f14c14f0583f573db5be18d7a,1
/path/to/PANDA/features,7401,b91ce7c3fca8163db4368a79311d3c54,2
/path/to/PANDA/features,7402,b9382651da19808b3bcdcc9a4a8e671d,1
/path/to/PANDA/features,7403,b93fe47e90403bccd91da0fa479dbb2e,1
/path/to/PANDA/features,7404,b9402571270ab62c1e0a690fd33fc9e6,1
/path/to/PANDA/features,7405,b9445f54b56479caf17cc14534d4ff79,5
/path/to/PANDA/features,7406,b94e363b5500bffeb841e2f5ddaad50b,1
/path/to/PANDA/features,7407,b95035c00e6e99f3b4e3cd210700f6ce,4
/path/to/PANDA/features,7408,b9506d7fadfafc425ad9626574e125eb,1
/path/to/PANDA/features,7409,b96a2397a49757f8ceed6c6ec42a2328,1
/path/to/PANDA/features,7410,b96adba102a845d3fd6445ea5d7017bb,4
/path/to/PANDA/features,7411,b96c4bb9689d3e5a6c6fc4e126f9f72f,5
/path/to/PANDA/features,7412,b975fb616a704b596fd49c6ffce543a9,5
/path/to/PANDA/features,7413,b97714e3e07e57a9bfc005fc830a1723,5
/path/to/PANDA/features,7414,b9773037c8d578189e4e0882064c0885,0
/path/to/PANDA/features,7415,b9773cfc818a958e8090ea4d53d0d1ed,0
/path/to/PANDA/features,7416,b9791f986bcc4f84ca2da793e933c5ac,1
/path/to/PANDA/features,7417,b987a21400fdf7668214076d0ba9b34c,2
/path/to/PANDA/features,7418,b98c37f6daa324286df7b426b42cf3d9,0
/path/to/PANDA/features,7419,b993648443f3e9ff352b64202528592b,1
/path/to/PANDA/features,7420,b9944429be6ffac25a0ca12e8f57a595,1
/path/to/PANDA/features,7421,b9967e5cb3505cda331d9ab422127d51,3
/path/to/PANDA/features,7422,b99b4ab3affacc8f1ae7138b1060c80e,0
/path/to/PANDA/features,7423,b9af529d72fbbca473b126588296c1e5,0
/path/to/PANDA/features,7424,b9b23d4160cd6061c6014a5d77dcbfda,2
/path/to/PANDA/features,7425,b9be346a547053539266d97872b5c7ab,4
/path/to/PANDA/features,7426,b9c08ad54a17440c8901a5d5516a53c6,0
/path/to/PANDA/features,7427,b9c3f5c0056eca98e23088ee0d8c526a,1
/path/to/PANDA/features,7428,b9cc03cf0199515ed4af44cad50b93d6,1
/path/to/PANDA/features,7429,b9ceb1379fcb9b80a93aacc77b9829ab,4
/path/to/PANDA/features,7430,b9d20ddf4a37b9853aa63f0208a7d1e2,1
/path/to/PANDA/features,7431,b9d2a95c3c0787c9faa9901d5b86c5a1,3
/path/to/PANDA/features,7432,b9d31c46fe8b9de6955f6fa1eddc41e9,0
/path/to/PANDA/features,7433,b9d7f39fa0980b37d7c53d01934695f3,0
/path/to/PANDA/features,7434,b9ddd69769597b7910120d47e6a93f06,3
/path/to/PANDA/features,7435,b9df338c2d3db201e2bd938ddbd1c913,1
/path/to/PANDA/features,7436,b9e5e4b2c9eed792755f7a3d47340552,2
/path/to/PANDA/features,7437,b9f40a94c801f5b9b958da3e4e270975,5
/path/to/PANDA/features,7438,b9f5c7310c0c300f7a116a6fabfbdebc,4
/path/to/PANDA/features,7439,b9f7b1047221dedd4fec6977eca016ec,4
/path/to/PANDA/features,7440,ba024a373ad51127f076f2e9d946dbce,1
/path/to/PANDA/features,7441,ba0476c61b241addd5a5b83fc6dd0aa4,4
/path/to/PANDA/features,7442,ba07ed13e035af4f49a9d6830685024c,1
/path/to/PANDA/features,7443,ba2a37a47b802c46d8b931247e9d04fc,5
/path/to/PANDA/features,7444,ba37d4ba1abc5cddbff519bd4bd90b15,0
/path/to/PANDA/features,7445,ba390e5e4282174c95e4ccd8eaa52ecd,3
/path/to/PANDA/features,7446,ba3bb9804f760a2f417cb680d4598573,1
/path/to/PANDA/features,7447,ba425e2a625a06fc0bf3964100264a14,0
/path/to/PANDA/features,7448,ba42e3610dee7ac11740da6709ca5161,1
/path/to/PANDA/features,7449,ba4a1e8412d6376304ae051d32184ce6,2
/path/to/PANDA/features,7450,ba4a7100888e96520a047cbd8f889371,2
/path/to/PANDA/features,7451,ba4f6a25420d095d6a28f15f721c4b5d,4
/path/to/PANDA/features,7452,ba5301b5d8d10f16ca7f1f4f8b82f692,1
/path/to/PANDA/features,7453,ba57c9eb0628f28c35722f0ebef5b620,1
/path/to/PANDA/features,7454,ba63dbc59e855af29d4ebab53063d296,5
/path/to/PANDA/features,7455,ba6440ef35c6feeb3ed6c5b20b8f6b50,1
/path/to/PANDA/features,7456,ba688af0eaf8cb53ccca7ee628a4691a,0
/path/to/PANDA/features,7457,ba79259f809a3397afb951e3f604bd90,3
/path/to/PANDA/features,7458,ba7b108db53cff0e6e5f04a51e11bac8,0
/path/to/PANDA/features,7459,ba7eaa33d6aca6ec1ce59e741e922664,1
/path/to/PANDA/features,7460,ba878aad9541312659408b23d590d9fe,0
/path/to/PANDA/features,7461,ba8bc951801ef17040b62f984c291d70,1
/path/to/PANDA/features,7462,ba8d55330e6d36ab991e3bf8e4e489b2,1
/path/to/PANDA/features,7463,ba8e50f3e374a63eae8af2f9d9a7acb0,1
/path/to/PANDA/features,7464,ba90d2787827da36ae89c1512c8d5523,0
/path/to/PANDA/features,7465,ba99968b0499b6e2dca442a101a2259c,2
/path/to/PANDA/features,7466,baa52ab819b61626c7ca027dfca5bf31,1
/path/to/PANDA/features,7467,baa56a2170af3f075668320277692c9f,0
/path/to/PANDA/features,7468,baae023569b99bf917bf03ac536875fc,2
/path/to/PANDA/features,7469,baae8c3655a07ca543a7baa09b29bb52,0
/path/to/PANDA/features,7470,babace06b99077eb1b3f2c5d77418656,2
/path/to/PANDA/features,7471,bac06a64ef7244901302f1681deeb5f0,5
/path/to/PANDA/features,7472,baca36ba2adc137e2bed4a3c9bbed421,1
/path/to/PANDA/features,7473,bacad594d4d9ad882eda3a6738326d52,0
/path/to/PANDA/features,7474,bad219691caef5dabf2c41f8a9f531a9,3
/path/to/PANDA/features,7475,badbaf5d20db12b65b518ca473bfd12e,1
/path/to/PANDA/features,7476,bade12795492d77cea24cac88d383e39,0
/path/to/PANDA/features,7477,bae0ff238ba5e0f675f06a72a383bcd6,4
/path/to/PANDA/features,7478,bae29f6c79dd4b58689b3d7351a1da09,3
/path/to/PANDA/features,7479,bae54bf652188fba59938ca5822b096d,0
/path/to/PANDA/features,7480,baf615ffd44c72e48beebb90dd797b97,4
/path/to/PANDA/features,7481,baf9bcfaaaf14467f766dcad728948da,1
/path/to/PANDA/features,7482,baf9c1de83433004ccb11d2756d7f61e,4
/path/to/PANDA/features,7483,bafd1d2508efae102d22e55633e9891f,1
/path/to/PANDA/features,7484,bafd986d05ece7f6ac85544866c21877,0
/path/to/PANDA/features,7485,bb0b3a11aafb0768b230a8861d870fd4,5
/path/to/PANDA/features,7486,bb0dfd783c80c4485da90113a01ea8ae,4
/path/to/PANDA/features,7487,bb1013d0290e48b37be98f2a834131e8,0
/path/to/PANDA/features,7488,bb11bbc200cb4a84814ddc37a78eeb98,1
/path/to/PANDA/features,7489,bb1e333665a90e75ead8d00100a8ac3f,1
/path/to/PANDA/features,7490,bb2087bf01f0ef288c6e2fdb83b6b283,1
/path/to/PANDA/features,7491,bb21976c037d50bb45aedaa4448ede1e,1
/path/to/PANDA/features,7492,bb22714f2bff1aa310d8924efd28984f,1
/path/to/PANDA/features,7493,bb25d84b4c461fad076a63b4a048c811,0
/path/to/PANDA/features,7494,bb2635a6c0d41f1ec1e60ba92747205b,1
/path/to/PANDA/features,7495,bb2ab3d537fc2ff5eda009019226c37b,3
/path/to/PANDA/features,7496,bb2def1b86b5ea93316769e51f0facde,5
/path/to/PANDA/features,7497,bb33e9befff93c6918e691486eed3990,1
/path/to/PANDA/features,7498,bb38663adedc6162aae373320b17cb91,0
/path/to/PANDA/features,7499,bb3a7b890dcf2383df0b8c6636100512,1
/path/to/PANDA/features,7500,bb492e6591b672120e827dfd3f6be873,3
/path/to/PANDA/features,7501,bb575d53749fe2b8cb9ef5381d968808,4
/path/to/PANDA/features,7502,bb5e9c142a265b251a4d9704c7ca394d,1
/path/to/PANDA/features,7503,bb66f91b996df6a4a78aa9b7f3ea844b,0
/path/to/PANDA/features,7504,bb67046f34a39fc197282a781a32e5cb,1
/path/to/PANDA/features,7505,bb67cee6297c4c76b83fff361350bc23,0
/path/to/PANDA/features,7506,bb6a5808a184427408654f15790faf50,0
/path/to/PANDA/features,7507,bb6ea8e115a5719d2644a63919858ea9,1
/path/to/PANDA/features,7508,bb78a855048e4efc39c79882c6bd623b,1
/path/to/PANDA/features,7509,bb7a0a44e75f9a9dfe0676c2226b4e66,0
/path/to/PANDA/features,7510,bb89e53032c071629bee7a4ab2271519,2
/path/to/PANDA/features,7511,bb8c26c5d0ec96b601d3ac2bd4fb2283,5
/path/to/PANDA/features,7512,bb96341b3835968d02a0d02ff4def303,0
/path/to/PANDA/features,7513,bba14a84e299b972be4c0213767b848c,2
/path/to/PANDA/features,7514,bba3d3535ac1643bc9bb0bb1ca657b7d,4
/path/to/PANDA/features,7515,bbab8ff4a3f62c8d5355bb2d5ab8ed51,0
/path/to/PANDA/features,7516,bbb1294c16fabc528756b55464925b0f,1
/path/to/PANDA/features,7517,bbb2c6d4f203c71ba63d6ce8048d1ebc,0
/path/to/PANDA/features,7518,bbb2cb27e4dde35199f7bf86bd845018,1
/path/to/PANDA/features,7519,bbbe47a9dda0f30ae9d6457531b84ffa,4
/path/to/PANDA/features,7520,bbc2dc35eb3231adbd2b6f35c029b34d,2
/path/to/PANDA/features,7521,bbc3af10b2b28e237b786efa802e226f,1
/path/to/PANDA/features,7522,bbcd685ce62f785a441a2c8246fa93a6,1
/path/to/PANDA/features,7523,bbd340933e97ab8f6c9e25d4e8d1285f,0
/path/to/PANDA/features,7524,bbde3819952e358ed7c67acd1cd4516e,5
/path/to/PANDA/features,7525,bbe3ebb10d3477aa01bb01a6c91a8622,0
/path/to/PANDA/features,7526,bbfc17c7ac58d38b5eaaf72c53ece10d,0
/path/to/PANDA/features,7527,bbfe245b1afa3fe05e45f380b6cbac8d,1
/path/to/PANDA/features,7528,bc0a9770de3e36814070036acfc9df6f,1
/path/to/PANDA/features,7529,bc117bdb69ef663346ffe9e93d995657,2
/path/to/PANDA/features,7530,bc11ea87ebca072c04df741c44aeafb6,5
/path/to/PANDA/features,7531,bc1cf017913e28ca316244b52d1fc59d,0
/path/to/PANDA/features,7532,bc2518ea5985260ea91f96e2db178b5f,1
/path/to/PANDA/features,7533,bc34dd1d026bf547eae2a6a6bf6c85de,2
/path/to/PANDA/features,7534,bc3ea73616f606f303527da9e52796c8,5
/path/to/PANDA/features,7535,bc4c68be7d2fdedabd4db8b0fd6f443d,1
/path/to/PANDA/features,7536,bc57d58be4d2adc326b4dd33e892d143,4
/path/to/PANDA/features,7537,bc5bfbc30b10c58d7a1756eb84182aed,1
/path/to/PANDA/features,7538,bc6573ad91d8e29926a09ffdd0a14be5,4
/path/to/PANDA/features,7539,bc6e1ebec08a9503689da9a095690dfe,1
/path/to/PANDA/features,7540,bc744055e1e8b0da22a2493c6e174fc1,1
/path/to/PANDA/features,7541,bc763ec4c8db4a23ae6c074bcf20e00b,5
/path/to/PANDA/features,7542,bc79710a91205883cbaf384d689b87d7,1
/path/to/PANDA/features,7543,bc7b4618df125b73c9bc485981b3d210,0
/path/to/PANDA/features,7544,bc8042b8de3ce084219ac65217fc9e0a,1
/path/to/PANDA/features,7545,bc8ca8636656c10658685c587f893dea,2
/path/to/PANDA/features,7546,bc93d165d96e4fa4883f130b3f7b9885,1
/path/to/PANDA/features,7547,bc9c6686eeb1ee886d3b461b2f584760,0
/path/to/PANDA/features,7548,bca42350673fb369f1fdbb6918bff701,4
/path/to/PANDA/features,7549,bca92627fd1a1e37630c13079cb10b4f,3
/path/to/PANDA/features,7550,bcadcbc70af9a0f20cdbfcb2e6689b6c,4
/path/to/PANDA/features,7551,bcaf9c8890c50757bd3624d5bd39c270,4
/path/to/PANDA/features,7552,bcba52dc714504edb9b5f464d20653c8,1
/path/to/PANDA/features,7553,bcc84573e785de42d7af076ae2b30479,0
/path/to/PANDA/features,7554,bcdbcdba8799719f161a10a4ab6905c1,1
/path/to/PANDA/features,7555,bce6156cc1e42f3c62b14d424664c974,0
/path/to/PANDA/features,7556,bceb6394825406de71ab3107fb86ef5c,5
/path/to/PANDA/features,7557,bced61c055b97795c15fd6020cbf1c96,0
/path/to/PANDA/features,7558,bcf3848a8a21197cad6bb589b23b777c,1
/path/to/PANDA/features,7559,bcf43804161434489304f374a5a684bf,1
/path/to/PANDA/features,7560,bcfa17affb4e89ebd01a97c580ed4cdd,5
/path/to/PANDA/features,7561,bcfe9f95b00f5e94d7dce184cfb8b97a,1
/path/to/PANDA/features,7562,bd044fc0a6c80e3f94bdbefb3d36cdff,2
/path/to/PANDA/features,7563,bd0a51f19fcf0a8c6da8c0c74a689a10,1
/path/to/PANDA/features,7564,bd1a900e27cf317aa19176446e05df47,4
/path/to/PANDA/features,7565,bd1e09c6a0c08934bb2f93ea933fce56,1
/path/to/PANDA/features,7566,bd2e601260328eb00f086c777d514bf2,2
/path/to/PANDA/features,7567,bd3c86133e3a3a90a1cab3b738753ffb,5
/path/to/PANDA/features,7568,bd3d353c7d62399239bbf5ecd28f729b,0
/path/to/PANDA/features,7569,bd4039c1e7b986f2e640817cea35c270,2
/path/to/PANDA/features,7570,bd465b5e566f6336037c548644e11e16,0
/path/to/PANDA/features,7571,bd4b881106dd6a8658ee1e9afdb1844f,5
/path/to/PANDA/features,7572,bd525e9a428797c9afb48a9ffdbe5160,0
/path/to/PANDA/features,7573,bd5aa0e284c6dc0b0b09513731f252a8,1
/path/to/PANDA/features,7574,bd650136debd7ab365c3222253637f9a,0
/path/to/PANDA/features,7575,bd66532ff52dbf34da3607b05a1d8658,4
/path/to/PANDA/features,7576,bd6784d49c4ca6b44c1e106ed032618e,0
/path/to/PANDA/features,7577,bd68158ecb3eec132592d14fecc35cc0,1
/path/to/PANDA/features,7578,bd6a39de18227e44730c228369cea0f4,3
/path/to/PANDA/features,7579,bd6f8389b1d1f39c832d30ab4df72816,5
/path/to/PANDA/features,7580,bd70c30d44284585a6de70e61813fa4b,0
/path/to/PANDA/features,7581,bd794a0fe18a2b0705a024096c77bac6,1
/path/to/PANDA/features,7582,bd7b04d0b48b5fc9d004e93b536f72aa,4
/path/to/PANDA/features,7583,bd7b8c7051dabffb30d7ce3f66ee2448,0
/path/to/PANDA/features,7584,bd8331462853a4db2ab46b979491c3ce,2
/path/to/PANDA/features,7585,bd8574cd5bcbedb9213ca45e8beb7561,2
/path/to/PANDA/features,7586,bd86f3cec249d54cd3bd64763da8612b,4
/path/to/PANDA/features,7587,bd873805550eccb5ed8acebf217df837,2
/path/to/PANDA/features,7588,bd9022853225c1e8a46bc9eca27533f0,0
/path/to/PANDA/features,7589,bd95b9c20d2a8dd686fb0f64432aa82f,3
/path/to/PANDA/features,7590,bd95e87048a1d5303af08d98343498aa,1
/path/to/PANDA/features,7591,bd9f6b90049d6a63c66147e140bbc9eb,1
/path/to/PANDA/features,7592,bda0fab1431ead234fcca4d4466b12d3,1
/path/to/PANDA/features,7593,bda25c48ac8086cccbf2397e13166046,2
/path/to/PANDA/features,7594,bdcf536c984be757589271cd6a80066e,1
/path/to/PANDA/features,7595,bdd7c058fbd05e43b11d0affb2e14dce,4
/path/to/PANDA/features,7596,bddf66c4edd97a2ca159d611ad3039ed,3
/path/to/PANDA/features,7597,bde1eb4986f82c9cd031689fa8f5084e,0
/path/to/PANDA/features,7598,bde3843781f35eee9ffa24bd228f41d5,0
/path/to/PANDA/features,7599,bde4648639af6c2a3872086fad035077,2
/path/to/PANDA/features,7600,bde825d297da93b518ecc510d1f17dfe,3
/path/to/PANDA/features,7601,bdeb75d9cce950c36c0a81e0bdf03646,1
/path/to/PANDA/features,7602,bdeb7ab6c22749f3a39e5a88ee4a0fa4,2
/path/to/PANDA/features,7603,bdee61aba162525b19958100117243f3,1
/path/to/PANDA/features,7604,bdee785032e09e6976dfcc2948dc540f,0
/path/to/PANDA/features,7605,bdeecdfb4808f38b4672273d3dfcad8d,0
/path/to/PANDA/features,7606,bdf79ec5a9d527cc798a46680e6ad040,2
/path/to/PANDA/features,7607,be02458edbd06696094ebb229a9d0d37,1
/path/to/PANDA/features,7608,be06224070078f6c0e89c247768c7cd4,0
/path/to/PANDA/features,7609,be0afcc6e641712d13d3c6b743a4d5bf,1
/path/to/PANDA/features,7610,be1573a19286fcb2ab6fa14b32bd68a6,0
/path/to/PANDA/features,7611,be21fab0928a4da30fc59cd46063632e,1
/path/to/PANDA/features,7612,be24de51dde9ba0c9808dd4bbd28dda3,5
/path/to/PANDA/features,7613,be2a4f591ca984c0f621d49a0d4b281f,3
/path/to/PANDA/features,7614,be2a8d3f8f64c5cddbef943b96cefb95,3
/path/to/PANDA/features,7615,be2b21968d5ad6861b24d7ca54d44ad5,0
/path/to/PANDA/features,7616,be314bf69cc2a23be07350850abb34bd,4
/path/to/PANDA/features,7617,be403ce415609008605d63396869ed2e,3
/path/to/PANDA/features,7618,be4ed7eb6be88b0c859a7dbdea0c90fc,2
/path/to/PANDA/features,7619,be548af60fd350e776d30cbf208312bd,1
/path/to/PANDA/features,7620,be56b8fd2f70cb10e72deae6baedcd51,5
/path/to/PANDA/features,7621,be58ae01e2b2ddc28eb6673aa7e47819,0
/path/to/PANDA/features,7622,be58fcdb43ffb0e4c81bb6f19e0f6f2a,2
/path/to/PANDA/features,7623,be636d17226e4adfd7ee577877591cac,0
/path/to/PANDA/features,7624,be7a589fc7d001393041a9a2fc9c9c5d,1
/path/to/PANDA/features,7625,be8584d0393a178557fbcf29e770f690,2
/path/to/PANDA/features,7626,be85e2b33823aeebfbd13873dc207ddc,2
/path/to/PANDA/features,7627,be8ab2f5639440c2f2bb8680a2937d1e,4
/path/to/PANDA/features,7628,be8d828b7d90bca42ca4274f57e70cf5,5
/path/to/PANDA/features,7629,be8e1ec9875b03c8dca50cc53c594408,1
/path/to/PANDA/features,7630,be9401af560205c77fd69612e607dbd9,0
/path/to/PANDA/features,7631,be95b2d37a7c10e553e074ad4cc98f78,1
/path/to/PANDA/features,7632,be9a14433ee7b842c1be4ba2eb5a19a7,5
/path/to/PANDA/features,7633,be9a4ad52349a7a82f4e8ac2154e93df,3
/path/to/PANDA/features,7634,be9c4411b1591a38eb110f641f9bf0a6,1
/path/to/PANDA/features,7635,bea318414669361662bf0d03bcb9e996,0
/path/to/PANDA/features,7636,beaab4a58c9ad2c7ee76e96bbcfeca1e,0
/path/to/PANDA/features,7637,beac155ed4bdcad4a5a4ce22717a6c58,0
/path/to/PANDA/features,7638,beaeb46f623d7739758358065ecb0bab,2
/path/to/PANDA/features,7639,beb35c12ff6f8649daef79766c83750e,0
/path/to/PANDA/features,7640,beb4814f0ab05d6d6a16b2614b82dd04,5
/path/to/PANDA/features,7641,bebc85c00d7bbf56ebe048147b15ace4,2
/path/to/PANDA/features,7642,bec17c112d594862438fd3ae9d7c9188,0
/path/to/PANDA/features,7643,bec5308ba37fe8d4f33f5d343968a0a3,1
/path/to/PANDA/features,7644,bec80e876b9ffa8f24cf85beaa431667,0
/path/to/PANDA/features,7645,bedb1f9a2d4d520cda873892fab58ad8,2
/path/to/PANDA/features,7646,bedeb6cf82f3257a34cfdad3dba80413,5
/path/to/PANDA/features,7647,bedede7f872907a2f2f04a0681413ce9,0
/path/to/PANDA/features,7648,bee357c2ab4deb8d82094c1254c40379,2
/path/to/PANDA/features,7649,beefe43af57c31447ce32949615e211c,2
/path/to/PANDA/features,7650,befafdac95e8e497f11df8c2d997a989,0
/path/to/PANDA/features,7651,befda4b7504b03a7d5e9ca92f2757c41,3
/path/to/PANDA/features,7652,bf0156293b04b7a7793f8e7199743398,1
/path/to/PANDA/features,7653,bf19a7b2fec443748d36284aea98d71f,1
/path/to/PANDA/features,7654,bf1b395053b3d584ccee60148cef87b3,0
/path/to/PANDA/features,7655,bf1d001ccf13938721098d0f5f3ab546,5
/path/to/PANDA/features,7656,bf282897514555144100efbee376bce1,5
/path/to/PANDA/features,7657,bf2c8f063896d5f3ca2a0f2b4d70f825,1
/path/to/PANDA/features,7658,bf3467b7d71484452bc834d55ecc88c0,0
/path/to/PANDA/features,7659,bf35558d394ebcc49d64fc17503583bd,1
/path/to/PANDA/features,7660,bf38ba6532875b782935899cfcce6861,1
/path/to/PANDA/features,7661,bf55f33acd7b0809b48cd8a1372b7c9c,3
/path/to/PANDA/features,7662,bf5c95be359c44a28f03fcf7c7ffc2c8,4
/path/to/PANDA/features,7663,bf5ca3ecbaa49be10b5d9fde82049434,5
/path/to/PANDA/features,7664,bf63d7c0db0eb42782143eb768d81b91,3
/path/to/PANDA/features,7665,bf6671ee64037cd05665b5e51a9063e0,4
/path/to/PANDA/features,7666,bf743f62c0d2973268a95b6b5b9d59af,5
/path/to/PANDA/features,7667,bf76a6ee6ce516c2222395ec55e90917,2
/path/to/PANDA/features,7668,bf7d0ac2494f0521ba444a5de2ab587f,4
/path/to/PANDA/features,7669,bf7e9ce61ffe58f2276a4689d00eddf1,0
/path/to/PANDA/features,7670,bf87270f466f176d032892df9cd460a5,2
/path/to/PANDA/features,7671,bf88d7c0254e315ae6701f540dda23ce,2
/path/to/PANDA/features,7672,bf8add8e1cf28e124aa99ef2d0e15538,5
/path/to/PANDA/features,7673,bf8c6536be863b2e21d467ade2972889,3
/path/to/PANDA/features,7674,bf8c6975590c3aae1b61720457cfbfb2,3
/path/to/PANDA/features,7675,bf93cd1d6ee723d3ffde49ed442c41da,1
/path/to/PANDA/features,7676,bf9725f0dc71d2ac533b21d7dff4b796,1
/path/to/PANDA/features,7677,bfa0d8a65df9b8c5230599c120f5aa99,3
/path/to/PANDA/features,7678,bfa8190de9b3ad6628dbc20140a59e1b,0
/path/to/PANDA/features,7679,bfaca5eeb8747937eef3f91f3a2da1f9,1
/path/to/PANDA/features,7680,bfc0f3be45e3eff66989c2553cf39436,3
/path/to/PANDA/features,7681,bfc4d35887c4df323cfbe761d1f33c7c,1
/path/to/PANDA/features,7682,bfc5aa2abac6018b587819bf87cb1f9a,4
/path/to/PANDA/features,7683,bfc79c190fe22ab12658abc19d07593b,5
/path/to/PANDA/features,7684,bfcc9e5ac8e39cf903c5a70ca5f8e2e7,1
/path/to/PANDA/features,7685,bfcfacaf16cdb542c6e12e6deece7079,3
/path/to/PANDA/features,7686,bfd646393bd83e42b00c235a1082a6cf,1
/path/to/PANDA/features,7687,bfd9cfd46255e953b9d62ade1f8b95cb,1
/path/to/PANDA/features,7688,bfdbe56fb7fc4d7b3d151370f897d503,1
/path/to/PANDA/features,7689,bfe60c94647ba0ae7fb7da6f6508c42f,0
/path/to/PANDA/features,7690,bfed5501cd4160d9cf038f99f992dd20,2
/path/to/PANDA/features,7691,bfed9b44a06d5de60336ec6fe0365361,0
/path/to/PANDA/features,7692,bff2576aa2577cf63a76c2917c3bc387,1
/path/to/PANDA/features,7693,c00150f4dde0bf6e3c62c57c33d77731,1
/path/to/PANDA/features,7694,c0097374d10cd4a1da1c4b1e6a86de64,0
/path/to/PANDA/features,7695,c009af812719b5960f2e11eb295c7466,0
/path/to/PANDA/features,7696,c00d72fef06d9d2d0343adc9b855cfc9,1
/path/to/PANDA/features,7697,c00da4f9d10e27d80164b132d0959666,2
/path/to/PANDA/features,7698,c0188fa2de90713aab10d7190117ec30,3
/path/to/PANDA/features,7699,c0198f7f142f6c3b812ba2f7917c17e3,4
/path/to/PANDA/features,7700,c022687b86e4e3eac79381053480e039,1
/path/to/PANDA/features,7701,c0270e947c993630a8142ccbda3dc77e,1
/path/to/PANDA/features,7702,c02993d3eb182a5a9f3ceb0fc47fb0fa,3
/path/to/PANDA/features,7703,c03d33fab2892def02106da2f342fa23,1
/path/to/PANDA/features,7704,c04e3f99d8842fed006ee780528e3241,3
/path/to/PANDA/features,7705,c0525532319412db3c662254463067aa,0
/path/to/PANDA/features,7706,c05a2f5debd74c8db062d027567ed546,1
/path/to/PANDA/features,7707,c06212919dd85bfa05a7d2e0a12a09c0,0
/path/to/PANDA/features,7708,c063c9764a21587b9b44ad2bec29af99,2
/path/to/PANDA/features,7709,c070301c3c6b834827e398708c6481b5,1
/path/to/PANDA/features,7710,c071c418f185ef8191b4eddb6efcc316,0
/path/to/PANDA/features,7711,c071f89d0a9d629aa19c3ea7f90bd38f,5
/path/to/PANDA/features,7712,c0734841bf4ab24f766983269c323bc9,2
/path/to/PANDA/features,7713,c07ed66dfd3256b0d3500d8e46c4fd58,4
/path/to/PANDA/features,7714,c07f5f4ca0af11d11a755c72b638d966,4
/path/to/PANDA/features,7715,c0852776d3142ce132a90c6142bd7146,1
/path/to/PANDA/features,7716,c086762038676658afbb3e39432c049a,0
/path/to/PANDA/features,7717,c0908bfcf70cd527ccd3baa20f331a0a,5
/path/to/PANDA/features,7718,c0910c1a35e06c172ab6403b20a6b9f0,1
/path/to/PANDA/features,7719,c099248208c9675f3d49f647a4d648e3,3
/path/to/PANDA/features,7720,c0a0956a39319920d02c5c4eb30c5e10,3
/path/to/PANDA/features,7721,c0a8a6e08e518643663b9635eea0eddc,2
/path/to/PANDA/features,7722,c0b74d23f8502804f3e047ff5129a57b,4
/path/to/PANDA/features,7723,c0da73c46a21776fb36b8c1333521ca3,0
/path/to/PANDA/features,7724,c0db35440abdadea53ddf0f68fc68431,1
/path/to/PANDA/features,7725,c0dbbf2b29da2ef0cab6bc7032e7ac92,5
/path/to/PANDA/features,7726,c0e652d920384bc328d1e1283178b566,1
/path/to/PANDA/features,7727,c0f9ad8d304ace3f08d367a0f088d2ae,3
/path/to/PANDA/features,7728,c0fccd51fdd784f9f0d708682293ed14,1
/path/to/PANDA/features,7729,c0fe404fe0a24f435d7edd6b3e189768,2
/path/to/PANDA/features,7730,c0fe8ca3041bec9fb48e60537e3ab02f,3
/path/to/PANDA/features,7731,c105c2ca793d49297acb88eb4eb49c76,4
/path/to/PANDA/features,7732,c10d4753ac1782268289014b69697b90,4
/path/to/PANDA/features,7733,c10eb86a927f359f5d1e573927f19945,1
/path/to/PANDA/features,7734,c110e92d1bd7fc97dde4c8027e3af439,2
/path/to/PANDA/features,7735,c115a53d035363f2cc49ed0b98934b9a,2
/path/to/PANDA/features,7736,c121ab04b9ca50cce4453df738a1d6f5,4
/path/to/PANDA/features,7737,c1273fbac7df8d2188b1854ae6584e14,0
/path/to/PANDA/features,7738,c127660ea8547c6d1e13a2785791707c,5
/path/to/PANDA/features,7739,c129618431d0a7f63cf0c8e6c6da82c4,4
/path/to/PANDA/features,7740,c1313ee5d78612ef92532f89fb3e4072,0
/path/to/PANDA/features,7741,c13682fc07a61cda3b9344b21b26c86e,4
/path/to/PANDA/features,7742,c137649e6a6e22b208cdf785a004603b,0
/path/to/PANDA/features,7743,c141ed8d4226eef5e743d77790063398,3
/path/to/PANDA/features,7744,c14b6d70673f900385abbed2703501bb,1
/path/to/PANDA/features,7745,c14beccd6b55d7b57cbc2304987b324b,0
/path/to/PANDA/features,7746,c14efea7c94be982c8045ff9d3c16266,2
/path/to/PANDA/features,7747,c14f91d31474bf54a1e425d73de92818,4
/path/to/PANDA/features,7748,c150192218dd80a7d96c9a60759853d6,0
/path/to/PANDA/features,7749,c15bffae592596f8f566239c725ec577,4
/path/to/PANDA/features,7750,c16546e5849d9f71c87530af65cbc522,1
/path/to/PANDA/features,7751,c166cd559ecbd36762004e302c2a3d0c,0
/path/to/PANDA/features,7752,c1694f89b6514a3b72fae65393f252a8,2
/path/to/PANDA/features,7753,c16bffeed45057312c510c1a5547bdd1,2
/path/to/PANDA/features,7754,c176131dc05b4c90d783679433a79244,4
/path/to/PANDA/features,7755,c176b834c3a5045ac074fb70637cfa8d,1
/path/to/PANDA/features,7756,c176d5630828984c57bf0c94751145a8,0
/path/to/PANDA/features,7757,c17fbe7ddf1c9b5993bb144c00d5136b,1
/path/to/PANDA/features,7758,c1816758539877326f9021819c223f72,1
/path/to/PANDA/features,7759,c18cc9c2acc85b74ebe112beccba56a6,0
/path/to/PANDA/features,7760,c18eeeb86a7027e6d3c7ca400d75c8e8,0
/path/to/PANDA/features,7761,c192a7c5a94aacbb3293267bf206bf5a,4
/path/to/PANDA/features,7762,c19bc72dee1df0b97ed8527521b57099,5
/path/to/PANDA/features,7763,c1cc617e20e6874434d99256cdeb719a,3
/path/to/PANDA/features,7764,c1cdc8ed081abd4419086872346f4eac,1
/path/to/PANDA/features,7765,c1d018bf50493567d288a9fdad021e6c,5
/path/to/PANDA/features,7766,c1e4a4cd769d4d64a1ea7905b8c30ff9,1
/path/to/PANDA/features,7767,c1f151640dce9fc4e33569700be7d52d,0
/path/to/PANDA/features,7768,c1f1eb01b8312dfa1acd912637b41727,1
/path/to/PANDA/features,7769,c1f555f3260b361647b7084898613037,0
/path/to/PANDA/features,7770,c1fd67db197ac1e491453082982de933,5
/path/to/PANDA/features,7771,c1fd9dfbf6a743763409b6d1a26ab29c,4
/path/to/PANDA/features,7772,c1fdc376869d4832520659ead6e02eed,5
/path/to/PANDA/features,7773,c1fe7ea9e72f3e8204169b38c5df317a,4
/path/to/PANDA/features,7774,c20411ec6a9141978e0712711bdfe0f0,0
/path/to/PANDA/features,7775,c2097792be4e003096aada72e7317a66,3
/path/to/PANDA/features,7776,c20a575ec424d136d14d1eb9a7c7be7c,2
/path/to/PANDA/features,7777,c211d5549cb4c71c25ebe6ba79ba85ae,1
/path/to/PANDA/features,7778,c2189022224390d6a8ee1f192214526e,0
/path/to/PANDA/features,7779,c2230eb928a225c9cbb7d247cbde2b4a,5
/path/to/PANDA/features,7780,c2265a32286d90695745e411d313b694,0
/path/to/PANDA/features,7781,c2296406fa9de6a029e798d89a1c8734,0
/path/to/PANDA/features,7782,c22d0887c52a5d96461dacca3e869683,5
/path/to/PANDA/features,7783,c2306aeec8a202f0530df29f175fdc89,2
/path/to/PANDA/features,7784,c233195538478fb7ec3798156104d43e,1
/path/to/PANDA/features,7785,c233968ed8653578230b2556054cd675,0
/path/to/PANDA/features,7786,c23936489d103366825cbd33c09d921c,1
/path/to/PANDA/features,7787,c23bbf3044bfdb3cb04b6e00920ba1ee,1
/path/to/PANDA/features,7788,c23c7dc1f98cf30339ed926849413355,3
/path/to/PANDA/features,7789,c245396d5fb0a528ae2983ca28fca472,0
/path/to/PANDA/features,7790,c24b60c2684c21b33a3b88942ddb91f4,5
/path/to/PANDA/features,7791,c24bb6e1c14b242a4744d9854f738470,3
/path/to/PANDA/features,7792,c24be4bf9e9be5e7898cdd383233813b,1
/path/to/PANDA/features,7793,c25541fd4c6bf6f78e3f364d279b63cf,5
/path/to/PANDA/features,7794,c2650854e969798923377550ed076d6c,1
/path/to/PANDA/features,7795,c266773fdf88a75561821afdb49cc0e0,1
/path/to/PANDA/features,7796,c269146f9e358cbebee9df7e23ee1239,0
/path/to/PANDA/features,7797,c2701c13451133bb51ae89e03f77e88d,3
/path/to/PANDA/features,7798,c2828c7ac6c7857c52b1f374805426ce,2
/path/to/PANDA/features,7799,c286cf324f3d429aaf5d3f903e5ce634,2
/path/to/PANDA/features,7800,c29a172145a30a79b05c6f0216a1dbef,0
/path/to/PANDA/features,7801,c29e03d8171d9e1b2ddafd0bdf8e6dff,4
/path/to/PANDA/features,7802,c2a487c3082523f815ca8541a01f293d,1
/path/to/PANDA/features,7803,c2b0f5adcd95f930b892f269a7656f1c,5
/path/to/PANDA/features,7804,c2b4cc586b3984b248e7d095d4c0bd03,5
/path/to/PANDA/features,7805,c2cbc885637a451cb0218a599e1169c1,3
/path/to/PANDA/features,7806,c2db09b50aa7bb3d998b5bdd4f4d93c0,2
/path/to/PANDA/features,7807,c2ded53ea0656e34e71bc8993b90650d,2
/path/to/PANDA/features,7808,c2e37dd8d2b6891abb2c78b15a25fe95,1
/path/to/PANDA/features,7809,c2e7580519b62b7183c1924211ee8603,1
/path/to/PANDA/features,7810,c2e76da97811429e9127de90ec307700,2
/path/to/PANDA/features,7811,c2edf539162ecaea59933196e84de2f5,1
/path/to/PANDA/features,7812,c2ee76e04263e6a702fdec2fe7502cc5,0
/path/to/PANDA/features,7813,c2f90bbc5200609817a0745279582e72,1
/path/to/PANDA/features,7814,c303cc999de4cd885cdc8450af892c6e,3
/path/to/PANDA/features,7815,c3064f9d63880b237fb22d242a88bac9,3
/path/to/PANDA/features,7816,c306e9bf52ed33801003d17ae3f60d32,5
/path/to/PANDA/features,7817,c3145055564aaf6c2ecea73a04bbe476,2
/path/to/PANDA/features,7818,c3148b21ac4ba237b8d5f066b783b849,1
/path/to/PANDA/features,7819,c315ebdec89ff0826edaf8a12fdac422,0
/path/to/PANDA/features,7820,c317108618dad132b7c52462a26d41ef,0
/path/to/PANDA/features,7821,c318254a6de21ceee63f97a015e90d3d,1
/path/to/PANDA/features,7822,c3206e3a627cf34dfb2b013847b924c2,1
/path/to/PANDA/features,7823,c321dc296ee2274e9db04e586c7aabf2,4
/path/to/PANDA/features,7824,c3249c406e4f7d0f508c8bd96dd32c56,3
/path/to/PANDA/features,7825,c32fba73ac1af46b2ccfd549172f1227,3
/path/to/PANDA/features,7826,c330ef6d8c6943ff7c41a493b215d04e,1
/path/to/PANDA/features,7827,c33af8c4a420e085d513136c23876dfd,1
/path/to/PANDA/features,7828,c33ea46fa0f0ccbf4cfffeb3a849789e,4
/path/to/PANDA/features,7829,c34fa8189fe4e5b4995e1c14deb9f5a1,2
/path/to/PANDA/features,7830,c35748a22f311db6af79236075dfdb30,2
/path/to/PANDA/features,7831,c35a5c6dd47f3c37f339ff296ef1c6fe,2
/path/to/PANDA/features,7832,c35e39e522cb0a93ecd114c71e72af05,5
/path/to/PANDA/features,7833,c35fc589e87f909cca09c2d7334cff5f,1
/path/to/PANDA/features,7834,c363a6978ca217d75b028a2a248661a2,3
/path/to/PANDA/features,7835,c377e5b8934beca956bfb45df7918062,0
/path/to/PANDA/features,7836,c37af9634aac2e27a80dbc6f115f583c,2
/path/to/PANDA/features,7837,c37c0f37a50ccbf5e51b148a28055111,0
/path/to/PANDA/features,7838,c38c3a03cb9f3f3553f20fb6a9a4c70d,3
/path/to/PANDA/features,7839,c395c14a570dd884a3220879d8c37f5a,0
/path/to/PANDA/features,7840,c3967d215e9b501c70e72ae95e8dac51,2
/path/to/PANDA/features,7841,c3c632f5b9ce3460a6fc15544d6f5582,2
/path/to/PANDA/features,7842,c3c95b4f53fd0aed77316430bdc69f81,1
/path/to/PANDA/features,7843,c3ca4a75be0055aefe79f6849804d62c,1
/path/to/PANDA/features,7844,c3d455bdad379c5c262e16b750789baf,1
/path/to/PANDA/features,7845,c3dab3559def60da07e5e8417427f28a,0
/path/to/PANDA/features,7846,c3dee3a63dd4de94d33eb09670584b32,0
/path/to/PANDA/features,7847,c3e05f4e184d96d40bfb38631ab322df,5
/path/to/PANDA/features,7848,c3e1a7ddeabf06edeebde219d8e86578,0
/path/to/PANDA/features,7849,c3e3c81e70f9124f5872bab7f5c71b94,1
/path/to/PANDA/features,7850,c3e5fb7918f8ae0763e32551e8abfda6,0
/path/to/PANDA/features,7851,c3f353a39f7d61f553516bc4269b3b12,1
/path/to/PANDA/features,7852,c3f5378fbec18534005c2d1e46f1cdfc,5
/path/to/PANDA/features,7853,c3f6dfc5c801b1f2aed4c9e318bd015d,5
/path/to/PANDA/features,7854,c3fbbd442c89676b42a2f49ef7428b30,0
/path/to/PANDA/features,7855,c408ca44f9993274b2ae440bd0aa7f29,3
/path/to/PANDA/features,7856,c40ecc03bad126cec601b450b1dc8571,0
/path/to/PANDA/features,7857,c40fab4c4c3658f40cc9a73c8602d8d0,1
/path/to/PANDA/features,7858,c411cf81bd605e263ea8da3b35d05dac,4
/path/to/PANDA/features,7859,c415d5066e843809c2e74381c391cb7e,3
/path/to/PANDA/features,7860,c429c26a603910717dbf17e6e7035627,3
/path/to/PANDA/features,7861,c434b351328d1202d90d7468be10c46b,5
/path/to/PANDA/features,7862,c44346e3cf95312b241df6bb578ed119,1
/path/to/PANDA/features,7863,c445380a860360322df76605978e1618,5
/path/to/PANDA/features,7864,c449f43f419bef77e8f8569de2858199,1
/path/to/PANDA/features,7865,c452a6a33afe1ab834c0e54df1b2ace6,0
/path/to/PANDA/features,7866,c4536651e1072dd41bc9366cf256d70e,1
/path/to/PANDA/features,7867,c457fa90e865cfd7d755308718d1f6c6,1
/path/to/PANDA/features,7868,c45e498bf134c619d637029d36efc78b,0
/path/to/PANDA/features,7869,c45f0dc57180a2b709e13178001268ed,5
/path/to/PANDA/features,7870,c46612257ed2bd721267edfb10a92700,0
/path/to/PANDA/features,7871,c47a7606008a95d1a8ecbb86ea91c30e,1
/path/to/PANDA/features,7872,c47bb0cc6fcfbd6379299ab3e6a9f07d,3
/path/to/PANDA/features,7873,c47cd88262e0b75801a3aa1bc96aba0a,2
/path/to/PANDA/features,7874,c484a9ae47f9d99bbeb8f249cbdf4b88,1
/path/to/PANDA/features,7875,c48a109638da578b059d9464a4262698,1
/path/to/PANDA/features,7876,c49120119e7b66ccffde14e3a3030d8d,5
/path/to/PANDA/features,7877,c49e42400702d46c33351ec9e74ccd30,4
/path/to/PANDA/features,7878,c49f20b19b76949ba8e8a68fc6a97833,2
/path/to/PANDA/features,7879,c4a30ab614d7d3e37e99434341191331,4
/path/to/PANDA/features,7880,c4aa6b337bd9348d6e5eb7e35418e491,1
/path/to/PANDA/features,7881,c4b1a10db8b0cdece7a1498b2fcbda7f,2
/path/to/PANDA/features,7882,c4b7972754b0131d4b1bc9d30d0672e7,0
/path/to/PANDA/features,7883,c4b7ca39cc464a7af7f80fb9f4bc05c3,2
/path/to/PANDA/features,7884,c4b83afb97bd83a7f8d83ce85cba4dc5,1
/path/to/PANDA/features,7885,c4b8e60fec9eabe9a9fdacce39f23d60,1
/path/to/PANDA/features,7886,c4bbe05f5d77f1a42bc95191285ab1bb,3
/path/to/PANDA/features,7887,c4bcc0bc2da6444a5e4300f7bd2f577c,4
/path/to/PANDA/features,7888,c4c088b96b22d0d2162e4825caf7bf9b,4
/path/to/PANDA/features,7889,c4cb40675296c2f44f631bdc7a5d1e9b,1
/path/to/PANDA/features,7890,c4cba053efafeac85ec882e30ac6e498,1
/path/to/PANDA/features,7891,c4cca933ba31dd08c18b9b607b73d90c,0
/path/to/PANDA/features,7892,c4cde1827d4895957ca8507e37a3cf76,0
/path/to/PANDA/features,7893,c4d2d58ef1cb683c9127bee14ad23e6d,4
/path/to/PANDA/features,7894,c4d5155c07787c688cae24917bf96411,5
/path/to/PANDA/features,7895,c4e0ad6ea862813515ef53b70ad8021e,4
/path/to/PANDA/features,7896,c4e165cd0d565c8cedb6c8c0a59746c3,1
/path/to/PANDA/features,7897,c4fb78f4b25153789d8c8b22b938d322,1
/path/to/PANDA/features,7898,c4fd2900adfd82ce1a09f280fb00710e,1
/path/to/PANDA/features,7899,c500818f3a0e7d3a10a0c567e9665035,0
/path/to/PANDA/features,7900,c501ce1a5813661df038f9be7ac5f336,1
/path/to/PANDA/features,7901,c504a2ef9d6c2f6150037003c5cf3793,1
/path/to/PANDA/features,7902,c507324c055ea7ec7a235159dc97675e,5
/path/to/PANDA/features,7903,c508dccd42708eb8dd47b39a6f1c2c3d,1
/path/to/PANDA/features,7904,c517993657aadfd868d6760a5136df94,4
/path/to/PANDA/features,7905,c51bd12d683f6307a8e906f214fd5125,5
/path/to/PANDA/features,7906,c52636abf2b202b4f65f5c85799ce363,1
/path/to/PANDA/features,7907,c52921606c200276c33a16c6cf491fcf,0
/path/to/PANDA/features,7908,c53a5bd984d2bd2b8b3d0529b081fbcf,2
/path/to/PANDA/features,7909,c541704f5b5f35d974aab3378d11fd54,3
/path/to/PANDA/features,7910,c549a1ab70c4de9755941eb6269e13f6,5
/path/to/PANDA/features,7911,c54e20196fd1f02eef4fe02190e773d9,0
/path/to/PANDA/features,7912,c54f0e85e9e4d397843314eed507d06f,1
/path/to/PANDA/features,7913,c552cbc6d2aa2c35dcf0e005ebd37102,2
/path/to/PANDA/features,7914,c5558a14e481d86827dc3703fe087f44,1
/path/to/PANDA/features,7915,c5560bcc6aae0963ce9946a2f0913f16,1
/path/to/PANDA/features,7916,c55d70318adf126c5f91d224c00d2c01,1
/path/to/PANDA/features,7917,c560455590a29b83e0c615c911e0e5e5,0
/path/to/PANDA/features,7918,c565cc5d7e32aa5bb05dfa84aa5f442f,3
/path/to/PANDA/features,7919,c5710c4b37ee5239e4bf57c55b0a6b6a,3
/path/to/PANDA/features,7920,c5764fe96b2725f1b48f2db0cf20cacb,5
/path/to/PANDA/features,7921,c57d9d2eff7cf42640303467884d8c24,0
/path/to/PANDA/features,7922,c57f886720b4042062b470f807bf1212,4
/path/to/PANDA/features,7923,c58a200ff3b51b7d90b745d62d08dda5,4
/path/to/PANDA/features,7924,c5935769ea277fc625da007d693f7cf2,3
/path/to/PANDA/features,7925,c59ab7f1ea4c892a0845646933cc3b60,0
/path/to/PANDA/features,7926,c59fbad418d8ef56859463c22c4fae79,1
/path/to/PANDA/features,7927,c5a32c937e25c87604d960166767411e,2
/path/to/PANDA/features,7928,c5a4bb3e9ebfbb7762f7fefee9ee6d6a,5
/path/to/PANDA/features,7929,c5a4e4c6224fc6ac14e3e777a04258c1,1
/path/to/PANDA/features,7930,c5a99273bb6660706751247794c45f64,4
/path/to/PANDA/features,7931,c5aa2c9c8960c835f7e7daa2b86ec0e2,1
/path/to/PANDA/features,7932,c5ab4bf7d7755aba1e19843f20173cb5,0
/path/to/PANDA/features,7933,c5b17673fd678b4b919933612741cab6,1
/path/to/PANDA/features,7934,c5b7afdd9e4cd1b13dd545fe28735620,1
/path/to/PANDA/features,7935,c5bc1e0b75ef839ab9ea078324f0f272,0
/path/to/PANDA/features,7936,c5c891b6bea4c3cb0737b1df170f2485,1
/path/to/PANDA/features,7937,c5c8a6e5c44eda5ec0bbfb53e2c81012,2
/path/to/PANDA/features,7938,c5cd08b16fd00a4d27e66bc0b133c5fb,2
/path/to/PANDA/features,7939,c5d578a16412cb41d85b22c3c79f7d25,1
/path/to/PANDA/features,7940,c5d6646dda31ee94cf4bbfef14e08e76,4
/path/to/PANDA/features,7941,c5d7c8c63d643b98b45fe2307970c45f,0
/path/to/PANDA/features,7942,c5da6dbc1ed61b7ab06cd92b1dfbdaac,1
/path/to/PANDA/features,7943,c5e101b81e1f457cb9e4c568df7f9b9d,2
/path/to/PANDA/features,7944,c5e43f6957d317a37a98f97cb2b855a1,4
/path/to/PANDA/features,7945,c5e5d9d8b234a1c1d0503f7598fb5777,0
/path/to/PANDA/features,7946,c5e6c3efbdf833673fdfa3db1c6c4b23,3
/path/to/PANDA/features,7947,c5e82190f540fb912cc8a96eaf682b58,0
/path/to/PANDA/features,7948,c5e9176fa34d3fc8caccc6bb1f35003c,0
/path/to/PANDA/features,7949,c5ebafd955baf6a9329a821547cad7c4,3
/path/to/PANDA/features,7950,c5f3124ac85ffbb17d23593c96f96cb9,0
/path/to/PANDA/features,7951,c5f69f20e4c9bd6dae83222afba587e8,0
/path/to/PANDA/features,7952,c6064ec61ea9949ec065ed31f2565978,5
/path/to/PANDA/features,7953,c60902ec1e420b572a0ed3fb7ece0142,1
/path/to/PANDA/features,7954,c60ab9edd0171d5d22e70f2df5a92308,0
/path/to/PANDA/features,7955,c6112ea98e3420ecd09ba20275a4aa21,0
/path/to/PANDA/features,7956,c61309f50b0ae9b10f470cc11546a864,4
/path/to/PANDA/features,7957,c614dc18ffa37f8007c2aead39e65342,4
/path/to/PANDA/features,7958,c61a17863f7acb86b028b67af888539a,1
/path/to/PANDA/features,7959,c62385e0dbf6892862499ac723598afd,5
/path/to/PANDA/features,7960,c62d1ee20abb4c019758656681c0b4d9,2
/path/to/PANDA/features,7961,c62f9e66a9215d21cfbb9f5ec9f15daa,1
/path/to/PANDA/features,7962,c63361a19fceb15ebcb5340a5712fbb7,0
/path/to/PANDA/features,7963,c6441fa162ce23651c241f1014f96681,0
/path/to/PANDA/features,7964,c64c12966d164cd0bcc6bfef4ca95500,4
/path/to/PANDA/features,7965,c64dd4f75e74ee4c23f27a8d99a3ed19,3
/path/to/PANDA/features,7966,c6564f15d2fbe500571311dbdb16f78f,1
/path/to/PANDA/features,7967,c657214e550cdfd9ea235414fd63fe5e,4
/path/to/PANDA/features,7968,c65fcde885b4f231d03cefb0fc75f4fa,4
/path/to/PANDA/features,7969,c65fd39c70f465b486e67d64d320d778,0
/path/to/PANDA/features,7970,c66e1872348e07fc4f01feeb5eecb7f8,4
/path/to/PANDA/features,7971,c67388909d55149c1e66baa48a22cdb5,4
/path/to/PANDA/features,7972,c6795bc0a98173434f1097841b3c2b2d,1
/path/to/PANDA/features,7973,c681fa95a9361c347afb66028b70a1ea,1
/path/to/PANDA/features,7974,c686992bf74305e9f9965fd85c15eb4d,2
/path/to/PANDA/features,7975,c692cc057dffd5f92149af235f2bde51,2
/path/to/PANDA/features,7976,c699f572c40dbee492ca9ac0c1a0d9f7,2
/path/to/PANDA/features,7977,c6aaacd8596e722608ac744e7355c0b3,5
/path/to/PANDA/features,7978,c6ac7271f3cf776fbd43808b320c40d5,2
/path/to/PANDA/features,7979,c6b4ba956e1d4fbe744d6e2839b4a723,1
/path/to/PANDA/features,7980,c6b8dec24dcca40d214475e2366047ef,3
/path/to/PANDA/features,7981,c6bbb7a947f012f3130988fff20c7561,3
/path/to/PANDA/features,7982,c6c9d038c0d0655738c3845ba21e4f08,4
/path/to/PANDA/features,7983,c6cf7a87a3c590618edfb417100f2b93,4
/path/to/PANDA/features,7984,c6d1785d67be481c683340160bf95690,1
/path/to/PANDA/features,7985,c6d41e8b7c2c101b9a927d4f403ec451,0
/path/to/PANDA/features,7986,c6d58607cc6aeb36e4c1d65fed824e84,1
/path/to/PANDA/features,7987,c6d87f56f56c456d38f3b6967eb21eab,4
/path/to/PANDA/features,7988,c6e8d18c225d68c7c783b7ba5c7cc98d,1
/path/to/PANDA/features,7989,c6fa52130011bd3d19b0222fce73ecad,3
/path/to/PANDA/features,7990,c6fa851e98eb9d30d6cd93f3b8c0eed7,4
/path/to/PANDA/features,7991,c6fb997f235db1a874d4e4f208e8e84e,0
/path/to/PANDA/features,7992,c7013ba37688f54052b39d045dc07e2e,1
/path/to/PANDA/features,7993,c702daa79d7eaedca929b6dccb0913c0,0
/path/to/PANDA/features,7994,c704708bcb669c0198feba47bf9f2c81,1
/path/to/PANDA/features,7995,c707c255c4694985f6f68331571bc656,3
/path/to/PANDA/features,7996,c70a5817549ef745e0dc65592595bcfe,4
/path/to/PANDA/features,7997,c712026c5327cb58b470cd7e97982427,0
/path/to/PANDA/features,7998,c7276eee7269730bae81a3fde5eb1668,3
/path/to/PANDA/features,7999,c733a6afb1e66a15e73d5e66be3a1c10,1
/path/to/PANDA/features,8000,c746fea373cf5731bda84ef245617a19,4
/path/to/PANDA/features,8001,c747ff83cac833b059fb7562d5f77a5f,0
/path/to/PANDA/features,8002,c74e766851d12e6c5775f1dacbe3843d,1
/path/to/PANDA/features,8003,c756f85302c24df011743d63b5282d58,0
/path/to/PANDA/features,8004,c7579439b6073eed35a3df5a541b3949,4
/path/to/PANDA/features,8005,c7664405d98a76f0b30a1c18b6ae270b,0
/path/to/PANDA/features,8006,c767fb0d83832198876f1ebbc908707d,1
/path/to/PANDA/features,8007,c76877d174f7020e6194d6b06aec770a,5
/path/to/PANDA/features,8008,c76d8c4ff3f5c056959901347441d53e,1
/path/to/PANDA/features,8009,c77075a7f8ad3b3f413cee8b8df89203,1
/path/to/PANDA/features,8010,c7781e276fddb4b7a9b24fb9ece1b219,2
/path/to/PANDA/features,8011,c7793b26c758ddf3e9d6561c31d394d4,5
/path/to/PANDA/features,8012,c779f8e6464edd98859571efe4c0cc23,3
/path/to/PANDA/features,8013,c77bd8989dd84946aec500d407764026,3
/path/to/PANDA/features,8014,c785544bb2e401f81d5b10b377ce829b,1
/path/to/PANDA/features,8015,c7895d9d29c159cc4d57f07cf7d755b2,1
/path/to/PANDA/features,8016,c794f26c98b4d7c37133809c2d3f8aa1,5
/path/to/PANDA/features,8017,c796147977f93a05cde995fc05fca861,1
/path/to/PANDA/features,8018,c797b20d6e8a04a4e33a55a8f980a9c7,1
/path/to/PANDA/features,8019,c799800d4410e6c81dc1949dedd2d471,2
/path/to/PANDA/features,8020,c7998028569a7754a0c07d3212ff1683,3
/path/to/PANDA/features,8021,c79d24ced43aac04ce0531e229f62f03,0
/path/to/PANDA/features,8022,c7a0a3e5eeca21a243fb812285f045c1,0
/path/to/PANDA/features,8023,c7a395e5b1d45e9828ebb765b175e823,0
/path/to/PANDA/features,8024,c7a8e1aad9f0b62c62895b91f14f3296,0
/path/to/PANDA/features,8025,c7a9409b4cc4821c6fb23346db4c2433,1
/path/to/PANDA/features,8026,c7b0847043525e321b2c48d04cd820e5,0
/path/to/PANDA/features,8027,c7b0acedb4eb5178f14ae30d1c3053b7,0
/path/to/PANDA/features,8028,c7b5025d6ca0352a9feb0b83f3ecf231,0
/path/to/PANDA/features,8029,c7b6d326275eb46a2ec8b2e29439a99c,2
/path/to/PANDA/features,8030,c7b8b5d4f033d38b29c52d363b0bc7dc,4
/path/to/PANDA/features,8031,c7bb258907e3d1c4cb536166645f7d52,0
/path/to/PANDA/features,8032,c7bc54c0badbe7691fe5324a83f19cee,0
/path/to/PANDA/features,8033,c7c18a00f4c61c696c30c721bf7621d2,2
/path/to/PANDA/features,8034,c7c731beb8fb7d0e62d01b297b4daa78,0
/path/to/PANDA/features,8035,c7d69b4a22cddd0c2f93cf6939d898e1,5
/path/to/PANDA/features,8036,c7ddeaad5609cc586d0668dd9a9f9dcf,0
/path/to/PANDA/features,8037,c7e159377563c722314bcef3e9537c10,0
/path/to/PANDA/features,8038,c7e47afdac1930aadc6630b2ffdb161b,2
/path/to/PANDA/features,8039,c7e5735bcf728c93fa7dfcb24b975ead,0
/path/to/PANDA/features,8040,c7ea3610f0489ff7431fe648ddc24750,4
/path/to/PANDA/features,8041,c7eb48bae54b90e76875beae43a6dcd5,4
/path/to/PANDA/features,8042,c7f98a0c815cd3e5e2e84aa10fa08a2c,1
/path/to/PANDA/features,8043,c8005edbb20996f1efd85cdc46bd805e,0
/path/to/PANDA/features,8044,c80dace671e56c42338bc77530d15e39,0
/path/to/PANDA/features,8045,c815395bc70fe23c78b58cb3b6f2a19c,5
/path/to/PANDA/features,8046,c81b704c5603f627680314d050062ca2,5
/path/to/PANDA/features,8047,c81f511f1a4c64ea7f20d8c47654632f,1
/path/to/PANDA/features,8048,c8256e146b829a1a63f9658d5f879704,4
/path/to/PANDA/features,8049,c827e7beade04c9b840946c370653009,0
/path/to/PANDA/features,8050,c830e13bcc901a882b0107569025d583,0
/path/to/PANDA/features,8051,c8412809e48d1d77a9ebd583a0bd9e27,0
/path/to/PANDA/features,8052,c844f963f3833341b444019797bca24e,5
/path/to/PANDA/features,8053,c84a6b64601ebd34c101f2135be353dc,0
/path/to/PANDA/features,8054,c84fea3b1bf5a15085976b66ba0877dc,3
/path/to/PANDA/features,8055,c867630b14137ca898056cb4eefe1696,5
/path/to/PANDA/features,8056,c86b6c1639a1fd21df1e5b859c6bb228,1
/path/to/PANDA/features,8057,c86e99892a6b79cfb79b2770530b4864,1
/path/to/PANDA/features,8058,c874de63fb72b5c081bbea4a5a7aae65,0
/path/to/PANDA/features,8059,c876728a121713f5d999154f0730d5e9,3
/path/to/PANDA/features,8060,c8846813f6660c127897a5da55050d96,2
/path/to/PANDA/features,8061,c88c9fb51014147f35ff0030161fb90f,5
/path/to/PANDA/features,8062,c89f71d6c8fdc1bce0a230bdb46935fd,2
/path/to/PANDA/features,8063,c8a09a4ef05f4b37037251a76d8f5d68,3
/path/to/PANDA/features,8064,c8a4a8a30dc11c1e306103cbc9de6a86,3
/path/to/PANDA/features,8065,c8a621362f5189faa7df3a4e475126dc,3
/path/to/PANDA/features,8066,c8b125a6ec7dae848e5a0617cbb395f7,1
/path/to/PANDA/features,8067,c8b78becc5b3eb17f81bfdbc55d2029e,1
/path/to/PANDA/features,8068,c8c464afaf408f2aecdf7744071b52af,1
/path/to/PANDA/features,8069,c8c898c68a6cbe37412468d561e3a7b4,0
/path/to/PANDA/features,8070,c8ca4858e14ad4bc1a466796f147f1ca,1
/path/to/PANDA/features,8071,c8cb1c570b772e3f7943e254ba096e9e,0
/path/to/PANDA/features,8072,c8cd9282130842208245bd0ec8c0f22e,1
/path/to/PANDA/features,8073,c8cff52f615d95917befd491cee1614f,1
/path/to/PANDA/features,8074,c8de1c11089f06013182abb4b5bf754d,1
/path/to/PANDA/features,8075,c8e8e1f2f14c1d8804551ca9233442e6,0
/path/to/PANDA/features,8076,c8ea4dc8fe6c8348dcc4db4d01c0c84a,3
/path/to/PANDA/features,8077,c8eb53f6ee052f08e7a4684e569cbc6a,4
/path/to/PANDA/features,8078,c8f5e704b9d4cc83d2ac4b7eec6d60ed,4
/path/to/PANDA/features,8079,c8fa005ff34f3a8d77605437618f1878,3
/path/to/PANDA/features,8080,c8facc7f23303f74bb3ae3101a878bdf,4
/path/to/PANDA/features,8081,c8face6b1ab31039272be44890fdf35f,4
/path/to/PANDA/features,8082,c9011f483369ca7cc64fc46259b277fc,1
/path/to/PANDA/features,8083,c9041cae8251897681f77dce051e8660,4
/path/to/PANDA/features,8084,c907464eee427bcfd931eacfdf64a5d8,0
/path/to/PANDA/features,8085,c90ff920893db6baf9f53f1259297535,0
/path/to/PANDA/features,8086,c9125c5d49123077ce43cc815e92af40,1
/path/to/PANDA/features,8087,c914e517a8f292a785df584a7a1a9e06,1
/path/to/PANDA/features,8088,c91a4333041f727dbf2ad1da6f6edc5b,3
/path/to/PANDA/features,8089,c93a48dcf16ce84fd7276472ce356229,2
/path/to/PANDA/features,8090,c93b8d5f45fb7dea353560cba2eebdde,4
/path/to/PANDA/features,8091,c93c708e9176b80c362a02eecb638821,0
/path/to/PANDA/features,8092,c93d4db23236f4e9d44fb3e4966b0bd3,2
/path/to/PANDA/features,8093,c949b282b94808a40935c6cfe9f2fb67,5
/path/to/PANDA/features,8094,c95bfd7e7fcb784d245163e8305143cc,1
/path/to/PANDA/features,8095,c9600084eb770e9fd5eecff32421e4d3,4
/path/to/PANDA/features,8096,c9702f84cf4495e31190352abe61160d,5
/path/to/PANDA/features,8097,c970573e9cb96664f92635e105212888,3
/path/to/PANDA/features,8098,c979acbb9e62ffc47c44cd16adc3bfd2,1
/path/to/PANDA/features,8099,c97c6e31c6bc1b75d455b89ef4f11686,2
/path/to/PANDA/features,8100,c982dc4f74dcfac91002598931c0b726,1
/path/to/PANDA/features,8101,c993a5b569eace9eb753856fde10c151,2
/path/to/PANDA/features,8102,c9a433d181ed731dafd3e77498f6d38d,0
/path/to/PANDA/features,8103,c9b5b46c1774c3fe3b37f798558cb208,0
/path/to/PANDA/features,8104,c9bcd1d4867a43cec02af7f3b555709f,4
/path/to/PANDA/features,8105,c9be1a7720c4ea39b3846d865a9b45a8,4
/path/to/PANDA/features,8106,c9c295e486e0f7f7dfb4f0fde6ff8240,2
/path/to/PANDA/features,8107,c9cdb735d0efa9d3199d86a5a298b7b8,5
/path/to/PANDA/features,8108,c9da6e79a6474de5625e41c71660daf9,0
/path/to/PANDA/features,8109,c9dbdd9c9fc0eab0d235499488b26c53,0
/path/to/PANDA/features,8110,c9e75185a6b9a2f496537fc05cefd04b,0
/path/to/PANDA/features,8111,c9f1703dd6eddf8e8b9cd50e9098265d,4
/path/to/PANDA/features,8112,ca0798453868081bc8aeeabb01847d4e,3
/path/to/PANDA/features,8113,ca1670f5e9408c08518faae1061f4a97,1
/path/to/PANDA/features,8114,ca19152d2195aaa3a4f61a2a1f9b179a,2
/path/to/PANDA/features,8115,ca1d0ba4f959e2f47667b94fa5e958c0,0
/path/to/PANDA/features,8116,ca4796a46bde379a1a364d992fa07217,1
/path/to/PANDA/features,8117,ca4e7898a7144c51e9e111aa3b90265b,1
/path/to/PANDA/features,8118,ca66a5c35e8d7f0e026086d58922aca7,5
/path/to/PANDA/features,8119,ca6c4f4b24578588762712262de479ab,4
/path/to/PANDA/features,8120,ca7444cee3115f92abcc09474f313f5b,1
/path/to/PANDA/features,8121,ca7ba25b885ddc868383d36ab35090c7,1
/path/to/PANDA/features,8122,ca83118f81f560d2f8a27b80307089c3,4
/path/to/PANDA/features,8123,ca860e2af22d154686490a8bd4bbe635,1
/path/to/PANDA/features,8124,ca8d1d9139e69459bfbd3fdfbd909e8e,0
/path/to/PANDA/features,8125,ca92b74386b3d80bbcc03defa33adcf9,0
/path/to/PANDA/features,8126,caa14fb2f0bbb55d6718f0d090752a32,3
/path/to/PANDA/features,8127,caa1847f0e0917d784836c1ef7799d53,1
/path/to/PANDA/features,8128,caaf2645fd3ea43541dad8081e351689,5
/path/to/PANDA/features,8129,cab0adfc6e551c4cca471512b2e200fd,3
/path/to/PANDA/features,8130,cab39b2a0617d8bb4c0f2ae6859d2241,3
/path/to/PANDA/features,8131,cab3be5d1206bf586249afffb74ab846,1
/path/to/PANDA/features,8132,cab3d02d82d55997dfabc99e84516de7,1
/path/to/PANDA/features,8133,cab4f26bbd85ca92545f40bff547ae9b,1
/path/to/PANDA/features,8134,cabfce354dfee1e33454eac72a312677,1
/path/to/PANDA/features,8135,cac4a6e019153f88b52ae2fba6b20cef,4
/path/to/PANDA/features,8136,cac5402710abecbac8e6b597fa0a249a,0
/path/to/PANDA/features,8137,cacafc88559ad26efe04463c52195f4c,3
/path/to/PANDA/features,8138,cace17160395f1bffc45584c60a2e500,2
/path/to/PANDA/features,8139,cacf5097de53eb9db8566f3f48522bda,2
/path/to/PANDA/features,8140,cad5be674d572c62126515b81bd8629d,4
/path/to/PANDA/features,8141,cad5e47cef74fcaae1ccfcc8a268e4cb,3
/path/to/PANDA/features,8142,cae077a0259202d61eaf7f10424b148a,2
/path/to/PANDA/features,8143,cae520ae95d1e52de8b6df570d995a11,0
/path/to/PANDA/features,8144,caed3e720e2681a1058dca0c3fc33b55,0
/path/to/PANDA/features,8145,caee5cd6d6691f96111daa9a32dd6431,3
/path/to/PANDA/features,8146,caf7a1ac5a42eb8b7b738a897628160c,1
/path/to/PANDA/features,8147,cb0a506d82d41888c1e0b1d54649a53c,2
/path/to/PANDA/features,8148,cb109658cc3e8b87465e9359425e202f,0
/path/to/PANDA/features,8149,cb12c1ef22a8b58e36570fdc8dafbaec,5
/path/to/PANDA/features,8150,cb1a32f1ba7386723f1ade48af77ec24,0
/path/to/PANDA/features,8151,cb1b1213d0db6f21fa337069570f296c,5
/path/to/PANDA/features,8152,cb3da5be4fa20fa73ff61d8b6f7d3492,3
/path/to/PANDA/features,8153,cb3e71bd3331bf85370d0a3a3071f47c,3
/path/to/PANDA/features,8154,cb447241302fbb5026b7cd6837232331,3
/path/to/PANDA/features,8155,cb4dce32e66ce659b386933a77ff59b1,3
/path/to/PANDA/features,8156,cb4e0cc18babaee27c613971a3155fb8,1
/path/to/PANDA/features,8157,cb56eeb149fe1d3df30a43e374d7ab94,1
/path/to/PANDA/features,8158,cb5ce5e8af1a91fda5efb238e2e54f58,2
/path/to/PANDA/features,8159,cb64b562b53fad75ad9a575bb9150c00,5
/path/to/PANDA/features,8160,cb74b2651f529e460f2a169b5ea176b4,0
/path/to/PANDA/features,8161,cb7b640bd2d43968c3bddbfaa66eb4b7,2
/path/to/PANDA/features,8162,cb7cf64e17227693849d113793880d11,1
/path/to/PANDA/features,8163,cb88d17eb5534d45ea5377f92ff00bc5,5
/path/to/PANDA/features,8164,cb88fb1e0305ba94d8186a245ac2193b,2
/path/to/PANDA/features,8165,cb9467b3ebfe0885daa1f6f2ce03196f,3
/path/to/PANDA/features,8166,cb9583fccca3f6bc29a0a8d0cbe5462f,0
/path/to/PANDA/features,8167,cb9bc923249b183c8fc5b904f622695e,2
/path/to/PANDA/features,8168,cbaaf646e582b153aa87262de00bd4a0,4
/path/to/PANDA/features,8169,cbad739adf8a8bf6803b77f81946f8a4,3
/path/to/PANDA/features,8170,cbb06f8997eccd33dc7fc6562f2e06fb,1
/path/to/PANDA/features,8171,cbb3c71065b5c0dbc9ecedda2395fa99,3
/path/to/PANDA/features,8172,cbd1cef3de1dcfd55e489e41c4ae514c,1
/path/to/PANDA/features,8173,cbdc3e6b77c921f6f0c32924db8a8c01,2
/path/to/PANDA/features,8174,cbe083d6541a57bdcb503b33d94e6d8c,2
/path/to/PANDA/features,8175,cbe148ca500ebddf00d28e37cde97dbf,5
/path/to/PANDA/features,8176,cbe58732cb94078090d6a35b712e19d8,1
/path/to/PANDA/features,8177,cbf05dbfcf24b4fc7dded902c1ac37e3,0
/path/to/PANDA/features,8178,cbf2dd26a6026868098f999bbbbf7f9b,5
/path/to/PANDA/features,8179,cbf4271aff5c3365e6d9c7de7e49468e,4
/path/to/PANDA/features,8180,cbf88cd3846a62ae84c565808b9b5bd0,0
/path/to/PANDA/features,8181,cbff820f299b577e2af5ed136b6ef6eb,5
/path/to/PANDA/features,8182,cc09aad9e5b48edafbd9e4775cc58b99,0
/path/to/PANDA/features,8183,cc10f085bbb94d2cf54436567d7c8aed,4
/path/to/PANDA/features,8184,cc1ff189efdd483f831fb118780026ec,2
/path/to/PANDA/features,8185,cc2681fc29015a9c20bca401aba9d489,0
/path/to/PANDA/features,8186,cc2efe261a8e7d6dffbd3aff1f33d439,1
/path/to/PANDA/features,8187,cc3d4d77585447466f27904725bd1d7b,0
/path/to/PANDA/features,8188,cc43f8965a64a1f22b3162b91e7a1bcf,5
/path/to/PANDA/features,8189,cc49ab08ac59448bd5158ab994eb7350,4
/path/to/PANDA/features,8190,cc4c05d450b5688a72299fd33ebedc0f,3
/path/to/PANDA/features,8191,cc56822c2b73e6729fcaccc06c0b3ce6,0
/path/to/PANDA/features,8192,cc62826100999f9afbea8484e18dbf00,0
/path/to/PANDA/features,8193,cc6582f22aaf82f448e5eecb2384df6e,0
/path/to/PANDA/features,8194,cc66d0b4ad6375c6bed929d10c98a716,4
/path/to/PANDA/features,8195,cc69b5e397b5d44eb220566b0bfbed78,1
/path/to/PANDA/features,8196,cc6cc8edfde85b399233cf8d891de0a0,0
/path/to/PANDA/features,8197,cc7108d87539f2f33927e77866055774,0
/path/to/PANDA/features,8198,cc749cec9e37b3e141e62a6a33c6eaf3,2
/path/to/PANDA/features,8199,cc759aa48c28b7711bfbfc7ebbbd762d,4
/path/to/PANDA/features,8200,cc75ac1620668231d5cc98975937aad3,2
/path/to/PANDA/features,8201,cc8e0db9056592acd465f3457bc06177,5
/path/to/PANDA/features,8202,cc9bcb8d5cfb549f56cb21d55d0571f4,0
/path/to/PANDA/features,8203,cca03fff371929086f159459f7e7fbb9,1
/path/to/PANDA/features,8204,cca16fe9fc516e6f57aeac51819dcb71,2
/path/to/PANDA/features,8205,cca2cbc5a43349c6e79201e8ee02660b,0
/path/to/PANDA/features,8206,cca53cbca33dc4a5548e85a1067c1943,0
/path/to/PANDA/features,8207,cca735c397880e88192e97d68b97754e,1
/path/to/PANDA/features,8208,ccb5f65e5ba0f01182793b589905b123,0
/path/to/PANDA/features,8209,ccb6c208e487f82032ab9c82883e4b31,0
/path/to/PANDA/features,8210,ccb6cf5f73948fbd88d7e4f2fcdea92e,0
/path/to/PANDA/features,8211,ccbe967c03ac80d44beb5a92167730ea,3
/path/to/PANDA/features,8212,ccc369b1011a0bf8ab0d11b2ac495bc8,3
/path/to/PANDA/features,8213,ccc36a9cc1e759ad828fafbb7694c4a6,5
/path/to/PANDA/features,8214,ccc4df654e215484bcaedf26dd508c5a,0
/path/to/PANDA/features,8215,cccc2eaa9a08088488cc2e0e682b551e,2
/path/to/PANDA/features,8216,ccd8233766596e1c14e70f77740b87b5,4
/path/to/PANDA/features,8217,ccd93f4e3617e685fb9897791d1822b4,0
/path/to/PANDA/features,8218,cce758a516c17f64403e0550afa13705,0
/path/to/PANDA/features,8219,cce88e90c08f51b8c005d5458623b9e5,0
/path/to/PANDA/features,8220,ccf1f6923eb620f03139c36f14f3fe50,1
/path/to/PANDA/features,8221,ccf41d11135d582d9e184970c7eff9c8,1
/path/to/PANDA/features,8222,ccf54a0693ec67516add9b4218fc3b68,0
/path/to/PANDA/features,8223,ccf93fec7c1fccc631606b07af2342b9,1
/path/to/PANDA/features,8224,ccf9d24a414565e908da2e72beb306de,0
/path/to/PANDA/features,8225,ccfca35fc6e072b7f53082fd5aeb0e86,0
/path/to/PANDA/features,8226,ccfea5f117586dbf876845d5980ca510,0
/path/to/PANDA/features,8227,cd0583471a9efd1eaf916a2c0ec79ca4,1
/path/to/PANDA/features,8228,cd0caa41fe8b3cfb5d80601d1065e597,5
/path/to/PANDA/features,8229,cd0ea1fcb034376845c7af09d2154603,1
/path/to/PANDA/features,8230,cd11306b822ad900babf0497b524d8d9,5
/path/to/PANDA/features,8231,cd19260dc9973fdc61691502ae1942da,1
/path/to/PANDA/features,8232,cd248eb09a3e4a1ce70b2745f45ce332,2
/path/to/PANDA/features,8233,cd382fdc26516c634b2314aa870bfe80,1
/path/to/PANDA/features,8234,cd40065527f49b4473f05e0db148d04a,1
/path/to/PANDA/features,8235,cd43ed86eb797297f895d4669c114ea2,0
/path/to/PANDA/features,8236,cd452ef8c793e13a8caae24e65701f3a,2
/path/to/PANDA/features,8237,cd5000b5145431a1c0883b7753df9c55,0
/path/to/PANDA/features,8238,cd5ba6aadfeafe1aa567c7d18fe93660,5
/path/to/PANDA/features,8239,cd5e1ac4ae0e9c5d0462a8ad96d43e68,1
/path/to/PANDA/features,8240,cd6173efcecbac38897f78131119e59c,1
/path/to/PANDA/features,8241,cd636fee80a3058dcd3f5428d997a153,0
/path/to/PANDA/features,8242,cd693fc01b5750ff2e7cbaf8e9e305f8,1
/path/to/PANDA/features,8243,cd7175bb0b7c06c92b99d1432c12ebe0,0
/path/to/PANDA/features,8244,cd894e213f1522b7dfc41d457dc4899b,0
/path/to/PANDA/features,8245,cd8d74b77f1fc44b5fb034049913af43,4
/path/to/PANDA/features,8246,cd9465086595101ef9564b9d8c303c38,0
/path/to/PANDA/features,8247,cd976ea28b11b8f19b4c1b3eae55efa1,1
/path/to/PANDA/features,8248,cd9b8f5118bb6e5bf92edb4a5aed4455,4
/path/to/PANDA/features,8249,cd9c3b20829419695429f656fc340821,0
/path/to/PANDA/features,8250,cda73f7fd7553122c26a755fa35b63b6,0
/path/to/PANDA/features,8251,cdb4764932947b3b48d87c8322015b17,4
/path/to/PANDA/features,8252,cdb645176929461ef9742fc6c19d9dcd,0
/path/to/PANDA/features,8253,cdb7663719497428b4d9243b76da3ace,1
/path/to/PANDA/features,8254,cdb85e317139cf608d514e1c8653d0f3,5
/path/to/PANDA/features,8255,cdbfdbedc6d73c22c8df92b78eaa363d,0
/path/to/PANDA/features,8256,cdc62b9e07d25bb4ceac1ba9d09e6e12,2
/path/to/PANDA/features,8257,cdcf73225944d4e87e64f178371d897b,2
/path/to/PANDA/features,8258,cdd38de824722c0bf9d9494c258c6bf6,0
/path/to/PANDA/features,8259,cdd59f04d7495b07695cee0d604b3bf6,2
/path/to/PANDA/features,8260,cdd5b7d07b98f61d3668207531b4de07,1
/path/to/PANDA/features,8261,cdddbff5034599ef91bdeb764280916c,0
/path/to/PANDA/features,8262,cddfb3fb31fdb7cc00a72c4fce6a1a15,0
/path/to/PANDA/features,8263,cde2247ec66faa1d9ed7cb325d14bcd4,0
/path/to/PANDA/features,8264,cde5025e8daabf4a99d549a6d76442f3,4
/path/to/PANDA/features,8265,cde6ea7eeb1b6c4fbca3c85f430b9ae7,4
/path/to/PANDA/features,8266,cdefc4649194000c27f3fa17f936d517,0
/path/to/PANDA/features,8267,cdf16b2ead8765e75813e2071d14965e,2
/path/to/PANDA/features,8268,cdf1f6e142dcabb9c481c919ada4a4c7,2
/path/to/PANDA/features,8269,cdf40333dfe2afec1a4c54d9eeb1ec7a,1
/path/to/PANDA/features,8270,cdfb1827419478497bba249af9b7c6ed,4
/path/to/PANDA/features,8271,cdffccb112b4bc1ccd2dcc1cc3e948cd,5
/path/to/PANDA/features,8272,ce04c1a8d8577bb9620620c0a62edb15,3
/path/to/PANDA/features,8273,ce07aae37ab28e6276bcab332a9706c9,1
/path/to/PANDA/features,8274,ce0da4133055348f5fb0921166999534,0
/path/to/PANDA/features,8275,ce11c35b78303027cbbf715f48c0817a,2
/path/to/PANDA/features,8276,ce1d724d0212a81bbf8a7f9f52785f1e,1
/path/to/PANDA/features,8277,ce24af9d3fb0d05a754acfcc0ec1a700,0
/path/to/PANDA/features,8278,ce291e079a6b6725e114af74700e0a0b,4
/path/to/PANDA/features,8279,ce31f52b2a072b7eed30b6e364934989,1
/path/to/PANDA/features,8280,ce3838c838f9684ab8201482d4454f75,1
/path/to/PANDA/features,8281,ce4609213e63dd5d89e2b249d3e00ac6,1
/path/to/PANDA/features,8282,ce4673bfec443f9bace55ef83279518c,1
/path/to/PANDA/features,8283,ce4acd4784c1eb4495fa69b1ba196266,0
/path/to/PANDA/features,8284,ce4ea0a4caa1d63cef4e6a5b4c9c92c7,2
/path/to/PANDA/features,8285,ce5578cd0044db806cbfc334f9013316,2
/path/to/PANDA/features,8286,ce5a06d88462ff9e8838c64c748ec9ab,0
/path/to/PANDA/features,8287,ce5e7a97342ec550c5e0d6212ce3c374,1
/path/to/PANDA/features,8288,ce5f21729823eb5d67ce2d874844e70d,0
/path/to/PANDA/features,8289,ce6346510ef11552a1e8f186cf12678c,4
/path/to/PANDA/features,8290,ce6a38ef5d41129056e35b787bbba46e,0
/path/to/PANDA/features,8291,ce6affc23b0d11aebf574b6d14e26b79,4
/path/to/PANDA/features,8292,ce6d24c6c8eba65c1c0329505c6f7eb6,0
/path/to/PANDA/features,8293,ce703fe24b485beaf1668ffc3ec6c858,1
/path/to/PANDA/features,8294,ce7817cab3ef2a86003458ddab80269b,3
/path/to/PANDA/features,8295,ce81743c50635f1d90f3fb8ad3d00858,0
/path/to/PANDA/features,8296,ce89deff2021f7b676fe203abb4c3235,5
/path/to/PANDA/features,8297,ce8d8607d29aff038a6e27528a9789ee,3
/path/to/PANDA/features,8298,ce8f7d335ba01839ce10eaff44daff42,2
/path/to/PANDA/features,8299,ce9011a24ceb0542202468792438328a,1
/path/to/PANDA/features,8300,ce9bb158136f91131c260e1f37b21980,1
/path/to/PANDA/features,8301,cea19364daf850fbabfbdcd07cd145c1,1
/path/to/PANDA/features,8302,cea56801015e8f1ee57c6e13bdb4231b,1
/path/to/PANDA/features,8303,ceaed3c478ce8e0366c1e3d30edf1192,0
/path/to/PANDA/features,8304,cec0358c230738e793cd94e0e3ce1da6,1
/path/to/PANDA/features,8305,cec3c34a4776cfc9e2b867b8c420fd53,4
/path/to/PANDA/features,8306,cec6d31b042009cc924bffbe794b1da1,3
/path/to/PANDA/features,8307,cec81433693d2168ddee15f9bb37dc19,5
/path/to/PANDA/features,8308,cec870d74b6224da56fe6d0d7ca77e03,1
/path/to/PANDA/features,8309,cec98ce225951b05451fca0914d7f426,2
/path/to/PANDA/features,8310,ceca3540b0d27bc1db9400138e1bf518,0
/path/to/PANDA/features,8311,cecdc96ef01669b8823a27ff711d3026,2
/path/to/PANDA/features,8312,ced6ffe009ca7f22c825b4ddfbc7f8ad,0
/path/to/PANDA/features,8313,cee2763f9b1d5b02297ad853104534f8,0
/path/to/PANDA/features,8314,cee7b2752a60314af93ae14dae4124ec,0
/path/to/PANDA/features,8315,cee96dcc8648f60d9fa96e7b5f5fbe09,2
/path/to/PANDA/features,8316,ceee1afde9b68b8b353407a7358aa48e,5
/path/to/PANDA/features,8317,ceeecabdd20612d39d87af49f190b414,0
/path/to/PANDA/features,8318,cef4044dc0fb83b93818d1c410591e7b,5
/path/to/PANDA/features,8319,cef9240f1890be3b038655d71f74fa78,1
/path/to/PANDA/features,8320,cf0bfcef2cb5d92116a3d4adbdacd5fa,1
/path/to/PANDA/features,8321,cf0fd3c2ca4f97a09395122792cc4f76,5
/path/to/PANDA/features,8322,cf14096dd1f7d3e89c3ff718f29fb985,1
/path/to/PANDA/features,8323,cf19c18868fc35dfd2628358ca4b73f1,1
/path/to/PANDA/features,8324,cf19cb0a9afe665714916a274c300702,1
/path/to/PANDA/features,8325,cf1c7e7e632db44c5ca6de473da247e6,3
/path/to/PANDA/features,8326,cf28cb8b44e9549b766ece06085f647f,4
/path/to/PANDA/features,8327,cf2cde676c6f71f1373a55588f098145,0
/path/to/PANDA/features,8328,cf2d2942b89d99574da83a3dea91d8fe,3
/path/to/PANDA/features,8329,cf30df304e1b75bc28624ef1d5c2cf6e,5
/path/to/PANDA/features,8330,cf330aa80b0a7c79250822622cef45da,1
/path/to/PANDA/features,8331,cf335413f10f71bb6f69400ba4d5086c,2
/path/to/PANDA/features,8332,cf385dd3211d78cdcfa8c90c2bab5b37,3
/path/to/PANDA/features,8333,cf481e35314bb3e93f3716b6c456e85d,5
/path/to/PANDA/features,8334,cf4938eb30ad64f2e955ad04e90520bb,0
/path/to/PANDA/features,8335,cf55f513b16209a90e3d71b1f5234c95,5
/path/to/PANDA/features,8336,cf6d2d5e9dd37892e7aeb4cd12f76db3,3
/path/to/PANDA/features,8337,cf71025291b7d039b30434e6ffe94272,0
/path/to/PANDA/features,8338,cf77075f910326e17c57d890d6bbd6e1,3
/path/to/PANDA/features,8339,cf7bed5666c8638e33d0aa9d39d7a5f7,1
/path/to/PANDA/features,8340,cf7f123c8b625d018cd97190a3fb3d51,0
/path/to/PANDA/features,8341,cf80de78a4b2fbf446923732c1046166,1
/path/to/PANDA/features,8342,cf811d5af1bb735310b1a7775cd2ee9f,3
/path/to/PANDA/features,8343,cf82146a7d5cfc712501c6471ccb882e,0
/path/to/PANDA/features,8344,cf843d7b7445702821728d9f3239cede,3
/path/to/PANDA/features,8345,cf87533820b0ce6dbb09e7aefc82f254,0
/path/to/PANDA/features,8346,cf8ab5a2ce0ff0b3d025ddb3ba1937a2,4
/path/to/PANDA/features,8347,cf8b47846bb4ca7eb4445600a32480b1,2
/path/to/PANDA/features,8348,cf9442b28b0296a240c1766e910ab08f,3
/path/to/PANDA/features,8349,cf98288a084de953fd69b8cde784b755,5
/path/to/PANDA/features,8350,cf9f541c28be35984163546c15ddfe09,3
/path/to/PANDA/features,8351,cfa2929b3aca993d085fba960b7da156,1
/path/to/PANDA/features,8352,cfaf6eefcebb7e6dd2cf0f031b1bd8c1,2
/path/to/PANDA/features,8353,cfb29a1c64c1c59c8f4837bab2d285d7,0
/path/to/PANDA/features,8354,cfbabe8f3c5c7978dc95f905d16914a9,1
/path/to/PANDA/features,8355,cfbe34e8826d4e2bb02061d9ef056e83,3
/path/to/PANDA/features,8356,cfc8739fcc8e3d89f162ef4718c4e4c5,5
/path/to/PANDA/features,8357,cfcd8b9846989be50730a0fcad497edd,0
/path/to/PANDA/features,8358,cfdac1ca5172b91340648a9c1ed43a65,2
/path/to/PANDA/features,8359,cfdcf7c4d670c85e658b4286c7807bed,5
/path/to/PANDA/features,8360,cff9b114b19d84d141a5c84dc930627d,3
/path/to/PANDA/features,8361,cffe816dc2dae6fb3f918ed68148d26a,5
/path/to/PANDA/features,8362,d0022aa1cfea58d296af9aa1c4a7285b,1
/path/to/PANDA/features,8363,d003f5002399be95a85780d36462def4,5
/path/to/PANDA/features,8364,d00866f3a286162b27e7a466cb88eb9f,3
/path/to/PANDA/features,8365,d00cd9f041626b029b2cd3b49b765c6d,1
/path/to/PANDA/features,8366,d0115a12026bc4b8a10ad05fe4992ded,3
/path/to/PANDA/features,8367,d02887ef5011de35ded020b2f1d6e922,1
/path/to/PANDA/features,8368,d02c1da03b5ef4fb5ea6b793a3c1fc79,4
/path/to/PANDA/features,8369,d0338a0c3d03cfb83376ce015597c0cb,0
/path/to/PANDA/features,8370,d036e5b82131663ce9713366f9285063,0
/path/to/PANDA/features,8371,d036e99b65edb7c803b047c4d5f43dce,0
/path/to/PANDA/features,8372,d0461ccb7f1b70ee7dc3188422e246d9,0
/path/to/PANDA/features,8373,d0462013eea62d105acad888be86d219,3
/path/to/PANDA/features,8374,d04666b67e5112e0aaaaee7a1257ef8d,1
/path/to/PANDA/features,8375,d04a52ee5ed0a35c5741c7276eb0a063,5
/path/to/PANDA/features,8376,d05dedcf409db3d984fce8af576fdab3,1
/path/to/PANDA/features,8377,d065d62d5db3a99245b8eff06975c94f,1
/path/to/PANDA/features,8378,d067d3241f1340c9c54c1b78a5a780cf,0
/path/to/PANDA/features,8379,d069c3a1245936e89b9d7d8beff2f1d6,3
/path/to/PANDA/features,8380,d06caef003246b913feba14f74dc9e1a,5
/path/to/PANDA/features,8381,d06f2b00a00eb4136df95c649807fc71,1
/path/to/PANDA/features,8382,d0722f1c8a76133ce8400a4c1dafce5a,5
/path/to/PANDA/features,8383,d078bb822b00d4c5efbc26fde8dd86c8,1
/path/to/PANDA/features,8384,d086283d558caa08041b9f13b1580737,0
/path/to/PANDA/features,8385,d088f8e0bbd26aeec7525368606a9fd4,4
/path/to/PANDA/features,8386,d08bd91bd82152478e446b6c0aca6d4a,3
/path/to/PANDA/features,8387,d09073da9721209068a47d2b842c63a9,0
/path/to/PANDA/features,8388,d097cacf525058ef294e46c7e6cd2f1b,3
/path/to/PANDA/features,8389,d09952091a04db9325e1b1ab3b87e69e,1
/path/to/PANDA/features,8390,d0a19a35996817e2b7a5f4c6c35c57be,0
/path/to/PANDA/features,8391,d0acc11d83aab44601a615247aaa1622,5
/path/to/PANDA/features,8392,d0b1d2710ec6d4e95e559601570dcb71,1
/path/to/PANDA/features,8393,d0bd34262db1f6c9753c6ead015e347f,4
/path/to/PANDA/features,8394,d0c4142647b620df5a8b8e5e21f970e1,2
/path/to/PANDA/features,8395,d0cb73c9ad19c13c6fe93cc2c61cc073,4
/path/to/PANDA/features,8396,d0cf3aa67b62f08fa1493ace45df7843,2
/path/to/PANDA/features,8397,d0cf594c5106fb84e894c0b12013f367,3
/path/to/PANDA/features,8398,d0d12390438f3ed80f9651117dd961d7,0
/path/to/PANDA/features,8399,d0d12e2cd5f7f1e626ada65eb1e418f1,1
/path/to/PANDA/features,8400,d0d27aeca4fd3a00340812c03b692f56,1
/path/to/PANDA/features,8401,d0d72adbaf55250c7cfd81ce58f18304,2
/path/to/PANDA/features,8402,d0e4a4827c5ce9d7cc92f05e25674b71,0
/path/to/PANDA/features,8403,d0fb429c78688f034b93eacf642b8d9d,5
/path/to/PANDA/features,8404,d0fe5433525c2dd49ca417cc8a4c82e8,5
/path/to/PANDA/features,8405,d10444705e9e97c52affab94ba03f7be,1
/path/to/PANDA/features,8406,d1071efa4e88c78030b7fb2b46217943,0
/path/to/PANDA/features,8407,d1088ba933bd7066a3a777f542f61fa6,1
/path/to/PANDA/features,8408,d111dfd7a4f8fda7af0ea489a9dea0fd,5
/path/to/PANDA/features,8409,d1168f166a7884c4871b6948f43b273f,1
/path/to/PANDA/features,8410,d11c87201830d5e0b853fe783ff28b70,0
/path/to/PANDA/features,8411,d125850318a62f30fd13cab559fcbc91,1
/path/to/PANDA/features,8412,d1258da064449272f0791bc950214da6,1
/path/to/PANDA/features,8413,d12d9f200e1746eddbbe430243a46cb3,4
/path/to/PANDA/features,8414,d13dd7a0555436d55b7b82a988b57f41,1
/path/to/PANDA/features,8415,d13ee083f8ea8e6be9e54cf1c6d7fa50,3
/path/to/PANDA/features,8416,d13eecf391803d164d6f0fd89f1871e8,1
/path/to/PANDA/features,8417,d14d2e2f09b3499b43ef1049691cfa73,0
/path/to/PANDA/features,8418,d15706b4cad3b7f87dd260aab604b25e,5
/path/to/PANDA/features,8419,d1638380152648f1466e4aca9f260d15,1
/path/to/PANDA/features,8420,d1664288850cb1224eac89ca5f092c66,1
/path/to/PANDA/features,8421,d170e740852da74410caa708246dc4de,5
/path/to/PANDA/features,8422,d172dc93c49f96c58c22a56724aaf1aa,1
/path/to/PANDA/features,8423,d1766314b6c9a6f528f4cb6643798d41,5
/path/to/PANDA/features,8424,d1870bceedacbf78037200cae693a8ad,4
/path/to/PANDA/features,8425,d18c24df948f2d59ce38b6c97a0045d0,4
/path/to/PANDA/features,8426,d1904b78395bd1b84534387a26f1950e,0
/path/to/PANDA/features,8427,d19246d956e226f8a41ad8848482c5fe,2
/path/to/PANDA/features,8428,d195ee46e702f3fee56c8d29a8c0bf07,0
/path/to/PANDA/features,8429,d19abb9c2a1826a5aae68c21f97def14,0
/path/to/PANDA/features,8430,d19db5477bfa4fbc71388d05346c1690,0
/path/to/PANDA/features,8431,d1a0ac3ec79fb3fcafe4731c4c06845e,5
/path/to/PANDA/features,8432,d1a3e22d389978f453058df5cbd76f1d,4
/path/to/PANDA/features,8433,d1a7929f14a24aad1e0f2178ae2ab08e,2
/path/to/PANDA/features,8434,d1a9750fbe2b10c8d52dfddf4cb1bde3,2
/path/to/PANDA/features,8435,d1b4359a8c2aad62e330ad3fb0a59eb7,0
/path/to/PANDA/features,8436,d1baa7e7eae6ec14a7342a27ab6a4b37,3
/path/to/PANDA/features,8437,d1c137944db51061ce5cf3ef82b1d8b5,1
/path/to/PANDA/features,8438,d1c55a74d360f72ccb9581e85a3ec08e,0
/path/to/PANDA/features,8439,d1c85d62cfd6732c83b4eec70cbfeea4,1
/path/to/PANDA/features,8440,d1d01215e79310f53de9ccdb32842e4e,2
/path/to/PANDA/features,8441,d1d6ed6317466e46f6c8574d1508972d,1
/path/to/PANDA/features,8442,d1de8d4b1b39a0daeb0038f93931665d,0
/path/to/PANDA/features,8443,d1df1946a0d00bdf843cbbedbe98fa4b,5
/path/to/PANDA/features,8444,d1e98dd82b39587a6ad1f1351fd8269e,1
/path/to/PANDA/features,8445,d1ebc07cf1375909d41a2021249820e5,3
/path/to/PANDA/features,8446,d1ec2a1c9426ba4bcd9a5bb5fd047ee9,5
/path/to/PANDA/features,8447,d1f6f641995b6e6753793d9029339fb9,1
/path/to/PANDA/features,8448,d2029423ffecf93f8114770e5d061027,4
/path/to/PANDA/features,8449,d203223fbdcf16f652de8669eac6b8df,0
/path/to/PANDA/features,8450,d20a7257f89745f389a6dc98b6b4df7a,4
/path/to/PANDA/features,8451,d22031e32aaed68b8e5119271ed8b86f,1
/path/to/PANDA/features,8452,d22037cd1b81cea986e4c0a77c9fc2bd,1
/path/to/PANDA/features,8453,d227b2a18afb71ff3a163bad22e090d4,1
/path/to/PANDA/features,8454,d2293f17839b0cf5c7a187353826d640,1
/path/to/PANDA/features,8455,d22d1b554089814541b4ad97c6300b7b,5
/path/to/PANDA/features,8456,d22e7fcc26fb07ea31a8760f374ed4bc,1
/path/to/PANDA/features,8457,d238858042506302cfc15c63db81341b,2
/path/to/PANDA/features,8458,d23e0709ca64ced49fcba580e93a5b9d,2
/path/to/PANDA/features,8459,d24132a1799988d8e8580e46d2123897,1
/path/to/PANDA/features,8460,d249d836be027a87143de501fed43519,3
/path/to/PANDA/features,8461,d27014268de16d7acd61642838990335,2
/path/to/PANDA/features,8462,d2711770cdfacb1f41296664d53a5c51,1
/path/to/PANDA/features,8463,d2728eec000198df9000ee2bb07fe2b0,5
/path/to/PANDA/features,8464,d27cfb2b30e4b435f0d0e38997050988,2
/path/to/PANDA/features,8465,d284c0c04e9c24ed036a882a92823ec5,3
/path/to/PANDA/features,8466,d290264f0b49f110e26c585e874ff8c3,1
/path/to/PANDA/features,8467,d2a97eb750bf080454727f8b67a69d92,3
/path/to/PANDA/features,8468,d2acc357f4126d54cbfb4ff7ed254616,1
/path/to/PANDA/features,8469,d2b1ee78b2dd9b89d02a1f4a1113a801,3
/path/to/PANDA/features,8470,d2b9b8079e77cd93ab79755e21170e65,0
/path/to/PANDA/features,8471,d2bc6a6beb7e4d86acecde314f99ce4c,4
/path/to/PANDA/features,8472,d2bd898f6bf18aab557c0d7d4fca4fc8,2
/path/to/PANDA/features,8473,d2c09b4b3af157777fd5f22d8a37dd56,0
/path/to/PANDA/features,8474,d2c92272a7d4464173a9488c6d0c41ed,0
/path/to/PANDA/features,8475,d2c964910e2e8295fc329dd57918986f,2
/path/to/PANDA/features,8476,d2c9f2abe87b5415c2eb611e9f84ef82,1
/path/to/PANDA/features,8477,d2d214b96cfa479a5cfc795a8760c7c1,1
/path/to/PANDA/features,8478,d2d78e5a7ee90979ebb3ebe28fb79554,1
/path/to/PANDA/features,8479,d2ddf3569a3480f94bccb1c995efd8ec,1
/path/to/PANDA/features,8480,d2e8ff5257ef522c1d7bef30c96d06df,4
/path/to/PANDA/features,8481,d2e99d97cea5ba41f7d2e30a221adee4,5
/path/to/PANDA/features,8482,d2eee81a3492a7577e45e6784e450de9,1
/path/to/PANDA/features,8483,d2f0bee01d05f3df914d2d38ffae8b8b,0
/path/to/PANDA/features,8484,d2fa7b7e8b5d7ac158a745839005336a,2
/path/to/PANDA/features,8485,d30e752128d848c02c131360d06d9381,3
/path/to/PANDA/features,8486,d3108b3d03032e09e9c1f07492c110b8,1
/path/to/PANDA/features,8487,d313b85c97ec5f0a01d507f162665986,5
/path/to/PANDA/features,8488,d325814c0e52495c8909878358961df3,2
/path/to/PANDA/features,8489,d33bef726e38ebeb8e7e3c0ade1e27c7,4
/path/to/PANDA/features,8490,d341e19a76135d79774f19f5e9ecc5a9,2
/path/to/PANDA/features,8491,d34c7fe759808771f0b2dc65ad0df03c,4
/path/to/PANDA/features,8492,d353010d2782836025f7c2451458bbd1,0
/path/to/PANDA/features,8493,d367d2ae429c9f746a3b0fce1f845b63,1
/path/to/PANDA/features,8494,d37503369b9381675b7e76753febca9e,0
/path/to/PANDA/features,8495,d375f524d50db8fcf857eadcb70ef5d1,5
/path/to/PANDA/features,8496,d37a3ff1e6b13f61d194187c478bfef5,1
/path/to/PANDA/features,8497,d38023a1ae94edce5f0ef2d2043bd17e,2
/path/to/PANDA/features,8498,d38193285da00a4e907e5947253ff486,3
/path/to/PANDA/features,8499,d383a65adb84e2f3032f0c68246224eb,0
/path/to/PANDA/features,8500,d38a9db63e100d405ddb1a932b53d92f,1
/path/to/PANDA/features,8501,d391b688a24367fdafa1a25a8fd9e6ad,1
/path/to/PANDA/features,8502,d396752533648e870437e895a2a1d175,4
/path/to/PANDA/features,8503,d3a5775345ddc4976944ff1941709ef0,0
/path/to/PANDA/features,8504,d3abadcb28a19cd4c68edf9be745c4b6,0
/path/to/PANDA/features,8505,d3ad807661c72f8d122a8d0b2dbc4b65,5
/path/to/PANDA/features,8506,d3b0cdab6ed795373d51671aa3ab0562,3
/path/to/PANDA/features,8507,d3b34f76b7192172d6ace4f167cb3924,1
/path/to/PANDA/features,8508,d3b6c2650c9f201f3ff4ad20faafc23a,1
/path/to/PANDA/features,8509,d3bec5f291e147ae2527e00f897c6229,1
/path/to/PANDA/features,8510,d3c5d7ceeb968c58ab20710cae53e022,2
/path/to/PANDA/features,8511,d3c65dc1847ee1328eb320d47e1d7b00,0
/path/to/PANDA/features,8512,d3c7604d072872f207a5e4cf31678fb1,1
/path/to/PANDA/features,8513,d3c90e3b04360cdbeadad04e64cd5e2c,0
/path/to/PANDA/features,8514,d3cf96c8fbb358768a0a65207b27ba3a,0
/path/to/PANDA/features,8515,d3d56ee887a17cd40e7b6cf630c8107c,2
/path/to/PANDA/features,8516,d3dd5bb57e15006aae47d7be82b94438,2
/path/to/PANDA/features,8517,d3e23bbcfec0c78ec75c14122e7b7ec0,1
/path/to/PANDA/features,8518,d3eb5180ac60d44370855f0c9c54f2b9,1
/path/to/PANDA/features,8519,d3ef86275b0da6ce3e7f01faa652c3f7,0
/path/to/PANDA/features,8520,d3f6434f43689a211788c03214c49a8c,1
/path/to/PANDA/features,8521,d40022119792db6bb90f85d2d77c4d01,4
/path/to/PANDA/features,8522,d4008e9be9d30da69c1d6b622c0b5859,4
/path/to/PANDA/features,8523,d40af49780ea57bf40bd6248938a832e,0
/path/to/PANDA/features,8524,d415c5d834b992fdc0ad3bcc9fdac22f,2
/path/to/PANDA/features,8525,d41a958db22d495ee02e9672d1a3e532,0
/path/to/PANDA/features,8526,d41fec38141fa3f1a14262421c361b29,2
/path/to/PANDA/features,8527,d42bd4e73a676fe81419f7c9b499a79f,2
/path/to/PANDA/features,8528,d4326c1148db3d103cef8bab1d1d524a,5
/path/to/PANDA/features,8529,d436e759a2f2a387b85ee7a3f91bfdd7,1
/path/to/PANDA/features,8530,d437a7e3fa8a822dc781e7e9c5cbf06f,3
/path/to/PANDA/features,8531,d439005ae0aeb218bcc014e67c92aba0,3
/path/to/PANDA/features,8532,d4503a149810bfdc64b9c10bc247ee48,1
/path/to/PANDA/features,8533,d451685dcc46d4f00faaba2d22a2ff7e,4
/path/to/PANDA/features,8534,d451ec7b30cdbf594212c1bf7549a212,1
/path/to/PANDA/features,8535,d4557d562ab93564514e79c9dbbcc3cd,3
/path/to/PANDA/features,8536,d46d5885480d4773f9c7670e0fcd038b,0
/path/to/PANDA/features,8537,d49075075de98ba225b3306bc8cfca44,4
/path/to/PANDA/features,8538,d4937c7e9d120469b686ff5d34e71fa7,1
/path/to/PANDA/features,8539,d4a0456a1c023a8d75170ce98199ac0f,0
/path/to/PANDA/features,8540,d4abab1f8cfc6c65c6d4f0e5b5a74c03,0
/path/to/PANDA/features,8541,d4af3a08f3cae4cd616609c9b4b2e9f6,0
/path/to/PANDA/features,8542,d4c24da9724759ae8e6ad6358b5cb620,3
/path/to/PANDA/features,8543,d4c6270294e180ad526ae4315a0c4249,4
/path/to/PANDA/features,8544,d4dcb1cd15053d17de19d2d63ddcb173,4
/path/to/PANDA/features,8545,d4de3f75f584833fbf5318f1352349fc,1
/path/to/PANDA/features,8546,d4e11ec26633ed74394b8df2228bfb75,1
/path/to/PANDA/features,8547,d4f15bf1d630b5c3eaf6c4928ea99715,1
/path/to/PANDA/features,8548,d4f83e0d9b46e89cd5e9da401f625bce,2
/path/to/PANDA/features,8549,d4f9cc7d8f83db9394cd95be9eb10b00,5
/path/to/PANDA/features,8550,d4fb7f6c56896aae15919a010984a8bd,1
/path/to/PANDA/features,8551,d50739fb64a3c3678a6788c43c0784a4,0
/path/to/PANDA/features,8552,d50d41a3432c35eb80111ef06c2845ef,5
/path/to/PANDA/features,8553,d50f85e2414dd545345934cdef5c8dce,0
/path/to/PANDA/features,8554,d5110b3363bff16460ad266f1ce4ea06,1
/path/to/PANDA/features,8555,d5235bb224047dae8ea4c5882dbc7e43,3
/path/to/PANDA/features,8556,d527d0d353eef920f47505af9fe37956,2
/path/to/PANDA/features,8557,d52aeb8671398a50464cabf9927fd86d,0
/path/to/PANDA/features,8558,d52bc4ddd5d4efb8a99e68bc9d597fa6,3
/path/to/PANDA/features,8559,d52ec58700702eb7df937ba9304ad2bc,1
/path/to/PANDA/features,8560,d536c08dee5e770c64145b41e9c387b3,3
/path/to/PANDA/features,8561,d54603c7b6fda2615c5576d137c750c4,2
/path/to/PANDA/features,8562,d54a086123963adeb84c160160bac353,1
/path/to/PANDA/features,8563,d55f48bd044aaa65375a07b6c02b34af,3
/path/to/PANDA/features,8564,d568b6fc539851e62d84e3223eee7091,5
/path/to/PANDA/features,8565,d56a581b4b109179d6688d3e21d7225f,1
/path/to/PANDA/features,8566,d56b812ee937874f4db8f96e8346828a,0
/path/to/PANDA/features,8567,d56d1e479d43741a7fd063355c415577,0
/path/to/PANDA/features,8568,d592f94339f67b9453dca75b5826f367,4
/path/to/PANDA/features,8569,d59534f97e8598b8673e7793c08b1694,2
/path/to/PANDA/features,8570,d59f5e96dec59861dcd635d4e0febca8,3
/path/to/PANDA/features,8571,d5a0675bd4fc5ec1e7f4e255da6d5ea9,1
/path/to/PANDA/features,8572,d5a8225a2a912684b38167cc6da67bdd,5
/path/to/PANDA/features,8573,d5ac3e845ce7d8ae724837805912da91,4
/path/to/PANDA/features,8574,d5b260922fb628cf83d7960ef02c4e60,1
/path/to/PANDA/features,8575,d5b50c1579d9f27e41d477ae6a03de27,1
/path/to/PANDA/features,8576,d5bf3e7b1d30bf762b03b60d88177b20,3
/path/to/PANDA/features,8577,d5c07be135c27ed55327536e81fbb1bc,5
/path/to/PANDA/features,8578,d5c40ec532586debe95b6ff9f2233f0f,5
/path/to/PANDA/features,8579,d5c62bf59f3fdd7e8ae2280531e1bdfe,0
/path/to/PANDA/features,8580,d5c7f88f88f69807ac508571475473fe,5
/path/to/PANDA/features,8581,d5cab685b579ccaf021401bf2589b5f0,1
/path/to/PANDA/features,8582,d5cef9fcc30f71c7d24d00114bcfecd5,3
/path/to/PANDA/features,8583,d5d31d19fd6fc69ccb385e975c64e967,2
/path/to/PANDA/features,8584,d5dee5de5515c0c97d57eec89feac17c,4
/path/to/PANDA/features,8585,d5e5a96868127d64112701488904e65b,1
/path/to/PANDA/features,8586,d5eeb98864c5c06106420f8af7b24e8b,3
/path/to/PANDA/features,8587,d5f066d179ba659ba25b2a6846619356,5
/path/to/PANDA/features,8588,d5f28a3679e12334214c14d72fe90760,1
/path/to/PANDA/features,8589,d60a54e0359baa5b161a897efa7e87ee,3
/path/to/PANDA/features,8590,d6112e98bf1d15028ccb46cefd393241,2
/path/to/PANDA/features,8591,d6150329ed7041e5734c32d2e6c70c15,0
/path/to/PANDA/features,8592,d619aea287290e9eefa449d1e54ed333,2
/path/to/PANDA/features,8593,d61cca1e607df1b865e3975a5b2d74da,0
/path/to/PANDA/features,8594,d6278afea5048a9494af240884f3b038,0
/path/to/PANDA/features,8595,d62ce3650d7f19142f16efdaa85d0c3f,0
/path/to/PANDA/features,8596,d6301bdca437747a39ae971d5ad60aed,0
/path/to/PANDA/features,8597,d63c41a88f43f4f46b49fe4d63c9d117,1
/path/to/PANDA/features,8598,d63d91554034819d23760849ff0c22d5,0
/path/to/PANDA/features,8599,d644b494434ee6fd201b8a0f740054b6,1
/path/to/PANDA/features,8600,d649e2e797bbcf9678e13cdb008ace71,1
/path/to/PANDA/features,8601,d650074cb4c31b78e04d220718bc0eb2,0
/path/to/PANDA/features,8602,d6554a3cff6d6ceb5597382238954aa1,3
/path/to/PANDA/features,8603,d6587192c22af1403afb3c5283819cae,5
/path/to/PANDA/features,8604,d676b91a71d8ae3b864b99a331d04377,4
/path/to/PANDA/features,8605,d6807acfabc838eb944b797b116d3fb4,4
/path/to/PANDA/features,8606,d68a58ba39e3d072bf9e5a1486465bb5,1
/path/to/PANDA/features,8607,d691b50f9a08b2e6b9731add26f4e8a2,0
/path/to/PANDA/features,8608,d69244e15961cf6fb54d50a3baaaa46d,0
/path/to/PANDA/features,8609,d6948dc2044087d9b547df183328084f,2
/path/to/PANDA/features,8610,d696555466a833e38bfa678c25cb8cde,4
/path/to/PANDA/features,8611,d696ba8f2bf63e937f78dd9e911e9025,1
/path/to/PANDA/features,8612,d69b8fd852515da7355d327ebad76a77,0
/path/to/PANDA/features,8613,d69d6df4aba8dd5cb1d92e622cf9a005,5
/path/to/PANDA/features,8614,d6a278e15348ef7d083adf43578dfdbd,4
/path/to/PANDA/features,8615,d6a8117ae79bca1cff29c52a10436da1,1
/path/to/PANDA/features,8616,d6b1c8ca6037b5ddca5d2086975a643b,4
/path/to/PANDA/features,8617,d6c1175d1961ea5a938d6a6ae26d2135,3
/path/to/PANDA/features,8618,d6d46d84e69f9d216c81b39bd7acfd08,2
/path/to/PANDA/features,8619,d6d59930bb06a2c82edefc477a8a7639,3
/path/to/PANDA/features,8620,d6dac6d7b6289f8bcd5b7f4437272015,3
/path/to/PANDA/features,8621,d6dd4eb14b82f49e51c17099b0f54235,4
/path/to/PANDA/features,8622,d6e2813cc756a36cfee90e87cc0b0d06,4
/path/to/PANDA/features,8623,d6e746190b273d090aba70ccbdcf503c,3
/path/to/PANDA/features,8624,d6f1c51db42f3d11c7001141d7b417a7,0
/path/to/PANDA/features,8625,d6f3c23a4b17f0710ab043f2f85940a6,4
/path/to/PANDA/features,8626,d6fbeba66fdfeaf442343cfd6f844a77,0
/path/to/PANDA/features,8627,d707d86264e14f3d3f5bac156693e8f9,5
/path/to/PANDA/features,8628,d70e54b1282d3c53ea346ce70d480d60,1
/path/to/PANDA/features,8629,d7132253107215db7e9bd88b6a864c14,3
/path/to/PANDA/features,8630,d72d765ec852ae3f40b39fa6111aa1a0,5
/path/to/PANDA/features,8631,d72dce85f1954fe33809659f9cd14217,1
/path/to/PANDA/features,8632,d7317063793838db3f284cf45c2a6136,3
/path/to/PANDA/features,8633,d73e0b560ab432a9606ecf0ffe99b67e,5
/path/to/PANDA/features,8634,d74a1b24f9d958f9a1b28298afc95168,5
/path/to/PANDA/features,8635,d74ad1248c21f6a8ab77a7462e1dec31,0
/path/to/PANDA/features,8636,d74b496f014de5b9c4cbdc5524df720b,4
/path/to/PANDA/features,8637,d7502ac103c3191346e8d4217809fc22,2
/path/to/PANDA/features,8638,d756b18ac015e7d53b31b5c8b50acabe,1
/path/to/PANDA/features,8639,d76180b527e1b7748a99fc37a005d45b,5
/path/to/PANDA/features,8640,d7638720ca4ce4fec6b6afbf524feef9,5
/path/to/PANDA/features,8641,d769521a224966070d505f330609eede,0
/path/to/PANDA/features,8642,d769a8772ea5d3e1a1644c851ba06b9d,1
/path/to/PANDA/features,8643,d76be95baca47c31d827d59abbe132b6,0
/path/to/PANDA/features,8644,d76c8504812e17930194614c25ba21fd,5
/path/to/PANDA/features,8645,d76f1860a05496c0eb2d8c6479f9bee6,5
/path/to/PANDA/features,8646,d77156c36bb14ea111fd2bfa22d8c9bc,4
/path/to/PANDA/features,8647,d777c77dc8d82b9b3ee4cc8d94118988,3
/path/to/PANDA/features,8648,d78288ac0177943bc0eead193451098e,5
/path/to/PANDA/features,8649,d782c4a766ad5d361a9370fd0c6c6fd5,4
/path/to/PANDA/features,8650,d784ca64e4f87b880806a766f47119f8,1
/path/to/PANDA/features,8651,d784fde095ca1209dee96aaf0b021a78,1
/path/to/PANDA/features,8652,d79ef0a1d3b33827f0dcd0788bfaaeb2,5
/path/to/PANDA/features,8653,d79f17e91c3e1afcea9fb18a87b05a76,5
/path/to/PANDA/features,8654,d7a038e19036352879564963a63082f1,3
/path/to/PANDA/features,8655,d7b172212f491714565c0ed41b95d0fd,0
/path/to/PANDA/features,8656,d7bd6d0c6842670b171b5592dcc1e9bd,0
/path/to/PANDA/features,8657,d7c33c9265754c1a696f95e6a8b6bb0c,2
/path/to/PANDA/features,8658,d7c803feb26ef73fa68285c825ac602c,3
/path/to/PANDA/features,8659,d7c97e7055f847f17a4572f7f2ccabb0,5
/path/to/PANDA/features,8660,d7d09ab8218cfe95d21ff22df45e75ff,2
/path/to/PANDA/features,8661,d7e2b72270a8d5d8a5f06ec87cff735b,5
/path/to/PANDA/features,8662,d7ea743662498d33719303a5e9659362,1
/path/to/PANDA/features,8663,d7efea6d37699c9a32b715c0062ed3b3,1
/path/to/PANDA/features,8664,d7f13cf51705adfe64e2b31c332409ca,0
/path/to/PANDA/features,8665,d7f293887ea70c37b1c940ba372e1a2f,2
/path/to/PANDA/features,8666,d7f7dfd23c0224a2a66728dc37274832,1
/path/to/PANDA/features,8667,d80664a6eaea1b0c07e52607f3697c67,0
/path/to/PANDA/features,8668,d806807466eed0680d0cf5e73056567e,3
/path/to/PANDA/features,8669,d807d55521cc50325c2cb0aa60efaadc,1
/path/to/PANDA/features,8670,d80c552562190ea7eb75ef6e2cde3ad8,0
/path/to/PANDA/features,8671,d80ed790bef53ddcb6d59e7bc89d7b4e,1
/path/to/PANDA/features,8672,d81ba550a78a80c03fc8920a2ba58dac,0
/path/to/PANDA/features,8673,d823184dded7ed43bf7b5515861ca0b9,1
/path/to/PANDA/features,8674,d824fb0c3c990c807b57825f66716839,2
/path/to/PANDA/features,8675,d8269110acd7e97bed6f5423656b4eb7,0
/path/to/PANDA/features,8676,d82ed201dc437809e5fb20877310bedc,5
/path/to/PANDA/features,8677,d8442dd9a38b2f244a020c1b39107751,5
/path/to/PANDA/features,8678,d844c98b020831cd13e0dbed2f72e719,1
/path/to/PANDA/features,8679,d845d3e965ae8565d58bda907663a728,0
/path/to/PANDA/features,8680,d84c7a217e2277033342f89adf0ce7b6,4
/path/to/PANDA/features,8681,d84c84c7e96c8a3609150e6afc1f1186,0
/path/to/PANDA/features,8682,d84d260546dfd285df712402731d0cbe,0
/path/to/PANDA/features,8683,d8530375294e4c94c9c2aa2c7f79c13c,3
/path/to/PANDA/features,8684,d85e14b5f57f220ccd80ca6f02f6b56b,4
/path/to/PANDA/features,8685,d861180850ca54282b38c782734a7dc7,0
/path/to/PANDA/features,8686,d874fa822ef1370253f2e72f8d9b483f,3
/path/to/PANDA/features,8687,d887469d2d1a490b480e32c145c68469,1
/path/to/PANDA/features,8688,d8887d39c2b13ab34daf2806ab3c8a5d,0
/path/to/PANDA/features,8689,d8888c68d56232a148462a0096b4579f,4
/path/to/PANDA/features,8690,d89f2be0f1683b034375f80d446e2407,0
/path/to/PANDA/features,8691,d8a2411e48aa5feb4fa2ef30d0d7b4b1,0
/path/to/PANDA/features,8692,d8aa8df17952aa8028bcb040964989c0,1
/path/to/PANDA/features,8693,d8abf403ab5663c07528475647e0db5a,1
/path/to/PANDA/features,8694,d8aef66ed061a62078ef30ab96bebe01,2
/path/to/PANDA/features,8695,d8b48c0404394e83af61c15ad7eea1a3,1
/path/to/PANDA/features,8696,d8b611006a6b9a4dfd31032107923951,4
/path/to/PANDA/features,8697,d8b8316a7e615a79e9d725e9f235918f,4
/path/to/PANDA/features,8698,d8c4a0a75d72a1f8e94b0939fe27855b,0
/path/to/PANDA/features,8699,d8c62816ea17d4c932ed87af94647142,0
/path/to/PANDA/features,8700,d8c9f66055f7d4efda021bee79e71a9c,1
/path/to/PANDA/features,8701,d8dab9eef691dc2a83874a3560fbaddb,1
/path/to/PANDA/features,8702,d8dc5358795768819f229a681d2dc483,1
/path/to/PANDA/features,8703,d8e1bc485f60e8390bcef00dd924aaf4,3
/path/to/PANDA/features,8704,d8e6c24dadbb377b6934a21ba7ce02c4,1
/path/to/PANDA/features,8705,d8eb0751091d550023cb2c0802ad45b3,0
/path/to/PANDA/features,8706,d8eb251809fb58ce9497165de727591e,1
/path/to/PANDA/features,8707,d8f6b0abbcf5d89fc684cdfa77f0a655,1
/path/to/PANDA/features,8708,d8f6b2a76413e5b03d0ee89d2792e610,5
/path/to/PANDA/features,8709,d8fc4bf3dec4c8dfbc366e3d7512c602,1
/path/to/PANDA/features,8710,d908ac781e507048dca9b45d93fcec44,3
/path/to/PANDA/features,8711,d90f5db28f3ff7c708e3c95d9596e26f,1
/path/to/PANDA/features,8712,d9136644c4f688b42dbda45c51236a9a,1
/path/to/PANDA/features,8713,d91b799dcfec74a8fcb96a53f2022274,0
/path/to/PANDA/features,8714,d92fc82bea7ec08b5d7bac547848abf3,0
/path/to/PANDA/features,8715,d931f2fc50aca040ea3fd6e917666483,1
/path/to/PANDA/features,8716,d935f3eec2aded067a657c5cf3808d8e,1
/path/to/PANDA/features,8717,d936397deeda339f9e7ecb5c81c2250a,2
/path/to/PANDA/features,8718,d93b3bc2dd02c94fec754e34a0501284,1
/path/to/PANDA/features,8719,d94046cd69c8102ff1e1a871077c7984,5
/path/to/PANDA/features,8720,d9471d56985f343c8f300d622628ffaf,1
/path/to/PANDA/features,8721,d9609c5eb6afb235c803600c3c70ea46,2
/path/to/PANDA/features,8722,d960f3c9327c1baa21ed849d867e29a1,4
/path/to/PANDA/features,8723,d9652aa1aed6ef06e2c1f8181b734d9e,0
/path/to/PANDA/features,8724,d97f89398bb6e6e441de40a85a55f762,5
/path/to/PANDA/features,8725,d9872b11bb4b59a34062b36e8a64e3a7,5
/path/to/PANDA/features,8726,d98d4b443eaaad06c3244e059b34053f,4
/path/to/PANDA/features,8727,d98de7b36e1362dfa74903ec96e53c15,0
/path/to/PANDA/features,8728,d997bd54e6a545c95817a62b77fb43df,3
/path/to/PANDA/features,8729,d9a122f3cfcf06a7768de8f5eb27a6d1,0
/path/to/PANDA/features,8730,d9a494fcb29c6ba23b0842b682772b85,1
/path/to/PANDA/features,8731,d9a927bfb26b22cde6b52515c9adda7b,1
/path/to/PANDA/features,8732,d9abfe7bab306ba7777c4f8e619957ba,0
/path/to/PANDA/features,8733,d9ad3f3ed67f14c9c9b35a5c4e85400b,2
/path/to/PANDA/features,8734,d9b1722876190bd66e46ff2cec3847d6,1
/path/to/PANDA/features,8735,d9b2fdff45b816ec276306bb1ac2242f,0
/path/to/PANDA/features,8736,d9b54eebe6d08be027aa415a986b19f4,0
/path/to/PANDA/features,8737,d9b76603ea5a351942248655981b90b0,2
/path/to/PANDA/features,8738,d9c9948c3c66446410dfc95adcafd115,3
/path/to/PANDA/features,8739,d9ccb1baa42354825862d4e4b3e48507,0
/path/to/PANDA/features,8740,d9d9d64870b78f0bd2be305777f95e52,1
/path/to/PANDA/features,8741,d9e1c1d1a921643ca69e280e3cdfec08,1
/path/to/PANDA/features,8742,d9e73507e94ba12a7c566087dcf8348f,1
/path/to/PANDA/features,8743,d9ef8f2b1620b5accb8fd81fbc873b39,2
/path/to/PANDA/features,8744,d9fab0dbd3658bb592b14d07a3c167e0,0
/path/to/PANDA/features,8745,da02528d2ac0b705067ad134179791d2,5
/path/to/PANDA/features,8746,da05399168ba25410d90c05f8f603012,0
/path/to/PANDA/features,8747,da077ff5258dfb7cd6d604d995de7619,0
/path/to/PANDA/features,8748,da07bf2ac3a36b2ff58e35561f15613f,0
/path/to/PANDA/features,8749,da09fe1419dcf0c2e16c0b2a43979c43,2
/path/to/PANDA/features,8750,da0c4c33709fb5d3372c7e0685b6a767,1
/path/to/PANDA/features,8751,da15226ed2a9ca5a83e831a9c57f5380,0
/path/to/PANDA/features,8752,da1bf67eeb0d10c8021d69a0d6128f15,3
/path/to/PANDA/features,8753,da1de69a3097c5cecfc5a5c20f125340,0
/path/to/PANDA/features,8754,da2319b5a8f33c13bcf2380c25b78e37,3
/path/to/PANDA/features,8755,da2502ee900c4fd5653d4433d05c8cde,2
/path/to/PANDA/features,8756,da396e7a0a8a7c46f3e10c1ecf71459b,3
/path/to/PANDA/features,8757,da4b2e029abb2741bcfef60fa7ab10b0,5
/path/to/PANDA/features,8758,da517beeeaf103a75e2a716d46643b49,5
/path/to/PANDA/features,8759,da558caad449f980ef35d87f9bfc2fa4,4
/path/to/PANDA/features,8760,da5bbea85af39c137a264ee0bd56ef50,5
/path/to/PANDA/features,8761,da5e1279af2669d8b8abf40d450bd896,0
/path/to/PANDA/features,8762,da5fc79f09ea997183453a16d8f3c393,0
/path/to/PANDA/features,8763,da610fb22e9ba742ebb7a9117b2f24cc,2
/path/to/PANDA/features,8764,da62ef30d40ae1efac695a8a73a45b7e,4
/path/to/PANDA/features,8765,da765c184811f60cbff3d669bb6bcc62,1
/path/to/PANDA/features,8766,da781e50e8bab82212e5724e387f49f4,5
/path/to/PANDA/features,8767,da808179f9d32176f9eb34ede63017e5,1
/path/to/PANDA/features,8768,da84230d35b22a900b153d5cb969a7a7,4
/path/to/PANDA/features,8769,da8a2cc5804ba27b9767059bb1a99e42,3
/path/to/PANDA/features,8770,da8f1508f953b8a19ca027d8b81bee99,0
/path/to/PANDA/features,8771,da95901e4c53182cda19b7caf6674132,2
/path/to/PANDA/features,8772,da959308ba225828ad7bfca0ce00f42a,1
/path/to/PANDA/features,8773,da998451f0bdaf4e16b7b41c0881fcba,5
/path/to/PANDA/features,8774,da9c302c67df4c32f2f05be779393b7c,3
/path/to/PANDA/features,8775,daace2b519f2e64bb96e205344e39f50,1
/path/to/PANDA/features,8776,dab5ccc01be2e36c4abd9ae34a04f3b7,5
/path/to/PANDA/features,8777,dab87401b1605f7d5eb9bf5a722486bc,3
/path/to/PANDA/features,8778,dabb6235f05a0ba4532be24e0d8ed224,1
/path/to/PANDA/features,8779,dabe405fe14fea8abeae766fdaa96185,2
/path/to/PANDA/features,8780,dabe788e9798ac2d6f664957c4fee983,3
/path/to/PANDA/features,8781,dac0955cb9071d9394bc235986a55af0,1
/path/to/PANDA/features,8782,dac43b12a554b5d13719d80d348e962f,4
/path/to/PANDA/features,8783,dacdcb2643b7fb7038e1f41cb31b4932,0
/path/to/PANDA/features,8784,dad141beb482724c9bd6f419da397465,4
/path/to/PANDA/features,8785,dae2ef34973d1b237cfd6746923e2eec,0
/path/to/PANDA/features,8786,dae39ae3951b77dc5f245fae8b5a0f92,5
/path/to/PANDA/features,8787,dae6944419535df993a53a9c3b0f8245,4
/path/to/PANDA/features,8788,dae6cec7cfe92958d8586bd9ac1d7383,1
/path/to/PANDA/features,8789,daea028622491dc3205333a809c233bb,0
/path/to/PANDA/features,8790,daebef24cda2600dcb449a78a83c1858,1
/path/to/PANDA/features,8791,daf178053958c9d2e71a7c7bb9c3fbb7,0
/path/to/PANDA/features,8792,dafa723ac789768ed1e863cce1681e4f,0
/path/to/PANDA/features,8793,db047ccc6fbd5ba7b5c18321d7266384,2
/path/to/PANDA/features,8794,db0e00329b9050f7f855d64a882265d3,4
/path/to/PANDA/features,8795,db0f36ba03d1c8fbec2cc96c3f8c0708,0
/path/to/PANDA/features,8796,db14911cd56305234f105cf952dff9b9,2
/path/to/PANDA/features,8797,db15d2309039edf8bebf4edb44ed4d47,1
/path/to/PANDA/features,8798,db197fde0bcf98431c68e0d443a88fe4,2
/path/to/PANDA/features,8799,db1d65d349a617c13f53307435d42113,2
/path/to/PANDA/features,8800,db2ba90004c04e2de4213fa0c2614f82,3
/path/to/PANDA/features,8801,db315d2478032abc3fa8faae6361497a,4
/path/to/PANDA/features,8802,db321ac6eb33b00e63b2fdacce4507ad,1
/path/to/PANDA/features,8803,db472dac70f0db6882e4cc92372c39e8,5
/path/to/PANDA/features,8804,db49e2f1ea7eed440df4003c40bd80e3,0
/path/to/PANDA/features,8805,db4f4e9261cf53d2fa74e15514d95680,3
/path/to/PANDA/features,8806,db50ae671fd181d31c89728e6a71e582,5
/path/to/PANDA/features,8807,db55ba974934917c0fd582f2dd7a109c,5
/path/to/PANDA/features,8808,db5b0d984c07017f0e8ba41d8ed55d11,0
/path/to/PANDA/features,8809,db5d63188911dc1a03c751fc49afa25a,5
/path/to/PANDA/features,8810,db5eaab164a4b81f27444d1c80bc33ee,0
/path/to/PANDA/features,8811,db63c8584fb19a4425c8c80d86217af7,5
/path/to/PANDA/features,8812,db6bda8b9e54352f83df9308c7b200ad,5
/path/to/PANDA/features,8813,db6d351561cec54486ab371f4faf3b40,1
/path/to/PANDA/features,8814,db72f176da2067093266eea7b743a949,3
/path/to/PANDA/features,8815,db8c4deefe2d5e672481418e9c7fcb99,0
/path/to/PANDA/features,8816,db8ff1904b4dbb6dced48061856d9849,1
/path/to/PANDA/features,8817,db9796c2f7f80c5177bfd42386408b9a,3
/path/to/PANDA/features,8818,db9ab40f85a838fb688892d9080a3560,0
/path/to/PANDA/features,8819,dba7a6be42536168990912ae6efdc887,0
/path/to/PANDA/features,8820,dbad8f645978711294f000ea54f903d3,2
/path/to/PANDA/features,8821,dbb61e609cd4e8bcd8d56db2c7cb5df0,0
/path/to/PANDA/features,8822,dbbd706e74cdd87e423b5e28d3c7f25a,5
/path/to/PANDA/features,8823,dbc2d616d1bad5b37a847194b8bfb016,3
/path/to/PANDA/features,8824,dbca8bffde4985ea10415730e96c086b,1
/path/to/PANDA/features,8825,dbcd292efb04d7db76e2c97379b79a14,4
/path/to/PANDA/features,8826,dbcfc45f5634deac6e220c62cf942a0c,1
/path/to/PANDA/features,8827,dbcfc69f6726c51aaa6381efe5bbf8c6,1
/path/to/PANDA/features,8828,dbd2b5403eb56faf745ed021e1712890,4
/path/to/PANDA/features,8829,dbd4f6f4fee92f77e8847f704635df6a,5
/path/to/PANDA/features,8830,dbe7f4456dfcc47d0f380de5b31c5e87,0
/path/to/PANDA/features,8831,dbea7c288aa2fe12ecb79d7138ad5896,5
/path/to/PANDA/features,8832,dbf09c7c30806ef30dca99273d05075b,2
/path/to/PANDA/features,8833,dbf5972f6e8559cf175c232310070b6e,1
/path/to/PANDA/features,8834,dbf5dcbbb71de7ae3df96f26193ea142,0
/path/to/PANDA/features,8835,dbf7cc49ae2e9831448c3ca54ad92708,1
/path/to/PANDA/features,8836,dbfc9c44024301555f3cc9118f1f3628,2
/path/to/PANDA/features,8837,dbfdda9b7152e19ea54e2868965fa675,5
/path/to/PANDA/features,8838,dc10032bf598b0a3268074de4bb2d7b6,4
/path/to/PANDA/features,8839,dc10e42ab879b08263be5aeb03a764c6,3
/path/to/PANDA/features,8840,dc229a9490dc183a1b2ac09e66cbcaff,1
/path/to/PANDA/features,8841,dc28657d68bd4a5a387a0460de8db3e2,1
/path/to/PANDA/features,8842,dc2d99579fbc26a3f92ed835cc944f6d,1
/path/to/PANDA/features,8843,dc2ec851fcbf594f11b023387ac15003,2
/path/to/PANDA/features,8844,dc34ce090ee7aa4ffe226b4314810434,5
/path/to/PANDA/features,8845,dc4034659aa2ae3585cdbe6febd3540b,3
/path/to/PANDA/features,8846,dc474e15a61e861a6a14f334e10a7934,0
/path/to/PANDA/features,8847,dc4bad3ab7879ce3549eb811c8e9fc1c,4
/path/to/PANDA/features,8848,dc5094c179f833d0d311307c65393d09,0
/path/to/PANDA/features,8849,dc5a57e65f5f1e4aa7864083e55ea2c0,4
/path/to/PANDA/features,8850,dc5c8aee736af815a7952a7dc7bccfee,4
/path/to/PANDA/features,8851,dc5d3a5a2d4d114e5e4f3cd07fb55fc1,2
/path/to/PANDA/features,8852,dc60380b0dba9d1876e40f0b53ec484b,2
/path/to/PANDA/features,8853,dc65b5af33ea3c704de7e3c8b43d33c8,1
/path/to/PANDA/features,8854,dc6d94bacf5a0dd5e886d2c2444a742b,0
/path/to/PANDA/features,8855,dc6e3bbcf9449e2c13827e13e5724571,3
/path/to/PANDA/features,8856,dc7254ab21584e852fe556646c86d6f4,1
/path/to/PANDA/features,8857,dc7825252bd5c07e9a31c0651c989c77,0
/path/to/PANDA/features,8858,dc90e9df24223e40ab5718a725b0b412,3
/path/to/PANDA/features,8859,dca769d431e4b8b64a5c72d6a8663738,4
/path/to/PANDA/features,8860,dcaddc63f80b66a1ecac19a135fbfe66,4
/path/to/PANDA/features,8861,dcc06d1ff01037f11254e5d5cc3c77d2,4
/path/to/PANDA/features,8862,dcc1dcad3b26cf0927b6f35228b5a058,5
/path/to/PANDA/features,8863,dcc20ce75933d9800e4ad6ab2943e359,5
/path/to/PANDA/features,8864,dccae7781a918f447f55273efa464ff0,0
/path/to/PANDA/features,8865,dccc83277c036d6a82720e6a19785fad,0
/path/to/PANDA/features,8866,dcdea3763106a19e15cc052a3a251f9e,1
/path/to/PANDA/features,8867,dce48bd8efed423c2484093638a369f4,5
/path/to/PANDA/features,8868,dcf83f047a81fd697ef3af3e27ed0ec6,1
/path/to/PANDA/features,8869,dd00566789255a6348a44c58e0140e6c,1
/path/to/PANDA/features,8870,dd025ef522443f0f1e0f2282d7145dde,5
/path/to/PANDA/features,8871,dd036a4ae490d912713ea354b58d8eb9,3
/path/to/PANDA/features,8872,dd0790e07f87653482414f27785c593d,0
/path/to/PANDA/features,8873,dd1110c6430e3b1ac732be548a089886,4
/path/to/PANDA/features,8874,dd11c9143fb6c56396e0693465d2430e,0
/path/to/PANDA/features,8875,dd183e3dd9d4391170f8d2c0125037f8,0
/path/to/PANDA/features,8876,dd1c5062a0c646d6af4d2d77b4129db4,5
/path/to/PANDA/features,8877,dd1db5cd5fad82faf3ae68a17696e31e,0
/path/to/PANDA/features,8878,dd1de3a4f68b088865866c04b3917f85,2
/path/to/PANDA/features,8879,dd26b0dd91cb20493617a9b82ab9d8fd,4
/path/to/PANDA/features,8880,dd283d0ff1afced1fa9c86e26269c003,0
/path/to/PANDA/features,8881,dd3ad530747e67888edb49ddc659536e,1
/path/to/PANDA/features,8882,dd43c81a6e0d49daefdbaa069e2bb095,2
/path/to/PANDA/features,8883,dd4a6b2c2370f47add9ec08e2f7e7458,0
/path/to/PANDA/features,8884,dd4b7951eccf92f36cddfb02de6c2839,0
/path/to/PANDA/features,8885,dd52af5bb1333bb7ce33ed9ca36454b4,2
/path/to/PANDA/features,8886,dd549fc1dbc7db15b94d1a0cfd7de309,5
/path/to/PANDA/features,8887,dd5503638e23ae79eb3b091ca2b8d4e9,3
/path/to/PANDA/features,8888,dd5c1496860cb32e24113cba850fe172,3
/path/to/PANDA/features,8889,dd6321787f8051811c010050b2d90a55,1
/path/to/PANDA/features,8890,dd6ded8699cc4d3bf62c7e961b8a70ec,0
/path/to/PANDA/features,8891,dd6e5d9f8560b0fa53b25d0ac43a7f62,1
/path/to/PANDA/features,8892,dd780edac742469da23a84d4267163b3,0
/path/to/PANDA/features,8893,dd8421355eeb8bbf9f0907a09497e890,1
/path/to/PANDA/features,8894,dd893039103b58fddb9e41b1ad099d91,0
/path/to/PANDA/features,8895,dd918d3f330e54cd566615c46436495e,0
/path/to/PANDA/features,8896,dd97a5aebd7c8ed6fb24da05ad92da74,1
/path/to/PANDA/features,8897,dd9c8cc4ed10fe12ecfafb1011ac488d,1
/path/to/PANDA/features,8898,dd9df5c972f38a062d8861f5b4513959,4
/path/to/PANDA/features,8899,dd9fbfd8ef47f7ce437fac74ea034f8c,5
/path/to/PANDA/features,8900,ddab9ffecd82a6dae9f5758e13c65ed0,3
/path/to/PANDA/features,8901,ddac26b8c4b0ab1a705a4aac427dd486,0
/path/to/PANDA/features,8902,ddb64fec2f66e001804e629c20867e59,5
/path/to/PANDA/features,8903,ddbeff8437def5f80c4890b394711ec2,1
/path/to/PANDA/features,8904,ddc0548b91893ec459bac4504b9b10c6,2
/path/to/PANDA/features,8905,ddc6c2922dc99fb10a2527e5e830ad77,0
/path/to/PANDA/features,8906,ddcb50ebc2fad73f053d0a3b44c30882,1
/path/to/PANDA/features,8907,ddd0edc9c6eb676649934adbb8ab0f8b,5
/path/to/PANDA/features,8908,ddd2f284a0815fb717d5ad3ee2d0d3d8,3
/path/to/PANDA/features,8909,dddcb2b194943868b940d25aa3ee6183,1
/path/to/PANDA/features,8910,ddebc9704e6ab8a3509a2d41630767e3,2
/path/to/PANDA/features,8911,ddef4e1c6a194049fc45361836134ae7,1
/path/to/PANDA/features,8912,ddf06dd9077624ccb2f52777ade0e0b1,1
/path/to/PANDA/features,8913,de053910e530a0446edf0c8dc12d31e3,1
/path/to/PANDA/features,8914,de06480e9ad90fd6fbb3b2496eb6d35b,0
/path/to/PANDA/features,8915,de124c437af0c7faa34f70eb9f6e6f24,1
/path/to/PANDA/features,8916,de16d4d453830a7b68b20e591f41bc6c,1
/path/to/PANDA/features,8917,de1d4eda87f740dc0728868da31511a1,4
/path/to/PANDA/features,8918,de25838fbbd4c64febcac5c2a7c094bc,1
/path/to/PANDA/features,8919,de2e7b61e66d8d044189d8dac35dffb5,4
/path/to/PANDA/features,8920,de3b05db139bc09c5fd3b846245d647c,1
/path/to/PANDA/features,8921,de40ff48038838a3dc494e839dde2945,5
/path/to/PANDA/features,8922,de4246495d322f1fba1889dd3783f0d5,3
/path/to/PANDA/features,8923,de4966a35d76fc988a17d78d895b2130,0
/path/to/PANDA/features,8924,de4dc93bcd5dd4eb08fdec474455de0c,0
/path/to/PANDA/features,8925,de61189b0703edb4ba5d9e53f4ce9cc5,0
/path/to/PANDA/features,8926,de6b31466c0af9a7024de03a5540f1f7,1
/path/to/PANDA/features,8927,de7b957abbadd1ccd6808254a157207c,4
/path/to/PANDA/features,8928,de7bc5abdc2ad77daffde75269f02890,2
/path/to/PANDA/features,8929,de7e58180a6f2cc02a6f4d820783bef5,2
/path/to/PANDA/features,8930,de86ead27d995c8f57c1d8f56b425358,0
/path/to/PANDA/features,8931,de90a267b2e51d4222e905ee6a83ea48,1
/path/to/PANDA/features,8932,de917fad4d201600ab0832d4625dc054,0
/path/to/PANDA/features,8933,de968c43966646a7f5f5959707b38421,3
/path/to/PANDA/features,8934,de9c84e2aa6dbde04560906d37eab791,2
/path/to/PANDA/features,8935,deab20c8aba3a3b09fa8f703b6b50453,0
/path/to/PANDA/features,8936,dec7208210f9996d08a183c271f8d827,0
/path/to/PANDA/features,8937,decb2702456870a7e201f456196b58b9,0
/path/to/PANDA/features,8938,ded8e9c00e08496a44415de2d959ec1a,3
/path/to/PANDA/features,8939,deda76da7bdfa5c258ae29399f217640,1
/path/to/PANDA/features,8940,dee6f372d17c4f4457948f38d13970e9,3
/path/to/PANDA/features,8941,deeb50b02c8697f44cfef9bc2cebd937,0
/path/to/PANDA/features,8942,deed6dfb83a1a91fa358bf156302ebc0,0
/path/to/PANDA/features,8943,deee4629e174a4be2e42785df5bad4a7,4
/path/to/PANDA/features,8944,def34835d0079f5fdd5bfd81b01ff7ee,3
/path/to/PANDA/features,8945,def79acd1fba29e18079fd3925b7ae92,5
/path/to/PANDA/features,8946,defa7959933b0b63a3f8a39100ff100e,3
/path/to/PANDA/features,8947,df02f5c5fa4e85f143fef3593167ce62,5
/path/to/PANDA/features,8948,df0b1629048c16c4ccf02559dc75d3d3,1
/path/to/PANDA/features,8949,df12d6ee0acc0f9ac57749e68c2c3ab1,1
/path/to/PANDA/features,8950,df18ac8990e89990e4b908f4d77c3aa2,3
/path/to/PANDA/features,8951,df1d13f0a3ef304032c1c34ff18a8d52,5
/path/to/PANDA/features,8952,df1d15665468688154a86a6b45b7fd71,0
/path/to/PANDA/features,8953,df29712be2badfd7ae0ef37d30759042,4
/path/to/PANDA/features,8954,df2db313fed88b1a26bcdd961bf36ff9,2
/path/to/PANDA/features,8955,df34f8f7d0a880466008263162c00d68,0
/path/to/PANDA/features,8956,df37b8ec68090eec1e663b71c5ea6371,1
/path/to/PANDA/features,8957,df386686a83a221eda2801df56e60bcd,0
/path/to/PANDA/features,8958,df3d9c53189dd95a5888480835d341a9,4
/path/to/PANDA/features,8959,df4146c2cb4e97d9c227bdd90d4dc6f8,2
/path/to/PANDA/features,8960,df41c0b953a75cf30e764321a0493fe3,1
/path/to/PANDA/features,8961,df534809f2a9f7bdae92f507f3827816,2
/path/to/PANDA/features,8962,df599862faf0cd78b880fa7f6644407e,5
/path/to/PANDA/features,8963,df6054cdf663fcc0fa704d6a45ce97ef,1
/path/to/PANDA/features,8964,df6fd828e7cac6338bf51fff6f843a63,1
/path/to/PANDA/features,8965,df6ff40fbec6619b935d8fa3f6b9ac39,0
/path/to/PANDA/features,8966,df7766e3730f24d096658a966fe622b8,4
/path/to/PANDA/features,8967,df78c5d9e63770b1895ff6bb2ad8167e,0
/path/to/PANDA/features,8968,df83132f9e6a7c8337e6cd91270f8f7d,0
/path/to/PANDA/features,8969,df8bd94723b96652f71fbdde64fc8669,4
/path/to/PANDA/features,8970,dfa98f57a4842a0f6d78d0c9e59380fa,5
/path/to/PANDA/features,8971,dfae643568b01d1f4ad5d86bac2f7994,2
/path/to/PANDA/features,8972,dfb94f6d16ff40e04681be2c2fde7fcd,1
/path/to/PANDA/features,8973,dfd65a2fbb344285042b710b92c09048,2
/path/to/PANDA/features,8974,dfe7fbb735eb6236b19003fa50ac45d1,0
/path/to/PANDA/features,8975,dfece00ee9036e6ed9c7ea770987e1a1,0
/path/to/PANDA/features,8976,dfefdf0717c69330a75f3cd28abcfff5,0
/path/to/PANDA/features,8977,dff1e0c2f5fb98cdf3f2d3aa89696222,4
/path/to/PANDA/features,8978,dff285c9260f7f68f4e97fb6abd32043,3
/path/to/PANDA/features,8979,dff4a8c3a1dd49f5be5bb73b538f6b91,0
/path/to/PANDA/features,8980,dff54f797769512965d5e494c0339a3b,1
/path/to/PANDA/features,8981,dffa5e1d1d4501837cc9aa54a56ae1a7,0
/path/to/PANDA/features,8982,dffdd993ed7977a66ce077613734a51e,2
/path/to/PANDA/features,8983,e00211e28b1305eb266b08e6e9583df1,0
/path/to/PANDA/features,8984,e004796dbc56fa09c543d415a360c17b,1
/path/to/PANDA/features,8985,e005bc3ecd718b268588742a9e86d6f8,0
/path/to/PANDA/features,8986,e00a89e8381aefb07d23390b87fe5d48,1
/path/to/PANDA/features,8987,e00a9e967dd9d4b5b23d92f7c791fbdd,2
/path/to/PANDA/features,8988,e0132eae13bc88ec6987d59203a22879,0
/path/to/PANDA/features,8989,e02703af0349a0d093605123400dbf07,2
/path/to/PANDA/features,8990,e02856c4928623247b30d6113fbe59fe,0
/path/to/PANDA/features,8991,e02a4e6752db30ddfe21a7c2cab7470b,1
/path/to/PANDA/features,8992,e02d79e8c9f355639c5f411470899d40,0
/path/to/PANDA/features,8993,e02e32f144507cd186bc132d182cfdcc,1
/path/to/PANDA/features,8994,e0311e5009e8850659a12533811c9cf8,0
/path/to/PANDA/features,8995,e03c2b754bce667277ce38e552bd81c9,4
/path/to/PANDA/features,8996,e03c543c7d61b179d0cb66f8c94f80cf,5
/path/to/PANDA/features,8997,e041b17de0e6fdf460f0258253cfcd98,2
/path/to/PANDA/features,8998,e04e11360525f7d13aaa9d4bba16ea7e,0
/path/to/PANDA/features,8999,e04ea71e821b0dffc431297b25b359de,3
/path/to/PANDA/features,9000,e05d82c55450c622c1e477bd1c7006b2,1
/path/to/PANDA/features,9001,e05f477f1d1693f8b4a5e629bb0745b2,5
/path/to/PANDA/features,9002,e06fe6f8da1f7a47476109e82548cd94,0
/path/to/PANDA/features,9003,e07df1b576368de561f00d6bbccacf2c,1
/path/to/PANDA/features,9004,e07f1b310d1a857c0c755fddfa07902a,4
/path/to/PANDA/features,9005,e0818000c58746e9ac0994202db988d0,0
/path/to/PANDA/features,9006,e08993490baa242c3dd7438c518ac13b,0
/path/to/PANDA/features,9007,e08b3873a528bb51f5e099eddeedee5c,1
/path/to/PANDA/features,9008,e08e093639ae659b84c6d2c95f542f0e,5
/path/to/PANDA/features,9009,e0c370969267c34db431130a881e72f4,0
/path/to/PANDA/features,9010,e0c4272da1f0609fa73fd440d4c6865d,0
/path/to/PANDA/features,9011,e0c460ff20fa20d6297079caea47b7f3,2
/path/to/PANDA/features,9012,e0c98a507ee52f1e87d59390537298db,0
/path/to/PANDA/features,9013,e0ca5e9b18d9d563d7b6a4fe3d919f89,0
/path/to/PANDA/features,9014,e0d6698a658131c2240e15cf4f40efa1,0
/path/to/PANDA/features,9015,e0dbde719b3f28fa7ef3e429b44c6d41,4
/path/to/PANDA/features,9016,e0df25d68711d044c43e0612d185732c,2
/path/to/PANDA/features,9017,e0e1f1ac8a06766ad589c311f2c34fca,4
/path/to/PANDA/features,9018,e0f850185533c61897ea1e2975b45f4a,1
/path/to/PANDA/features,9019,e0f8b96960ada384a00e493545f783da,5
/path/to/PANDA/features,9020,e0fa5cd8786faaf7c24639294783fe77,5
/path/to/PANDA/features,9021,e106da62f9761a87497b703d105f1f21,2
/path/to/PANDA/features,9022,e10c337764347d31c843126ea3156504,0
/path/to/PANDA/features,9023,e10ea1f294e02f216204a965c2fe09e0,3
/path/to/PANDA/features,9024,e10ebd20ef424d61222ccc5e97dcc76b,4
/path/to/PANDA/features,9025,e10ff644b1121aeaf5a060e6875f7867,0
/path/to/PANDA/features,9026,e1131d4413228f5c89e0d2732f59e1c1,1
/path/to/PANDA/features,9027,e11bf0b85e05a02ecd2461c686fa2257,0
/path/to/PANDA/features,9028,e11d21ce3b806da540de6ecb09affe67,4
/path/to/PANDA/features,9029,e13ad43ca93b81c3461ec29c1ca41106,3
/path/to/PANDA/features,9030,e142b7febd70389ad7034febac1e5cd9,5
/path/to/PANDA/features,9031,e1473b87b0374c25573eafc237eb5b0d,0
/path/to/PANDA/features,9032,e15826e3b403aeca10aa2a512d3a9d60,3
/path/to/PANDA/features,9033,e162a1681d6e6ab5bf85a7eb71ef7f95,0
/path/to/PANDA/features,9034,e165dce4a64276f8ed3048f4aa7b008c,0
/path/to/PANDA/features,9035,e16d8af9ff08e6af48ab539765fe0de7,1
/path/to/PANDA/features,9036,e173f2b10faccbb5c9f5a0c38a2a1fd0,2
/path/to/PANDA/features,9037,e175edbb01ee93372ae54bdc1734bcf5,0
/path/to/PANDA/features,9038,e17b55972ff36346f98e17f963a057f0,4
/path/to/PANDA/features,9039,e19325ebb64adc3293f7173d7a337409,5
/path/to/PANDA/features,9040,e19a84f7ffcdd000dd94cbdee9564a4b,2
/path/to/PANDA/features,9041,e1a3d7ce1d228476a21c53138fcb74fb,1
/path/to/PANDA/features,9042,e1a521bd98594307f9b46be2b2d06d03,3
/path/to/PANDA/features,9043,e1b7c9220455568017e53ed7f49dea90,0
/path/to/PANDA/features,9044,e1b8d76e1ff3bb07fd92b1512e8c4ce5,1
/path/to/PANDA/features,9045,e1b95e3bcc154cf1819ce08b778adbc0,3
/path/to/PANDA/features,9046,e1cb7dd62d9f43421d5a01467307b98d,0
/path/to/PANDA/features,9047,e1cbad247a96593f8ea911d0edd8cfcb,0
/path/to/PANDA/features,9048,e1cf55e522eb9b5a28b33c09e81e9da2,0
/path/to/PANDA/features,9049,e1d6da7b8f2a3ccdc9a198433923ef09,0
/path/to/PANDA/features,9050,e1da8ac88f6efc2df833f0a9d2a7dba1,1
/path/to/PANDA/features,9051,e1dad4d35e61a13a237774ccfb24ae9b,2
/path/to/PANDA/features,9052,e1ea9ac9c85d0dbdadcb15aa7623c951,0
/path/to/PANDA/features,9053,e1ef8bc2099822e6b6872bbbf8b601ff,1
/path/to/PANDA/features,9054,e1f9d5200c94b8f4c5032cc4753136b2,2
/path/to/PANDA/features,9055,e20c73041c5c5ac83c20a7c669f46e9a,3
/path/to/PANDA/features,9056,e2138754f55ba87cd4cdd2ccb8f0721d,0
/path/to/PANDA/features,9057,e215390dcbae6c6daacec8cff63370be,1
/path/to/PANDA/features,9058,e2168717e1a63f3fe37bf55749216247,2
/path/to/PANDA/features,9059,e217ce5f6636d9e434d663b45eafffb6,4
/path/to/PANDA/features,9060,e220935dbc6151a41a0234cd170add83,1
/path/to/PANDA/features,9061,e2252a41bd6f1a9e7045e9f10dde5a20,5
/path/to/PANDA/features,9062,e22884fc01d9066deaeaf65069a3b97c,2
/path/to/PANDA/features,9063,e2319f2602a2099c2e64ce1c15ffef10,3
/path/to/PANDA/features,9064,e23cac7f1762108d885e548863bacb32,0
/path/to/PANDA/features,9065,e23ccdf6deeac16fd2975c976dbce4d0,2
/path/to/PANDA/features,9066,e241df65ca9194cb95c86f93ddd85bf7,3
/path/to/PANDA/features,9067,e2578d331ae6cb3bc649027498c8ff8d,1
/path/to/PANDA/features,9068,e25cd0b5f706ef2832ca70854f526b2c,0
/path/to/PANDA/features,9069,e261d02e8951aa3d7f0c32c6f0d5eaf8,0
/path/to/PANDA/features,9070,e2726cffee3499287c6f87b561dd228d,5
/path/to/PANDA/features,9071,e273dba6ce943ac5c5a2b2f0ca62fddd,5
/path/to/PANDA/features,9072,e2786b098bbe9b279a9fbadfc7a0c877,1
/path/to/PANDA/features,9073,e278dc57dacfed61fa504133fda2d8c1,5
/path/to/PANDA/features,9074,e27adea8dfb25a66578ca5211b62cc5b,1
/path/to/PANDA/features,9075,e2867d9af28a2dd07961ef9f5ffa102e,0
/path/to/PANDA/features,9076,e28b4d3bc97a2a495b2f491813036776,1
/path/to/PANDA/features,9077,e28c566407ff5c15179ef801e8fbfeaf,0
/path/to/PANDA/features,9078,e29f49849de6ff182d115fe2aa6cac3a,3
/path/to/PANDA/features,9079,e2a398c41516ce8ffc8fb4c1fb9a20af,2
/path/to/PANDA/features,9080,e2a4545df1573a6e824d3c2f73c060f5,1
/path/to/PANDA/features,9081,e2a6089e7ab388ec71e7b25fa46969e0,1
/path/to/PANDA/features,9082,e2b069d3db5dd82610abc684befac2d3,5
/path/to/PANDA/features,9083,e2b242d5b7d9cda026d5d1538a4618d5,2
/path/to/PANDA/features,9084,e2c101f2e420716fe53e2c61109faddc,3
/path/to/PANDA/features,9085,e2c1421a3794ba9dc1673c6509628485,0
/path/to/PANDA/features,9086,e2c4295a4989ff477428a32a4460d342,1
/path/to/PANDA/features,9087,e2d98ec7b49a8786775c4ad6e6662eee,5
/path/to/PANDA/features,9088,e2da537552bbe880cf184b4cf998388c,1
/path/to/PANDA/features,9089,e2e6f8162f3f8b961a5afbeef1fc4cfb,5
/path/to/PANDA/features,9090,e2ecc681ff1778f6fa897e95221deab8,1
/path/to/PANDA/features,9091,e2efdfdce6c126897cef60cde252def7,0
/path/to/PANDA/features,9092,e2f04baa0bee5232b73ca726d29a870b,5
/path/to/PANDA/features,9093,e3002210b3ff23cc6121c6fe8be4b2d9,1
/path/to/PANDA/features,9094,e300fa3d0d231de0f5c533900bd8108d,1
/path/to/PANDA/features,9095,e31144c075410954862f7fde0acacfe2,0
/path/to/PANDA/features,9096,e312107a00076baeb1f1dc9497d2cee6,3
/path/to/PANDA/features,9097,e313036329612a13d9c252f591eaff6d,3
/path/to/PANDA/features,9098,e3177c4430b780c973ef857a320a211d,4
/path/to/PANDA/features,9099,e31d9b2e94f0a5774796a8e8affe0180,5
/path/to/PANDA/features,9100,e31e16a6af7c4faf6c02b8759a83abd5,2
/path/to/PANDA/features,9101,e32178802c489afe52393c91ea6db85e,0
/path/to/PANDA/features,9102,e32eaa0214217a140bd12cd1592d9558,0
/path/to/PANDA/features,9103,e3306507fac36d68ea6c6e20bda23200,1
/path/to/PANDA/features,9104,e3360926180928287a4d96973e10926a,1
/path/to/PANDA/features,9105,e33e2787c16fd3291299992fbabb7636,3
/path/to/PANDA/features,9106,e33f022f319d81b60bc1fcf1c139a0f1,1
/path/to/PANDA/features,9107,e3431a477f2320c8f49cce14add89e41,5
/path/to/PANDA/features,9108,e34756c845af0df51049713c5d5f30be,0
/path/to/PANDA/features,9109,e34cba2807a8776c31fa61f63ac567cf,4
/path/to/PANDA/features,9110,e354fd60e3f0333efc94de57c8aec3c2,1
/path/to/PANDA/features,9111,e35d234136ec9134b502de099a7a512f,4
/path/to/PANDA/features,9112,e36919a1456e6464c4163f905accb5e1,0
/path/to/PANDA/features,9113,e378d4208a7887e81d8b4b92cb81ec3e,0
/path/to/PANDA/features,9114,e3810062235511acdb79ecda62f3f0f0,1
/path/to/PANDA/features,9115,e3811da9eac68c6758fa4f1d904125bf,0
/path/to/PANDA/features,9116,e3825a7f76088246ab312badd5f135a2,0
/path/to/PANDA/features,9117,e38f5947aa294d2b77c418f265817e3b,0
/path/to/PANDA/features,9118,e3a1849122133e531799b1e11474dfe0,5
/path/to/PANDA/features,9119,e3a26222873878047740a3d40ce041ee,1
/path/to/PANDA/features,9120,e3a34f11358350448279e275774a0263,4
/path/to/PANDA/features,9121,e3a820d374f2edeaaa719da212253d51,0
/path/to/PANDA/features,9122,e3a86173361dbf0574a3781d540b5259,1
/path/to/PANDA/features,9123,e3c973ccb8b37ad37da0acd96be64830,2
/path/to/PANDA/features,9124,e3cde0808abcd5bdd1717815ffc002b3,0
/path/to/PANDA/features,9125,e3cf7905ba04ebe9a090b586b4988e3d,1
/path/to/PANDA/features,9126,e3e660456c62fb96e17658af48b3e7e4,3
/path/to/PANDA/features,9127,e3f0542a702cef736b649df9a3a98e8c,5
/path/to/PANDA/features,9128,e4004944daa2e2ab41f4d8cec3adec83,5
/path/to/PANDA/features,9129,e4018c330e40dbf522c073c22732cf38,0
/path/to/PANDA/features,9130,e4215cfc8c41ec04a55431cc413688a9,2
/path/to/PANDA/features,9131,e42266419ea81e25ffbea2954c817ad5,5
/path/to/PANDA/features,9132,e4229a7cea9d61ea5485091142e2fd3e,2
/path/to/PANDA/features,9133,e424946aa014c140468320fda4683cb4,1
/path/to/PANDA/features,9134,e42a5ac349ef287cdcf1ba47281fe908,2
/path/to/PANDA/features,9135,e4368e6ebbcd17b0fef1f385f33fd5e0,1
/path/to/PANDA/features,9136,e43ae1ef2cda811070e2c0a6d6154150,3
/path/to/PANDA/features,9137,e43ca92b64685313429257eab0e43c9f,2
/path/to/PANDA/features,9138,e4494f9f1852f677fce1cd7864b55717,1
/path/to/PANDA/features,9139,e455ae3e3577a5dbc38d6893edbd943f,4
/path/to/PANDA/features,9140,e45a21f6937bea7ae6954eafe0f4d386,1
/path/to/PANDA/features,9141,e45b0f108cd8bf28681860aec3120cbd,1
/path/to/PANDA/features,9142,e46178b5e2098fb3dafa4040c620ece4,1
/path/to/PANDA/features,9143,e463d4ac988daa096b86a768cc32c745,0
/path/to/PANDA/features,9144,e465f9a9968e474dedf75ee3110b68ce,4
/path/to/PANDA/features,9145,e46980d2dd4b7f4178b2cea4c4088014,3
/path/to/PANDA/features,9146,e46ba29e963710a5293ac945311610bd,0
/path/to/PANDA/features,9147,e46cd9a60e519442571060be59a55149,5
/path/to/PANDA/features,9148,e47409feff05e7815c2908a2af47746b,1
/path/to/PANDA/features,9149,e4778d4b43e8e8877770edbfb2d4b3c1,5
/path/to/PANDA/features,9150,e479a841de401149c4f149ebe92cec7e,3
/path/to/PANDA/features,9151,e4858d718f97a3ff5dab42484f5b1bd7,5
/path/to/PANDA/features,9152,e49bc96b36f660bf3aa433ef119066eb,2
/path/to/PANDA/features,9153,e4b834368f1bea55cf44b94045583548,0
/path/to/PANDA/features,9154,e4b88ebc219a7581fa6222712e3227d9,1
/path/to/PANDA/features,9155,e4bbe0282fbed7b4c2e82a36fec5246b,2
/path/to/PANDA/features,9156,e4c2c0efe450797793cc090b2fd59f84,1
/path/to/PANDA/features,9157,e4c7cbde1e884cb7dfe56cbae90847cc,2
/path/to/PANDA/features,9158,e4ca3da3ff10350afd296ec9cc5b4ce5,0
/path/to/PANDA/features,9159,e4cabafdbaf00676b92fae9436dc4c6c,4
/path/to/PANDA/features,9160,e4d241c25e1d63b25a01beebc53fc0a2,1
/path/to/PANDA/features,9161,e4d64940de65dd5cecc5c7295d2bda1d,1
/path/to/PANDA/features,9162,e4ddc57e6642607be5809a7fd02bd612,3
/path/to/PANDA/features,9163,e4e48b9bb72df7391a12304ccddffc4e,3
/path/to/PANDA/features,9164,e4e49a91640feea58d109aff11df4197,1
/path/to/PANDA/features,9165,e4e5fcff14e99aa91c9e3c6a0e2395cc,1
/path/to/PANDA/features,9166,e4e6c000a1fb5377541631b59e4a54a2,0
/path/to/PANDA/features,9167,e4e8ee3d5d5ddfff49f6f12077146b33,1
/path/to/PANDA/features,9168,e4fe4288bba2a29f9ad2eadbce43cf80,3
/path/to/PANDA/features,9169,e50a3ffa9065f537a4058f3176e41b7c,0
/path/to/PANDA/features,9170,e525fcfd50e34dc1f10465e3ea7ec2c0,0
/path/to/PANDA/features,9171,e528c60c6f12a5073f02195644ea418c,1
/path/to/PANDA/features,9172,e528d21e5e6c87a9a1579214f6ec345d,2
/path/to/PANDA/features,9173,e52afd1585ee4930b0005e42118a6e42,1
/path/to/PANDA/features,9174,e52c5685f6ebafcd377918e583486cb8,0
/path/to/PANDA/features,9175,e5328341b9864d0ab5fe5efc1a48197d,1
/path/to/PANDA/features,9176,e53ec7956c1284b527ad242b70c37b37,2
/path/to/PANDA/features,9177,e54cd5fbda18fa3c0bfb22a47ca2bb16,1
/path/to/PANDA/features,9178,e55a011bf1ef19beaf3f44e7d06fa0d0,2
/path/to/PANDA/features,9179,e55a0a59287bb3e3c51a6775a3ef30dc,5
/path/to/PANDA/features,9180,e55c0c51b9ec0963d74029d2de84f85a,0
/path/to/PANDA/features,9181,e561cdb33e597cb88ab37af8d677eeac,0
/path/to/PANDA/features,9182,e562ef589d0784d8426c0209bc41de67,1
/path/to/PANDA/features,9183,e5739e452d5b7c5e68c4171ece2557e3,0
/path/to/PANDA/features,9184,e573d5bd029fefceb5463707eb41a03a,4
/path/to/PANDA/features,9185,e578ab3feca3b43bb261cda8bc2e28a2,3
/path/to/PANDA/features,9186,e5875827ce9f2f526f46eefff35ab893,2
/path/to/PANDA/features,9187,e59296cf7a004822a4cce233bcb221b3,2
/path/to/PANDA/features,9188,e592e0c922fc2d4493fd89956ae23d84,0
/path/to/PANDA/features,9189,e5a167f697628add6a45ea4e447465bd,1
/path/to/PANDA/features,9190,e5a3fc40ca910bbf6c4dc912da522e3c,5
/path/to/PANDA/features,9191,e5c045c4083859b242af4d1b3bc1dc65,4
/path/to/PANDA/features,9192,e5c048da7a875e04bc632e048223309f,4
/path/to/PANDA/features,9193,e5c110d0ec8087bc89e6f6a528a690ce,2
/path/to/PANDA/features,9194,e5c785ab6b40b1dd870851b35385676f,1
/path/to/PANDA/features,9195,e5d03ece04ba42ccd467c582a92d667c,2
/path/to/PANDA/features,9196,e5dab0222c66b0edaf41487c881376c2,0
/path/to/PANDA/features,9197,e5dbb739cbdcd57ec7ed9f80b47f3b92,1
/path/to/PANDA/features,9198,e5dcae49fce83049904699a5001ec0b3,3
/path/to/PANDA/features,9199,e5e531d9d3a95e505939d5601569c192,1
/path/to/PANDA/features,9200,e5e5afaa4adc21dd69b387dbcb91aa74,0
/path/to/PANDA/features,9201,e5fc40d67ca490bb598688f92a2eff6b,3
/path/to/PANDA/features,9202,e5fe44e45e6954360aeccfeac99c2885,0
/path/to/PANDA/features,9203,e60d83653ba08e579999f71505107278,0
/path/to/PANDA/features,9204,e610af2c9bdb892102c1c239c836121f,3
/path/to/PANDA/features,9205,e61f5f4feabbb1cb6c09a2bd4494b916,1
/path/to/PANDA/features,9206,e62030f62fb52831cb29a000510c94a0,0
/path/to/PANDA/features,9207,e62a7175ca466fb365631d124972c0a8,3
/path/to/PANDA/features,9208,e63d457e162ff5875c8475210734f704,0
/path/to/PANDA/features,9209,e63f31b23d81011340b12022892f7b27,2
/path/to/PANDA/features,9210,e643797bc1d667d5b6a4f43ddd91c27b,1
/path/to/PANDA/features,9211,e64598d6884499b44b9bc615912f4f0e,3
/path/to/PANDA/features,9212,e6463d94a7f03e713daef4287faef5a4,5
/path/to/PANDA/features,9213,e648fe92843ff84ad7d59cf5cd28808d,0
/path/to/PANDA/features,9214,e64e418c88e9d98c8a40a810710c3bb0,0
/path/to/PANDA/features,9215,e65b5c109b3568689538a5dad4054c08,2
/path/to/PANDA/features,9216,e65d809914de1f87fd337a75ac08454f,4
/path/to/PANDA/features,9217,e669166e64cc2980b026a1243676db47,1
/path/to/PANDA/features,9218,e66a6092ff332e6516c879a4986f8a8a,1
/path/to/PANDA/features,9219,e6725d72152aee9323a8c8ba910828b5,3
/path/to/PANDA/features,9220,e6726e27fec3e06f2a768e015ec1f7c0,3
/path/to/PANDA/features,9221,e6827b24810e6447a2c88eb4661390b4,2
/path/to/PANDA/features,9222,e684a82fed6db3ca16d7ee4049fc65c8,1
/path/to/PANDA/features,9223,e68f28fd854c35365d317d513ef5fad0,1
/path/to/PANDA/features,9224,e6906d39baeab552b6540499fb95a14d,1
/path/to/PANDA/features,9225,e692db297233f27312315e8a5c75c32a,1
/path/to/PANDA/features,9226,e696a20c83939434527ea9a8b4d26d24,0
/path/to/PANDA/features,9227,e69f5703fc72f2b99a2cd8eef05a11e8,2
/path/to/PANDA/features,9228,e6a6f4658717ef0c20e18cc89b96f4e6,2
/path/to/PANDA/features,9229,e6a72561e752cce36b942ec74f168701,5
/path/to/PANDA/features,9230,e6b528e0bd6d4b69e3bfe318e550cbe1,5
/path/to/PANDA/features,9231,e6b58038a9af511ec66e96002378f5fd,1
/path/to/PANDA/features,9232,e6b75c006b7f74f2b4f2f8009b9aead8,1
/path/to/PANDA/features,9233,e6c2b43503bee624d35122991a011007,0
/path/to/PANDA/features,9234,e6c348b447810ffee0d3678adf8936c9,2
/path/to/PANDA/features,9235,e6cccbed431da8be9c7590655e5a71a7,2
/path/to/PANDA/features,9236,e6e365522c68d41ad595fc1b737223ec,5
/path/to/PANDA/features,9237,e6f83d3ffe066538fcac6efc3259d59a,1
/path/to/PANDA/features,9238,e6fe8d683d9d7f092c03992a23d901cc,2
/path/to/PANDA/features,9239,e7043a7f067f15e7a833df1f0e9c7a7a,3
/path/to/PANDA/features,9240,e704b6e827e5e2b4eeecdd280d6fbe8f,3
/path/to/PANDA/features,9241,e707ef8caf1f91a4aaee8231cfdcb353,3
/path/to/PANDA/features,9242,e70a78a696e2e294dc4ebaf48c449804,2
/path/to/PANDA/features,9243,e70ff0b6ac8c6f0ec256d88969cc81d3,0
/path/to/PANDA/features,9244,e71101f053a67bfdaa7a396a16bebdd6,0
/path/to/PANDA/features,9245,e723db912f549d6501ae5bde6cc7c672,1
/path/to/PANDA/features,9246,e7244a8c3ee9bbb0c934b2f888cc97d2,1
/path/to/PANDA/features,9247,e726a8eac36c3d91c3c4f9edba8ba713,3
/path/to/PANDA/features,9248,e7284b9a0670ea880bf52653846ff6a5,1
/path/to/PANDA/features,9249,e739dc3b9262a94c9a5c206c39864278,3
/path/to/PANDA/features,9250,e73b08596d7a8aabfdddbddb4b8996eb,1
/path/to/PANDA/features,9251,e73c4364239a175096d9538cd0aae117,4
/path/to/PANDA/features,9252,e73d1aad9bd7f12ae2d10de5932462c6,4
/path/to/PANDA/features,9253,e751701e415e67adf2496bba14863d34,4
/path/to/PANDA/features,9254,e75ffb74501b1bdd328b0640fe71665b,1
/path/to/PANDA/features,9255,e7638f9443ea67c64e7befcfb52d35f2,1
/path/to/PANDA/features,9256,e766ccca7358b76d085a6b526800e309,1
/path/to/PANDA/features,9257,e76c15467a217238e680e38de3128f05,4
/path/to/PANDA/features,9258,e76c7b4cbca487702e96526bf01bc165,0
/path/to/PANDA/features,9259,e76cc2d3737dbc26679c44b4deb9ba94,1
/path/to/PANDA/features,9260,e77bb3d37a6a6c32e6669f761b9a601a,1
/path/to/PANDA/features,9261,e77e4cdce388cea5f1d08bdc4d136edb,5
/path/to/PANDA/features,9262,e78a43e9cbfaae34ae2ad4929f2f8bcd,5
/path/to/PANDA/features,9263,e79a05a95711261d27e009c51c53ba26,0
/path/to/PANDA/features,9264,e7ae2d3b70141b5cd11808dcd1f84148,0
/path/to/PANDA/features,9265,e7b24e5307a06a2547e4cc31df3e2d1f,3
/path/to/PANDA/features,9266,e7b2e7be13f4ec42d08f3c202cbae21c,4
/path/to/PANDA/features,9267,e7b8d4f1978aa78ee6d5ba378a12348f,0
/path/to/PANDA/features,9268,e7c1f39c7be220aa89d07d03514c85df,2
/path/to/PANDA/features,9269,e7d8c7e2eab5b6c96c52b368a416aecf,0
/path/to/PANDA/features,9270,e7db63dae4f1dbcfe945651219d34674,3
/path/to/PANDA/features,9271,e7ded102214a944d051a2628d5452faa,1
/path/to/PANDA/features,9272,e7e3a644d686264e61924ce130e78838,1
/path/to/PANDA/features,9273,e7e80a801e9a9102e87bcb514b13c660,5
/path/to/PANDA/features,9274,e7ec6453face5f38923755adeeda2677,0
/path/to/PANDA/features,9275,e7f434dd3d607e019828f9c1f0a66144,5
/path/to/PANDA/features,9276,e7f7bfb6b18e3a24a3d5a6815d796bc7,2
/path/to/PANDA/features,9277,e80386a9191e95c3547600d94dd3e3db,4
/path/to/PANDA/features,9278,e805fcf7bfd5a7cd6c652c1ed288bcd8,4
/path/to/PANDA/features,9279,e8112c562edb4b184ba3c05b3708cb95,2
/path/to/PANDA/features,9280,e81a6a524304f302180b2c2cc142bd8b,0
/path/to/PANDA/features,9281,e82301e658d765151edd7134a663c4e1,3
/path/to/PANDA/features,9282,e8290f572f0e2d4e85248dc375ed3b94,0
/path/to/PANDA/features,9283,e8305f87e3ba6f187920804740068790,3
/path/to/PANDA/features,9284,e830b99a9330e3fa4feee8ac6f219083,1
/path/to/PANDA/features,9285,e831ed42fe3417009705f6ac32c63e67,0
/path/to/PANDA/features,9286,e838fccf83d4b5ba0b5915bc74a66a1d,0
/path/to/PANDA/features,9287,e839259f978b76b72c8ead94c085ed55,0
/path/to/PANDA/features,9288,e83b38f721f767604aa2bea3cdc633de,0
/path/to/PANDA/features,9289,e84880e9020070c9a79cb039d87fcffb,1
/path/to/PANDA/features,9290,e84a9aadb35ccba696e45cc79779525e,5
/path/to/PANDA/features,9291,e8544928657b8fbb4fa8d67682ae4ee7,2
/path/to/PANDA/features,9292,e855db8c0a47dd0798af1ca78c9a33dd,0
/path/to/PANDA/features,9293,e85bc7944c6dad97514e5dbbf774ace4,0
/path/to/PANDA/features,9294,e86dc98123a85d3326a02767ea046da3,1
/path/to/PANDA/features,9295,e877ea3e61db21b1a35468e9fcbf80cc,2
/path/to/PANDA/features,9296,e87c5d758af35b08e49524b37e731c66,1
/path/to/PANDA/features,9297,e884656fcde94956590b64acd504a00d,4
/path/to/PANDA/features,9298,e887a1f9af6bc40cf27342b0644ae23d,1
/path/to/PANDA/features,9299,e891d0d99672757464ee838a0794f424,5
/path/to/PANDA/features,9300,e89342e55eecf0dd11a1d40f4768c55c,1
/path/to/PANDA/features,9301,e89fd05c02c2297653d93f9bdaa71961,1
/path/to/PANDA/features,9302,e8a78f05190df3abb5642e5b0f7a5524,1
/path/to/PANDA/features,9303,e8ab164f380bb0c78f7566623bf5c8b7,1
/path/to/PANDA/features,9304,e8b082dafa2bb1a963ba88aec68d4465,0
/path/to/PANDA/features,9305,e8b55cf005b13b68d988de5b8ea3da95,1
/path/to/PANDA/features,9306,e8b5dc4dc51b355c689b8bed7d8cc7c1,5
/path/to/PANDA/features,9307,e8baa3bb9dcfb9cef5ca599d62bb8046,4
/path/to/PANDA/features,9308,e8c4df5d82b20ace2d04f178e70b6dae,4
/path/to/PANDA/features,9309,e8c8f352660c19ffc14a799823c237f2,1
/path/to/PANDA/features,9310,e8ce5cd6a70ea33bf280e6fddc6da27f,1
/path/to/PANDA/features,9311,e8d2f499e64b8d562838572bee7ea53f,1
/path/to/PANDA/features,9312,e8d76da2d567c88a5f7ea429e58b74f1,0
/path/to/PANDA/features,9313,e8d79e4c9b85f70b581e3403241672e5,2
/path/to/PANDA/features,9314,e8dd1df7bd9dc88018dca26d92558464,0
/path/to/PANDA/features,9315,e8efa9929870f9695be85d3ee7276518,5
/path/to/PANDA/features,9316,e8f50c073a0eadc8a9fb5ff7d2fd8832,0
/path/to/PANDA/features,9317,e8f7e16be2dbae2d6ac3cc218d9adb7c,5
/path/to/PANDA/features,9318,e90abe191f61b6fed6d6781c8305fe4b,4
/path/to/PANDA/features,9319,e90c8fb1ab71a448843dfec8f21a15c8,4
/path/to/PANDA/features,9320,e91823c58aa142ecda43d781dc322a9c,3
/path/to/PANDA/features,9321,e919022fbfe7c9ff599a866aa0be352f,4
/path/to/PANDA/features,9322,e9193d66b4eb4c6778efdeb776c5caa3,2
/path/to/PANDA/features,9323,e920b4b7fadf9463723ecd4e5755c485,0
/path/to/PANDA/features,9324,e9277e645833b34f708f1e0a991cca01,1
/path/to/PANDA/features,9325,e92dfc70e301a7e97540ac17cb56cdae,0
/path/to/PANDA/features,9326,e93861af06ca8a35bc36d1013c1c269a,1
/path/to/PANDA/features,9327,e93e6ff8cd84d5be64e8bb408fe8e614,0
/path/to/PANDA/features,9328,e948b70d1e102a039a6b93a4be16b323,0
/path/to/PANDA/features,9329,e951432e24ee198abd7b15bc2eedbb36,1
/path/to/PANDA/features,9330,e956c0c77d87f17644ec64ccd2abd66a,4
/path/to/PANDA/features,9331,e95c6d365351c83dc999465682628033,1
/path/to/PANDA/features,9332,e96abe7cf94b26fff31bc9d9ab8820f5,3
/path/to/PANDA/features,9333,e976c3cf104dcc86cee5a69421bb38b4,0
/path/to/PANDA/features,9334,e97722ee42a5566b71eef7e75e9d86f0,1
/path/to/PANDA/features,9335,e977901dfe6c8ff87e5bcf5c513250ac,0
/path/to/PANDA/features,9336,e97f116751795bc832eeefae3227ba0b,2
/path/to/PANDA/features,9337,e9809d14f4bf44dee72497ad9e863f63,1
/path/to/PANDA/features,9338,e986899266976504f3d5d8c6198b4b25,0
/path/to/PANDA/features,9339,e98b389d622e68214eb092efe5ba8345,0
/path/to/PANDA/features,9340,e98fea6df165f88876bb39889752759f,4
/path/to/PANDA/features,9341,e994de172996c57b3c414dd7192b500c,1
/path/to/PANDA/features,9342,e9a4f528b33479412ee019e155e1a197,3
/path/to/PANDA/features,9343,e9a5c52a32318ec532027258b3a84958,1
/path/to/PANDA/features,9344,e9a7994951a592997e163b5a236496a5,4
/path/to/PANDA/features,9345,e9b16b6a3206f9a26acfb6fbeeab0458,0
/path/to/PANDA/features,9346,e9b23d50388ce76955b95f482e892f5b,0
/path/to/PANDA/features,9347,e9b8daad505cdf8d12666cba8517c8f3,2
/path/to/PANDA/features,9348,e9bd2fb57ffbe441e1d43afede31df38,1
/path/to/PANDA/features,9349,e9c30a0a07e89ca9ef91a04558d0318f,5
/path/to/PANDA/features,9350,e9c567814f3d582607f9eff2a3b7668c,0
/path/to/PANDA/features,9351,e9c5d5ae46eb2a57b0c577a156cda8b7,2
/path/to/PANDA/features,9352,e9cc7c0bc8f872f85115f20344e7e491,0
/path/to/PANDA/features,9353,e9d628364cf51891028163e0cfca628c,2
/path/to/PANDA/features,9354,e9db6929c47c3ce5ea489a1187e7e669,2
/path/to/PANDA/features,9355,e9df02bcca00d27da3a8088ea4e8b56c,2
/path/to/PANDA/features,9356,e9e02b1633898ce8d73147ff8017776e,1
/path/to/PANDA/features,9357,e9e062c3fcf872abdf5f44dc2c55345a,2
/path/to/PANDA/features,9358,e9edef878710b13a32777376bdfc0f82,4
/path/to/PANDA/features,9359,e9f18c7e7ced779403e0b56d7b987827,4
/path/to/PANDA/features,9360,e9f33468a68c94621a437aee8674be96,5
/path/to/PANDA/features,9361,e9fd78dde89577dcd1c091b96ad2d51b,1
/path/to/PANDA/features,9362,ea035a96c752f59a4934a91068b318f2,1
/path/to/PANDA/features,9363,ea0f498ce59e7ed24de3737c10ced4f2,1
/path/to/PANDA/features,9364,ea1120bc6d2ec892001dfa0c6fce96a4,0
/path/to/PANDA/features,9365,ea2550ea9814a9ed57936301517e50b0,0
/path/to/PANDA/features,9366,ea257fa5a05b773eb44f42d2804578c3,1
/path/to/PANDA/features,9367,ea295f8383b74ad29cf5ba2daea89f98,4
/path/to/PANDA/features,9368,ea2dae3e447871d311e907278a85cabf,1
/path/to/PANDA/features,9369,ea2f3faabd452477e8f792ca02925cd0,2
/path/to/PANDA/features,9370,ea4567ff965f38683bdc7c7af2e08ae4,3
/path/to/PANDA/features,9371,ea5004ea2c5535f023f9f4457146b110,3
/path/to/PANDA/features,9372,ea5816321370d9d813bb7107c2ed0074,2
/path/to/PANDA/features,9373,ea60e3c915ba5b5c9a8baa619e3752bc,2
/path/to/PANDA/features,9374,ea625b78a563a172ca499da8f7829261,1
/path/to/PANDA/features,9375,ea6606c5db492fded16b2120e184455b,4
/path/to/PANDA/features,9376,ea676a3e54bdcabbb71961bae282e561,1
/path/to/PANDA/features,9377,ea69da9e735f38910b59e3f303d17892,1
/path/to/PANDA/features,9378,ea6b2ae44450c9d6f1df788eec496694,0
/path/to/PANDA/features,9379,ea7279a8827f8457425682d436da34bb,1
/path/to/PANDA/features,9380,ea72eb500f523697eee190bcedc8f0dd,3
/path/to/PANDA/features,9381,ea77b6c6a266751e19cb3d858d096136,1
/path/to/PANDA/features,9382,ea7dc37118dc98b179cfa1dfba70c14d,4
/path/to/PANDA/features,9383,ea80b1988e8328c7da7b97cd595cc6b7,2
/path/to/PANDA/features,9384,ea9d52d65500acc9b9d89eb6b82cdcdf,1
/path/to/PANDA/features,9385,eaa8d5b00a23d0da9d82b22cf053697d,5
/path/to/PANDA/features,9386,eaa98a57d64de34ccb77c1af98e1d39a,1
/path/to/PANDA/features,9387,eaae490bfc1d9f10fd34caf902a6900d,5
/path/to/PANDA/features,9388,eab6d4eae42fed6ed8ce52aa6b313a1c,5
/path/to/PANDA/features,9389,eab8adbbf4def0220b48bfdc525aa866,1
/path/to/PANDA/features,9390,eabeeac7e277d16cd6be0379779c6736,5
/path/to/PANDA/features,9391,eac2bfcf6b1dd7733ab9e2f31452e5bd,3
/path/to/PANDA/features,9392,eacb0504ca2039d8b3e9707aa7badb2c,0
/path/to/PANDA/features,9393,ead9a151a1d35c75305d3dd321c6676e,0
/path/to/PANDA/features,9394,eaeb106be64bbcb48aedcd4117768d59,1
/path/to/PANDA/features,9395,eaeb7f15cb0618d6091ef52e685ec284,5
/path/to/PANDA/features,9396,eaec64217afad712384c73f33591e422,2
/path/to/PANDA/features,9397,eaee249fef6f67630053f6d398a2989f,5
/path/to/PANDA/features,9398,eaf66ac783499827a7f09d69793a07d7,1
/path/to/PANDA/features,9399,eaf70401521a619ef57eb894c4e7816a,0
/path/to/PANDA/features,9400,eafd9197171d786210aa97a3bd9f74e6,1
/path/to/PANDA/features,9401,eb065a93e3ff8ecaa0acca4126c4c154,1
/path/to/PANDA/features,9402,eb074645f3635008d749b5f03c1336c0,1
/path/to/PANDA/features,9403,eb0784168cd25dac78137baa950b3c73,4
/path/to/PANDA/features,9404,eb0ebb9ecbe996fe6acd1b011e137bdd,0
/path/to/PANDA/features,9405,eb15bfa8f37ebcbd3bf26ea07060f491,3
/path/to/PANDA/features,9406,eb15d508d434c2fede99f7227d03fb4d,3
/path/to/PANDA/features,9407,eb17125d3f2909f7e1702013b65188e5,0
/path/to/PANDA/features,9408,eb18e2e49ff4b26634ed4737a7d48b2a,4
/path/to/PANDA/features,9409,eb1f095d4c42b43b2263dc50203fb26c,4
/path/to/PANDA/features,9410,eb224c3e74b14b1b93a377f358469610,4
/path/to/PANDA/features,9411,eb2267a9e6ad63f9c9d1386b8688ccc0,0
/path/to/PANDA/features,9412,eb28a92a005b15ae37fdd43f42b3edfc,5
/path/to/PANDA/features,9413,eb2b8d9eb0affaabbe770fcb5933dcaf,5
/path/to/PANDA/features,9414,eb2f1b1d27fbae69c7467a6bfd0ef5a8,4
/path/to/PANDA/features,9415,eb341a42f1e27d3af125fa1bcba8c799,1
/path/to/PANDA/features,9416,eb402c1146b33c126aaab2a31f1cb911,0
/path/to/PANDA/features,9417,eb62229279cd8ab73c9ca81171f14762,5
/path/to/PANDA/features,9418,eb6d35c149072c75cee433ec81ba7c49,0
/path/to/PANDA/features,9419,eb78715d70073992ae1b97d02a0d106a,0
/path/to/PANDA/features,9420,eb7b02d4576ffd98cbb4bb5c79418b3d,0
/path/to/PANDA/features,9421,eb81e4b7cf069e0660b747b0da1aa1a7,4
/path/to/PANDA/features,9422,eb846d2f14749c4913bf0affa0578d8d,5
/path/to/PANDA/features,9423,eb879c95e942688b2fde3061e313e5b8,5
/path/to/PANDA/features,9424,eb88d9362516b7ff394e7c3b41d2931d,4
/path/to/PANDA/features,9425,eb9821fc7f3a5af8d7b54a482478aaab,1
/path/to/PANDA/features,9426,eb9d4025d77205c0dda3d5f7431ce1b8,4
/path/to/PANDA/features,9427,ebb2cd4c02707a6d648b8e986f72210b,3
/path/to/PANDA/features,9428,ebb6a080d72e09f6481721ef9f88c472,2
/path/to/PANDA/features,9429,ebb6d5ca45942536f78beb451ee43cc4,2
/path/to/PANDA/features,9430,ebbdc2a69a66aa07cc0b56dee6b04e8d,1
/path/to/PANDA/features,9431,ebbe1801ed68a97e435b960a9582a39e,1
/path/to/PANDA/features,9432,ebbe9b2029fd5389f5bb93d6b2b822ab,2
/path/to/PANDA/features,9433,ebc0cf09e9f77d222af0b8015c409a01,1
/path/to/PANDA/features,9434,ebc22b45eb3ad26c9d9883d912038f6d,4
/path/to/PANDA/features,9435,ebcb278bfb1d92fd4d48046fd697e2c0,0
/path/to/PANDA/features,9436,ebcbe0cbe5aee5f63c5bed754f3c8be0,0
/path/to/PANDA/features,9437,ebcc8512888bfadf6c90598a7e0b466b,4
/path/to/PANDA/features,9438,ebd0b86bc3cf2b3fc044d8178f6541dc,1
/path/to/PANDA/features,9439,ebd3d4bfc5d1e9ce090e342869cbdefe,5
/path/to/PANDA/features,9440,ebd6034772ec8ea179c5a1802c6b886e,2
/path/to/PANDA/features,9441,ebec55b101d0f038aa52b6c5f83bba0b,1
/path/to/PANDA/features,9442,ec009ae101199666b6840588867fc1d6,5
/path/to/PANDA/features,9443,ec0cc0db2e434f2a0bab41cb95d62a4a,0
/path/to/PANDA/features,9444,ec11cdbfe083f766ebc6a851353a1662,2
/path/to/PANDA/features,9445,ec15fa638f2a0a362a2d989a5cef16f5,1
/path/to/PANDA/features,9446,ec1a371b933875ff0a2b65e315838294,1
/path/to/PANDA/features,9447,ec2657eff0395f0c0eddac5b35cf584a,5
/path/to/PANDA/features,9448,ec27b4eb30828414d29c522e2a958756,2
/path/to/PANDA/features,9449,ec31746a04ca87e961b4b9d4d6f6bd60,0
/path/to/PANDA/features,9450,ec351f4577baf670e6008a5ad49c9e96,2
/path/to/PANDA/features,9451,ec357f56de67acf8abceb244a2cdf49b,5
/path/to/PANDA/features,9452,ec382d53fa1973de25c35af7af550aff,3
/path/to/PANDA/features,9453,ec3ec6bac5536595a5837020eb0fa482,3
/path/to/PANDA/features,9454,ec3f8f4e374dd25c308d7c4081c720a4,0
/path/to/PANDA/features,9455,ec44c46c8fbfd5e3d91c8b46ac2badcf,0
/path/to/PANDA/features,9456,ec550454bd72896fbbab24e1146cc904,2
/path/to/PANDA/features,9457,ec5c3e40db39e2e12c39b76f9d5e1ec2,5
/path/to/PANDA/features,9458,ec61de4bc848e64aa563c172a51b6585,1
/path/to/PANDA/features,9459,ec767d98586c61e1feabe3293690fe93,1
/path/to/PANDA/features,9460,ec89dabdd536396aaad4020141dafbde,0
/path/to/PANDA/features,9461,ec98a1abb0df9d1de21534c1e40698ab,1
/path/to/PANDA/features,9462,eca065b700e4e44681c2b3d45235a6f9,3
/path/to/PANDA/features,9463,eca3e3fbd5646493a0c67b92d2fdd7ac,5
/path/to/PANDA/features,9464,eca419aaa2639a18266ca5458495a594,1
/path/to/PANDA/features,9465,eca989843a1006206f8af3503b71b66c,3
/path/to/PANDA/features,9466,ecad7ce730fc63ac02df4a9da719fa1c,5
/path/to/PANDA/features,9467,ecae863e7c478594aa4c84ce132b3825,1
/path/to/PANDA/features,9468,ecbafab43eea3abffc6cd89c02592e35,1
/path/to/PANDA/features,9469,ecbf3405442e732ce340669db10f18b4,5
/path/to/PANDA/features,9470,ecbfe1443366caf1e5c4e0d9985d5c85,3
/path/to/PANDA/features,9471,ecc3d16c7cbe0903bfe1bea8f3755236,1
/path/to/PANDA/features,9472,eccf078b6260753c6ae617c71a6a08e7,0
/path/to/PANDA/features,9473,ecd4174fb7dfb4ccad0e382aec7692ad,3
/path/to/PANDA/features,9474,ecebd05f42f575630c79ca2c759246c4,0
/path/to/PANDA/features,9475,eced1d0653f7c472814889665013f114,2
/path/to/PANDA/features,9476,ecf2c02cc3881e508933ea679c43f64e,4
/path/to/PANDA/features,9477,ed07f20bfb493e3a0731853a3af20103,1
/path/to/PANDA/features,9478,ed11e2d10934289d2cc9bbc84e2b991b,2
/path/to/PANDA/features,9479,ed15d638e47b2a7c449674702e4d988c,0
/path/to/PANDA/features,9480,ed2306e1735ee4b91480e74fd44e5a66,1
/path/to/PANDA/features,9481,ed3028d82ffde075540a2d54abed2b15,2
/path/to/PANDA/features,9482,ed35861a0e509708086dd37a78745967,2
/path/to/PANDA/features,9483,ed405c59371198640ead48dcd899428f,0
/path/to/PANDA/features,9484,ed52e9dafc41b6a05feb136287c52956,2
/path/to/PANDA/features,9485,ed572cbfb5afc2e989918b03c70734af,2
/path/to/PANDA/features,9486,ed5eca047605a7a754ebc7889f76df63,5
/path/to/PANDA/features,9487,ed6cd2970be19ae64953171e8645de37,1
/path/to/PANDA/features,9488,ed6df9ab166f61c7f18725ebfaa893f9,5
/path/to/PANDA/features,9489,ed8116907ae5d014f5148edc44193963,5
/path/to/PANDA/features,9490,ed89f08bcd88ebc5ae47925d9660b1bb,1
/path/to/PANDA/features,9491,ed8c726eee582f09bbb45d08344f428b,3
/path/to/PANDA/features,9492,ed9210596220b127753ad2dacd173aee,0
/path/to/PANDA/features,9493,ed98920bae111557e6f300d88583e89f,0
/path/to/PANDA/features,9494,ed9a38a9f1dfa898e536cd91f13d98b1,3
/path/to/PANDA/features,9495,ed9a9b74e2c08c506767af2471d9c1ca,0
/path/to/PANDA/features,9496,eda6d9fc5d58f69f9ff9f6b4da136274,2
/path/to/PANDA/features,9497,eda92317b583435a810cac1dc7bb8025,0
/path/to/PANDA/features,9498,edac2fa7eb6c5e893625800c4aeea7e3,0
/path/to/PANDA/features,9499,edac491ffa87aa2c0abccf1b8e5a6ff6,4
/path/to/PANDA/features,9500,edb109423e4f668740936d2787dd470f,0
/path/to/PANDA/features,9501,edb53390a53397b29cb85e21501b8efb,3
/path/to/PANDA/features,9502,edb56bb632e35b3d4f256d22c799cd93,1
/path/to/PANDA/features,9503,edb9c2eec6fa3dbfb0f7443c4ffccb4a,2
/path/to/PANDA/features,9504,edcf77f422b243fc13c1050ddfb264b7,0
/path/to/PANDA/features,9505,edd408ac28d172e7c80dbe7aea2ac283,1
/path/to/PANDA/features,9506,eddadc595e0ea2588685f4ad22c3fe87,1
/path/to/PANDA/features,9507,ede8541318635beb3244e1ecf2bae080,0
/path/to/PANDA/features,9508,ede949d8112785a5568da67879b80a98,5
/path/to/PANDA/features,9509,edeef50ef0dc1fbbd190a737db0d3937,2
/path/to/PANDA/features,9510,ee0a0e6973db6eff6dbd31ad6dc2beec,5
/path/to/PANDA/features,9511,ee1110b27defb401d09d65145d2c046c,5
/path/to/PANDA/features,9512,ee1605f1c4e68d7a52a07fae529e14f8,5
/path/to/PANDA/features,9513,ee17748d9c053471c135f5a397e26560,3
/path/to/PANDA/features,9514,ee182a14e532b122f40d561d87eb2136,0
/path/to/PANDA/features,9515,ee2e1b4ce5e5290833a9a98da2d72c0f,3
/path/to/PANDA/features,9516,ee2eff16873d8db59ea97fb8ad5e58c7,1
/path/to/PANDA/features,9517,ee38373d970014e6676ebbc782be6b4b,0
/path/to/PANDA/features,9518,ee3a23485cb29881a50f2ab3b51b25d4,2
/path/to/PANDA/features,9519,ee3cb4950320fa16061f3f3519f8e08e,1
/path/to/PANDA/features,9520,ee435f8cf44f4e0e41a2b31226fec1e9,2
/path/to/PANDA/features,9521,ee4492e15e54bfe1a23bc3af78158897,0
/path/to/PANDA/features,9522,ee4957f6544985b0d44ed126ae15500f,3
/path/to/PANDA/features,9523,ee4ae1f43c02cb515484087ff4a5c300,1
/path/to/PANDA/features,9524,ee5e98f996430e0ba9152fafb562596e,5
/path/to/PANDA/features,9525,ee607b2abd1f6a721b4765ead3fe7aeb,1
/path/to/PANDA/features,9526,ee61886bdebe2748009da564edb587cc,3
/path/to/PANDA/features,9527,ee690e4e9eb2bc1b23acaa64ecfedb3e,4
/path/to/PANDA/features,9528,ee6c3d7dad8ab343b9db6ca62fe4904f,1
/path/to/PANDA/features,9529,ee7818bcdaf1b51212aa523778f68ee8,0
/path/to/PANDA/features,9530,ee7a0b58f510f1f47bfc4ad434f7ddd4,2
/path/to/PANDA/features,9531,ee7db8ef1100e67d619ca5513dd55d2d,0
/path/to/PANDA/features,9532,ee810ac96bd9f15f5e06c372f6908c8c,0
/path/to/PANDA/features,9533,ee83e1603d89100f6546368fe275aaa5,3
/path/to/PANDA/features,9534,ee84768fd0b939e9fc7369652cba4a35,2
/path/to/PANDA/features,9535,ee86db1a059e9a7dc5a72eafde4cbd69,2
/path/to/PANDA/features,9536,ee969b43c03669148a16cd7246e3ddd0,1
/path/to/PANDA/features,9537,ee9791a15a2cc8e34ee8fc52dcb4ddb5,1
/path/to/PANDA/features,9538,ee9d46e743ccade3196701a6068fa860,4
/path/to/PANDA/features,9539,eea0cd8ab449057ce50b7d411b63d6e3,3
/path/to/PANDA/features,9540,eea47f9bc6d774e29cd36167365775bf,3
/path/to/PANDA/features,9541,eea5a7ea388de38cafb29752b812c9ff,1
/path/to/PANDA/features,9542,eea7a758b49d5765cc9a8fe2ed6599fc,2
/path/to/PANDA/features,9543,eeaeeb45b9c6217ade693af47de610d5,4
/path/to/PANDA/features,9544,eeb26ba1afa30bbf4f88d8c38b42c313,1
/path/to/PANDA/features,9545,eebbd95489903a9882da3fc42426d001,2
/path/to/PANDA/features,9546,eec0d321f4ef349cc080d4eb2feab6f7,1
/path/to/PANDA/features,9547,eec264acfa54ae044fd3312d17f62ffc,2
/path/to/PANDA/features,9548,eec36dafc7b16caaadf5418529dc29cd,1
/path/to/PANDA/features,9549,eecab09cf5ba553de52a9b76a11e377a,4
/path/to/PANDA/features,9550,eecda454c4630e9571a784929938c3f5,0
/path/to/PANDA/features,9551,eecf7d092d41484bdbb80ec95f49bb03,5
/path/to/PANDA/features,9552,eed17c97383c541f6cca658f3482f429,1
/path/to/PANDA/features,9553,eed22b80775127e0a2143e287d79c575,5
/path/to/PANDA/features,9554,eee26d27dbba4e7dec07620c11328b62,1
/path/to/PANDA/features,9555,eee4c72a63e67252e0f2a3462a16ea95,4
/path/to/PANDA/features,9556,eee51ecfd7d7fe5b3f4c2ffe27fae0af,2
/path/to/PANDA/features,9557,eef409493827bfb3b3d0e74e156923d4,0
/path/to/PANDA/features,9558,eef8676c5d348ab7f406a81c74c988b5,5
/path/to/PANDA/features,9559,eefb2c8c791cf40c6a5ca8b131d475f4,0
/path/to/PANDA/features,9560,ef04092847409d2ea98b392331985dcb,5
/path/to/PANDA/features,9561,ef20ad4052dba940a75b752f48432737,3
/path/to/PANDA/features,9562,ef354802197e3eaceeaa43a62e39cf6d,0
/path/to/PANDA/features,9563,ef370f7b011f0c0303a7ae14fe0c0770,3
/path/to/PANDA/features,9564,ef3b99675c116b6572cd8694ee1dd808,0
/path/to/PANDA/features,9565,ef3e70ea593ce6a058c14ee6037bcf80,5
/path/to/PANDA/features,9566,ef49ceba7efcbd20b8cc1eda40b256fa,2
/path/to/PANDA/features,9567,ef4db235c1d5028e455df952cd17500a,0
/path/to/PANDA/features,9568,ef4e60fa0b52fced74607ab20b44e365,1
/path/to/PANDA/features,9569,ef5227e7037bb4e8c9f213056f135f3e,0
/path/to/PANDA/features,9570,ef528624c588c2f9d04c79d400f1aacc,1
/path/to/PANDA/features,9571,ef53146fcc9c40a0f9a55897f507c38d,0
/path/to/PANDA/features,9572,ef55278e83dc8ce2b214880eb444d59d,1
/path/to/PANDA/features,9573,ef5dbd7a78bc04a0a5d236739ce11f20,5
/path/to/PANDA/features,9574,ef64f74aa019c3a6638c469ef0e44c57,3
/path/to/PANDA/features,9575,ef65ea2c6fcec3156ffb0034135f8d55,3
/path/to/PANDA/features,9576,ef681b0b3a47c6e034db1b86ce5bd1a9,4
/path/to/PANDA/features,9577,ef719b75e69aa49c7c5f11995f4a5c87,0
/path/to/PANDA/features,9578,ef7646f2fa166ef2b355a1efd19db77c,4
/path/to/PANDA/features,9579,ef77487acc19480876090652206c7e05,0
/path/to/PANDA/features,9580,ef78804e47bf8950bced09b56309ec0b,3
/path/to/PANDA/features,9581,ef7dabd0c4060d46ea36db75136bb57e,4
/path/to/PANDA/features,9582,ef7e5ebd23757e3446d0bc4c47dc8e96,1
/path/to/PANDA/features,9583,ef8bfc5bb8d4620c501fcd726ef36dc0,2
/path/to/PANDA/features,9584,ef8cb1391e62cb6721eddf6e3495087d,3
/path/to/PANDA/features,9585,ef90c7ae4c721fac2c3052f8e7769627,1
/path/to/PANDA/features,9586,ef928aed9549e5dea8d67c57fb79e45f,0
/path/to/PANDA/features,9587,ef9453132cfa46c7e5a506178756ff01,0
/path/to/PANDA/features,9588,ef9626e7479e7749bc2dd093237ba966,0
/path/to/PANDA/features,9589,ef9853b01c42ddaeaad2b6261652f13e,0
/path/to/PANDA/features,9590,ef9aa642a7b1367d7202d3cec44dbcdb,1
/path/to/PANDA/features,9591,ef9c72d529806d9ba341476d4c159838,5
/path/to/PANDA/features,9592,efa1f2dc428cd2c756703a46a6528159,0
/path/to/PANDA/features,9593,efadb69675bdbc972dc32aac8f0aed11,3
/path/to/PANDA/features,9594,efbd55aede0638c4e82fb065d40fa238,0
/path/to/PANDA/features,9595,efc999f01b27bc25d9a75a5583dbd938,0
/path/to/PANDA/features,9596,efc9d77273847ab411ec6d447b22b3f2,4
/path/to/PANDA/features,9597,efd993cb48dce20304958c45829a3ff8,4
/path/to/PANDA/features,9598,efe3e59db69aff7eaab601851bfe16c4,3
/path/to/PANDA/features,9599,efe46c2ec61f23ebe0953e0777bb7e5d,4
/path/to/PANDA/features,9600,efe68e8f9916ca5966a513f11282491c,1
/path/to/PANDA/features,9601,efe82d2ca33e6463e5b5b5dd46e1ce34,1
/path/to/PANDA/features,9602,eff6063a1f4154bdb706cc022b3e3bb8,0
/path/to/PANDA/features,9603,eff939d5ca03e6b4e85d115fa2ad7e9a,1
/path/to/PANDA/features,9604,effe920ec2c4a10fe08d237a806d04d5,0
/path/to/PANDA/features,9605,efffcaf09935e68555f74277c387220a,4
/path/to/PANDA/features,9606,f0098375c984c08db1a94086d80e7f27,5
/path/to/PANDA/features,9607,f00a8cd34ac361a3292c2d2361bbaebe,5
/path/to/PANDA/features,9608,f00ec753b5618cfb30519db0947fe724,2
/path/to/PANDA/features,9609,f0185737bdd21451a34f41515395244f,3
/path/to/PANDA/features,9610,f0197942d5cd986426ed3550e562d495,0
/path/to/PANDA/features,9611,f01ad4a3950dc5bd67223d2ebeb8768c,0
/path/to/PANDA/features,9612,f020cc334d760c90c51064fbfcea2dfe,2
/path/to/PANDA/features,9613,f02a67a1b405d1462ad124f5b03d5b4e,2
/path/to/PANDA/features,9614,f02b9020d7bc40972be3d30d13b745c4,4
/path/to/PANDA/features,9615,f02badb2b1c69c914644ea89c3c5846f,5
/path/to/PANDA/features,9616,f02db91cdf2a66c05c07cf85f9507a77,1
/path/to/PANDA/features,9617,f03af6a10717282de524bec7dc01111f,5
/path/to/PANDA/features,9618,f0422b9adf9f34ea214374a48bcb757e,5
/path/to/PANDA/features,9619,f051273bd75ea902b5a163fa772decac,5
/path/to/PANDA/features,9620,f05260d375197325c7cf1775306b9eb4,4
/path/to/PANDA/features,9621,f05d48bb9a4b1a9b1c6724988c2bcec0,1
/path/to/PANDA/features,9622,f062f6c1128e0e9d51a76747d9018849,1
/path/to/PANDA/features,9623,f065aa3e43c7259d03e12b11bc9deb1f,1
/path/to/PANDA/features,9624,f066af8d3d3f1eb3471b817d757f370d,1
/path/to/PANDA/features,9625,f06771072117359ea7dd8012054a3e5b,3
/path/to/PANDA/features,9626,f067f6f95a07384e9a0b2b213528e54a,4
/path/to/PANDA/features,9627,f07384ef90c301fac9bf8fdc24cb88e8,2
/path/to/PANDA/features,9628,f07854a61eb5e86065f13e7e0c1456b9,1
/path/to/PANDA/features,9629,f078e8a043122dd2b87426178bec0601,0
/path/to/PANDA/features,9630,f079a9a9d4c30cbdc55917df9f5f6541,5
/path/to/PANDA/features,9631,f080aadb91c111b6e2e91ed6d7d12e5c,0
/path/to/PANDA/features,9632,f0817b0470822399780fe7e26bd32e20,1
/path/to/PANDA/features,9633,f084bbeecf2e9590bbdf2c5b48708072,3
/path/to/PANDA/features,9634,f084f6eabe7932229687dfa7cbb3dbed,4
/path/to/PANDA/features,9635,f0921067172c8fe3062cfb2b77a9a549,5
/path/to/PANDA/features,9636,f09235b441d9c6e5c0164dcd37b0565a,4
/path/to/PANDA/features,9637,f0a5d0215fb79628b4879882cb22046f,1
/path/to/PANDA/features,9638,f0a6026f3c1dafdf2496721f3721c039,1
/path/to/PANDA/features,9639,f0a73ffe7d71950702ebd0ef7efa86cb,0
/path/to/PANDA/features,9640,f0a8558af34576324861180792ae4de3,0
/path/to/PANDA/features,9641,f0aa8148ce45747389ea072aaaae57ae,4
/path/to/PANDA/features,9642,f0b3a37f233c1a02dc1b7ecfc7dc61b8,1
/path/to/PANDA/features,9643,f0bb29042dfb17421aac02138f8e9d20,0
/path/to/PANDA/features,9644,f0bdbcc585baf9c62af961ea7f017f4c,4
/path/to/PANDA/features,9645,f0c0e15dbcf050dddb8dd1d03fd07533,2
/path/to/PANDA/features,9646,f0d3a67702abc214a7ca6c1158e5a62c,0
/path/to/PANDA/features,9647,f0dc04c4cb88b0e5bafbdc6a852ffefe,2
/path/to/PANDA/features,9648,f0ecf0bcc2f83eb9226220a80230f44f,4
/path/to/PANDA/features,9649,f0f6097376bf887f51d552bd033ae5d7,2
/path/to/PANDA/features,9650,f0f8340b213f8993ea8a841796718d03,1
/path/to/PANDA/features,9651,f102169b07ee29e61ed6001725f076e7,3
/path/to/PANDA/features,9652,f1079a2a43462e7cbaa60faec097b2f6,1
/path/to/PANDA/features,9653,f10e5b4cb9d926d40b830d9ffdbdecbe,2
/path/to/PANDA/features,9654,f10f258b5e1a56f0449b1d344f9dc8be,4
/path/to/PANDA/features,9655,f114a15f4c02900ebed9f638b68f42cb,5
/path/to/PANDA/features,9656,f1154a0a76a952a3518092263a2db902,1
/path/to/PANDA/features,9657,f116008671100986f57d4726d2b8246b,1
/path/to/PANDA/features,9658,f11d6a6a4644cab41b87e6542be7e407,4
/path/to/PANDA/features,9659,f121597ae1a23fe4e8d1a051b3533dd5,2
/path/to/PANDA/features,9660,f1231d9ba00000e9dbeeebc1b6546378,4
/path/to/PANDA/features,9661,f12da90682826a7b149fc550722e14c4,3
/path/to/PANDA/features,9662,f12f02fc993a6cee39d10fdf26b528de,1
/path/to/PANDA/features,9663,f136c04bb54b73543f234c0c6b51ad41,0
/path/to/PANDA/features,9664,f13cd8ec6e6fde523a0a065b62086d3c,2
/path/to/PANDA/features,9665,f13eb7c6b71d6346bd1421117b18ff3d,5
/path/to/PANDA/features,9666,f14333c53c3aa81057dff9c4ef83b69b,3
/path/to/PANDA/features,9667,f14ab472f807f53303d5f1b27703936b,0
/path/to/PANDA/features,9668,f14cc705a713267715ed1e1be51b7e7a,4
/path/to/PANDA/features,9669,f1522c30e3d4f858a9eb87f596e04483,3
/path/to/PANDA/features,9670,f1536f338e098d87b1164712aff106ba,5
/path/to/PANDA/features,9671,f157ea3c41b34368266d9f802814292a,2
/path/to/PANDA/features,9672,f162eb4058fba118b9d6923843b93c73,1
/path/to/PANDA/features,9673,f168fbab6acf64bca970a59aace54ba0,0
/path/to/PANDA/features,9674,f16f7b3c4a274f17b2f1fad6c37714a8,1
/path/to/PANDA/features,9675,f17470445cda06cb72f8c016bfcd4e79,4
/path/to/PANDA/features,9676,f1777b0a69cd93142a84756dd8f37c5c,0
/path/to/PANDA/features,9677,f178a31a7867a26c9e4ec2e6efa32f1d,0
/path/to/PANDA/features,9678,f187290ba0d588d11f47467ec93ce202,5
/path/to/PANDA/features,9679,f18c633e29a58f190d91ec485ef6138d,0
/path/to/PANDA/features,9680,f18cbfc916ac8e35595c53c801784470,1
/path/to/PANDA/features,9681,f19c7ece83101042b11178a9bedf68a8,1
/path/to/PANDA/features,9682,f19fe3c267aa523b6b96393d698ab273,2
/path/to/PANDA/features,9683,f1a4cd89870013b5ce65a6cae77a6b0b,0
/path/to/PANDA/features,9684,f1a65bcc3e01e8de90ea405984c61c4e,5
/path/to/PANDA/features,9685,f1a748bf771215ce5a166846e8d9af79,1
/path/to/PANDA/features,9686,f1a956dea62abf0e11ff2a61b9aa192e,1
/path/to/PANDA/features,9687,f1b81dbf9bf629ed8919916bc5287786,4
/path/to/PANDA/features,9688,f1c6299a5b503d6e20d312d459805534,2
/path/to/PANDA/features,9689,f1ca34b8757be8022476e4e71d18e06b,4
/path/to/PANDA/features,9690,f1cc477da5b2b0a5718a30ec82e3a0d2,0
/path/to/PANDA/features,9691,f1ce9f1ec15e532042286084466da0ea,1
/path/to/PANDA/features,9692,f1d829ed10a267d11e7e00c96d26e7c5,3
/path/to/PANDA/features,9693,f1e032b285fbc5f7207a608eb5ec9ea4,0
/path/to/PANDA/features,9694,f1e4ff27b4e88679ebb3a4547c9a5a04,3
/path/to/PANDA/features,9695,f1f5f493f2f436a7049f899b4ca4bac6,4
/path/to/PANDA/features,9696,f1f6a8a8721fef9d9fd6542f2ca31858,2
/path/to/PANDA/features,9697,f1f74c4aecfa7f9baa760bb992e4c720,4
/path/to/PANDA/features,9698,f1f9aea9e0bb9845704f9871346811aa,0
/path/to/PANDA/features,9699,f1fa1fcc9c86af57af89f7c5784e8a4c,0
/path/to/PANDA/features,9700,f1fe16e06f2ba5e1a9662cb471fe73c1,1
/path/to/PANDA/features,9701,f2061f4d36c3ed5e865d8f8d8e0785b3,0
/path/to/PANDA/features,9702,f20638cc61a1ad764ed718b278f9055c,1
/path/to/PANDA/features,9703,f20ff8d9b9b0f5f6df241672541dd9a5,0
/path/to/PANDA/features,9704,f2196dcfec3027846cdd304448f28fa5,5
/path/to/PANDA/features,9705,f21b4874e7bf5b2061800096e9a080d7,2
/path/to/PANDA/features,9706,f220b26c6610f8210cf859a46feba5c1,0
/path/to/PANDA/features,9707,f220cd5dfa5321a4f3a29ddfb0a775bf,0
/path/to/PANDA/features,9708,f232c70ab2ac94bd8efc9c6dde740013,0
/path/to/PANDA/features,9709,f232dc705893be350eaf1afd474818aa,2
/path/to/PANDA/features,9710,f236820cf87ca90929a81b8f4b2a3e3e,0
/path/to/PANDA/features,9711,f2456762fdfd5be4de5c9ba4e64c3c3d,0
/path/to/PANDA/features,9712,f254c9da93b8616baf724c5ee515d4d4,4
/path/to/PANDA/features,9713,f265e72c4082cba007a8b21fb6cda60c,2
/path/to/PANDA/features,9714,f2681b7d31d93187bec658359690b57d,1
/path/to/PANDA/features,9715,f2834de66b368822707e312afd57fb52,0
/path/to/PANDA/features,9716,f28915d34c10051b4a91d30d2cbca62c,5
/path/to/PANDA/features,9717,f28d60a3f5606122a0f412e1092c94a4,0
/path/to/PANDA/features,9718,f28ff584ed1e425f7f063b93223895c2,0
/path/to/PANDA/features,9719,f2920e8b3c4e7dfd3680bd19cb10846d,1
/path/to/PANDA/features,9720,f292ea5d2ea72a15bbb798702a9de817,1
/path/to/PANDA/features,9721,f297a5e48cdfbd7e8fad7690f6ed6276,1
/path/to/PANDA/features,9722,f29962cf62f852b83823f7ab438f64d7,0
/path/to/PANDA/features,9723,f29a271f6d4f678495306d7db565049e,1
/path/to/PANDA/features,9724,f29ba486c7737edeed823f93b9fe25fc,3
/path/to/PANDA/features,9725,f2a05cf9e8b20fee5710fd7f32e95b8b,2
/path/to/PANDA/features,9726,f2a41d0bcc37df0b70f2a002317c1a77,3
/path/to/PANDA/features,9727,f2a4e5be2fa33f6e89056cd20529a499,1
/path/to/PANDA/features,9728,f2b4695127e8d36d54b5214ac6675000,5
/path/to/PANDA/features,9729,f2b469be4f45cb95bbe43b5ba7f74023,0
/path/to/PANDA/features,9730,f2b60f5df5140efb80fa3b4c2bcb4743,0
/path/to/PANDA/features,9731,f2bdcd0529edc4f24290b17c93f49743,5
/path/to/PANDA/features,9732,f2cdbdce3204d8c92da1db6034ff6a19,1
/path/to/PANDA/features,9733,f2d2bf5ba62bbc2dcd973520a6953f57,0
/path/to/PANDA/features,9734,f2d3ffcb3aa600272d70fe13b62a56e9,4
/path/to/PANDA/features,9735,f2d4965abc424e27c5d482ac0155ffd1,5
/path/to/PANDA/features,9736,f2d8b98b713b1587017e9e0e7ae33fc1,3
/path/to/PANDA/features,9737,f2e0a29fb9a4f366cf2cd9c3e535e852,5
/path/to/PANDA/features,9738,f2f22139dfe311f57ecc1726f35c5802,2
/path/to/PANDA/features,9739,f2f8cceffb465c40558be00452ebe833,2
/path/to/PANDA/features,9740,f2f9951a02b721d342a210751714a74b,1
/path/to/PANDA/features,9741,f2f9aa01d545ac770dce5e61e6d756d4,4
/path/to/PANDA/features,9742,f300013a1ea43769dff32ac02e6f0cef,0
/path/to/PANDA/features,9743,f308d9aa90c2f978c32978a71d039574,1
/path/to/PANDA/features,9744,f30cd94ed55475f5a660fed3cd4cda58,0
/path/to/PANDA/features,9745,f31359d4b52d6111001bd6a27a216821,4
/path/to/PANDA/features,9746,f31612c68725d78ee2e9632017c799e2,3
/path/to/PANDA/features,9747,f317f98d0b35871e4363580090ed2e03,1
/path/to/PANDA/features,9748,f31c2c896158865d4665f289e2a79a68,4
/path/to/PANDA/features,9749,f32688fe7e4e02caeb04361b8e8d223c,0
/path/to/PANDA/features,9750,f3273751f723042683d45d00d3880c8c,0
/path/to/PANDA/features,9751,f3276b69be32b65b65d890154839fdc1,2
/path/to/PANDA/features,9752,f327a26eac60aff04d28d21df275b52e,1
/path/to/PANDA/features,9753,f331956c0ae3f7b276a7792cb9a1eb71,4
/path/to/PANDA/features,9754,f332a3076891e25ce5f028081614f5cc,0
/path/to/PANDA/features,9755,f334ec537ee5bdf988d09fdbfeaac2c7,1
/path/to/PANDA/features,9756,f3354bb53ed2ece1ddaf09f3e685fb73,4
/path/to/PANDA/features,9757,f339d9778d8f95bfe372acb04b0c2d7a,0
/path/to/PANDA/features,9758,f33ee63b980e520ee01b85dc9edb8fa4,0
/path/to/PANDA/features,9759,f344628cd3bfd6e1cd80456bca9358ab,3
/path/to/PANDA/features,9760,f34713c3ba1e433268c056d42b29fef6,5
/path/to/PANDA/features,9761,f35124ad7e0c9d8537a8e57966c06445,0
/path/to/PANDA/features,9762,f35466ac37a4bd2190e6aaf668f0dfbf,0
/path/to/PANDA/features,9763,f35ee5225fcd673e2e5ed50ab85cb43d,0
/path/to/PANDA/features,9764,f36677a82700c606398b90d5c4719e75,4
/path/to/PANDA/features,9765,f367f6252be10578dcadc00ded89ecd5,5
/path/to/PANDA/features,9766,f36f5d64f33b3a4d7d9756bbd0048cd0,1
/path/to/PANDA/features,9767,f373a5772e30bd514a81f02f04d4d973,3
/path/to/PANDA/features,9768,f37aa1409648143ff45aa2ff7cd2f008,1
/path/to/PANDA/features,9769,f381888b35f1fac93c009d7cd38d1608,5
/path/to/PANDA/features,9770,f38dbf8baa31d34599b8673cb0303405,1
/path/to/PANDA/features,9771,f39af586dc4bef6567f64608d0e25607,3
/path/to/PANDA/features,9772,f39bf22d9a2f313425ee201932bac91a,4
/path/to/PANDA/features,9773,f3b08a5e211d74b09025915fa906449a,0
/path/to/PANDA/features,9774,f3b0b08eb60f38c66ecb09b014a5282b,4
/path/to/PANDA/features,9775,f3bb881e44da68789ac2c3fdffff4c8c,0
/path/to/PANDA/features,9776,f3c73a8d70f8d5f7d40c79720124e71d,2
/path/to/PANDA/features,9777,f3cdf9ea25856aaaaaf7d0ceec875bef,0
/path/to/PANDA/features,9778,f3ce2fe86e455dbc9fc1ddbddf94c827,3
/path/to/PANDA/features,9779,f3d92b6ae8a2ad0325d714b395229e79,3
/path/to/PANDA/features,9780,f3dcef8ce7e98c1f6dd6311a5fc7a5ed,1
/path/to/PANDA/features,9781,f3e01d9db68f7eb5ab61db395fd6d18a,2
/path/to/PANDA/features,9782,f3e61a3dec438a366b62df1db47a4cd3,3
/path/to/PANDA/features,9783,f3e8edd7c718b29a36bf112db97a55ee,1
/path/to/PANDA/features,9784,f3efb47e8aa4c9c9f2a4cf9cae2431a5,3
/path/to/PANDA/features,9785,f3f231c6c4eff0000d792e973e9a7515,1
/path/to/PANDA/features,9786,f3f3bf544a7f055fd753352e25ebc8c6,5
/path/to/PANDA/features,9787,f3ffd2029fb675801fe3d8c39a1c591a,0
/path/to/PANDA/features,9788,f40c17b3402d3937434e08f419ebb3d9,4
/path/to/PANDA/features,9789,f40d42c43bb8256fd1ed205681e800f8,4
/path/to/PANDA/features,9790,f40e70ccbb570093d3069d1855e8d716,2
/path/to/PANDA/features,9791,f41758ea4ca2fa1520cfe98a4c064e54,0
/path/to/PANDA/features,9792,f4252060c37bb037f3b93a39e5a4819e,1
/path/to/PANDA/features,9793,f4303e98492beeae556655fdffe44d79,3
/path/to/PANDA/features,9794,f436cd9ab8b665b5383ad15479fa9cfc,3
/path/to/PANDA/features,9795,f43994e34472b340e138b082c25d01e7,3
/path/to/PANDA/features,9796,f43e3bd17a33c0ce73efbf07f711c328,4
/path/to/PANDA/features,9797,f44bfa3eb762cd9204ccd5a2c2e6111e,1
/path/to/PANDA/features,9798,f44c40cf19eefcd917a4c9fc992adb22,4
/path/to/PANDA/features,9799,f4579a30dc195784ed21d13c601a2677,4
/path/to/PANDA/features,9800,f45cb8552a6229c0bb65ec74d70c0146,0
/path/to/PANDA/features,9801,f462949a2cc511afbc4e842a44cbe83e,4
/path/to/PANDA/features,9802,f4629ace176c759f45b68bca1ac2971d,0
/path/to/PANDA/features,9803,f46555b9ae9ee3f8b4897da358e2094c,0
/path/to/PANDA/features,9804,f46cfdd52edc05b57287b9b2bfbc058d,0
/path/to/PANDA/features,9805,f47ce13f49f1d36c3c2fe6be7d6fae4f,5
/path/to/PANDA/features,9806,f48064fda016dbc4391c353afb9e61c0,1
/path/to/PANDA/features,9807,f480b897adfe65f572f79d9f8d45ac9e,4
/path/to/PANDA/features,9808,f485571aeef9888bc219a7a5f146cf3a,1
/path/to/PANDA/features,9809,f4863e65c0c0860027cd2a3f34bfe1f8,3
/path/to/PANDA/features,9810,f488b8f138b456f09dff6f4eeb079ecc,0
/path/to/PANDA/features,9811,f48a0a2fee0dbba4e2745c7037a366ed,0
/path/to/PANDA/features,9812,f4a2a254cf460782d206fb9909c668ce,0
/path/to/PANDA/features,9813,f4a6b5ec0ef8bac031272e4ab61fd926,0
/path/to/PANDA/features,9814,f4b4036b067b9eb61cd9b86629ffb7dc,0
/path/to/PANDA/features,9815,f4b4dd5cd25dd638f1673e392321c1b2,1
/path/to/PANDA/features,9816,f4c1f9e721fd07e51cfb51df48467bed,0
/path/to/PANDA/features,9817,f4cbbd96fcb39c34811b9323dad237fe,2
/path/to/PANDA/features,9818,f4cc3f49c4bd4fdc3422ed1b8c5c7676,2
/path/to/PANDA/features,9819,f4df16a55805e69f7013d79eca0c46a7,5
/path/to/PANDA/features,9820,f4e3f983033f63b73c0c27dc3b495aab,0
/path/to/PANDA/features,9821,f4eb5ccf14a42b3a6396eff3a53ed59b,3
/path/to/PANDA/features,9822,f4edc6dd9136cf963f72a57efde4cfb4,0
/path/to/PANDA/features,9823,f4ee61458d542b826014e72cb224a0b6,5
/path/to/PANDA/features,9824,f4f3046575d40abbe5e89c790c780287,1
/path/to/PANDA/features,9825,f4f3ef89b6a3bcb0985e2061b97324c4,5
/path/to/PANDA/features,9826,f4fb4186d1ebf0021dbe555663c9c26f,2
/path/to/PANDA/features,9827,f4fb736869313562fdc74a65b7b9eb2a,4
/path/to/PANDA/features,9828,f4fcb9c0c46099e045a0fecf20a7843c,2
/path/to/PANDA/features,9829,f5004fdd161f0122b0014f8ca11341b0,5
/path/to/PANDA/features,9830,f5096797acc9f645ea8674d77ca2418b,1
/path/to/PANDA/features,9831,f50e9b75a0d7c2e4ee32bbfb10eb7164,4
/path/to/PANDA/features,9832,f526a2ca5612d5913984a67edabaf991,0
/path/to/PANDA/features,9833,f52d96b6efd32aa558588dd2e8fe1dfd,1
/path/to/PANDA/features,9834,f534baed77c3ea8471dae9811cc235f1,4
/path/to/PANDA/features,9835,f539f2dcee1a03c730a2a5a9e2298fb7,3
/path/to/PANDA/features,9836,f53e64ef7fcd2a2074e0724b2efd4b32,0
/path/to/PANDA/features,9837,f541dbbdb3e9fa82dde5e3fcd02470be,0
/path/to/PANDA/features,9838,f5440c7daa9981ec029c955999443de8,5
/path/to/PANDA/features,9839,f54428f97db111809016916ab768f667,4
/path/to/PANDA/features,9840,f5453bb85ab33f0f99e56b296293737e,0
/path/to/PANDA/features,9841,f55f2ee739e6885b33a64d5171b7706c,1
/path/to/PANDA/features,9842,f5625710f6b895603f6c942dc6654861,5
/path/to/PANDA/features,9843,f5675cb89a120e225ca8929b64a5af79,0
/path/to/PANDA/features,9844,f5688ca07c152e6777383cc871031692,3
/path/to/PANDA/features,9845,f56b848ef716237930644c45b7480b09,5
/path/to/PANDA/features,9846,f56bfb09d7abb23b45fac3113fee9c9b,4
/path/to/PANDA/features,9847,f56e89dc86b2573d9759aa38c8bd05e9,0
/path/to/PANDA/features,9848,f584978dc639c48313cbc8b991c769ad,0
/path/to/PANDA/features,9849,f58d3c50b2dce653f173900c37651dd7,0
/path/to/PANDA/features,9850,f58f229f6f5172c857deaf02c026e1f6,5
/path/to/PANDA/features,9851,f58f8cb8bd83644f21b052a526d69afe,5
/path/to/PANDA/features,9852,f59aa908b06ae529d212effa3888e2ea,1
/path/to/PANDA/features,9853,f5a195a6fa01dc7a6d316948577d16b4,1
/path/to/PANDA/features,9854,f5a2f826b3957a6961712a52eb94ef2c,0
/path/to/PANDA/features,9855,f5a588775c7793da92428613b660af4b,1
/path/to/PANDA/features,9856,f5ace7c6d94d706773eb63f58cc87fd0,1
/path/to/PANDA/features,9857,f5b849625162c608e13f0c04d24078d6,2
/path/to/PANDA/features,9858,f5bcdc71b90c6fcf27f2334162a0b97f,0
/path/to/PANDA/features,9859,f5bed5601a8e1f32043ff77755d957d0,0
/path/to/PANDA/features,9860,f5d40a40e34f8a090f44cb6589c26900,1
/path/to/PANDA/features,9861,f5d72b1f141a139c46446d263ceb5e7c,5
/path/to/PANDA/features,9862,f5de7d8fbfe197b5aefb3f312397e7b5,3
/path/to/PANDA/features,9863,f5e114741e483a029e24405d07e0f670,5
/path/to/PANDA/features,9864,f5e7ea2d4a298e622a4fd05b8d2cc4fb,2
/path/to/PANDA/features,9865,f5e8369558d2238497eaeb1b6be9391e,4
/path/to/PANDA/features,9866,f5eaa3e7afe0792dfc55fb857ab0e797,1
/path/to/PANDA/features,9867,f5f823a0cd8f5dc53c9a6b7161c1cc02,1
/path/to/PANDA/features,9868,f613220060db299095fda77dbc2c3d06,1
/path/to/PANDA/features,9869,f61ec97dd1808dd49436c25aac6e0c4c,1
/path/to/PANDA/features,9870,f6224279854d1b5e5b41e7cd3182caef,4
/path/to/PANDA/features,9871,f6322c89ca7d645cd03e90e33d717a83,1
/path/to/PANDA/features,9872,f63d515ee30f621b7a82acc3e00fdcc2,3
/path/to/PANDA/features,9873,f64a4e01ea89ad9bc824c044bd57c1e7,5
/path/to/PANDA/features,9874,f64bc2a754fc8d937ef7f307f381c9ef,3
/path/to/PANDA/features,9875,f64bc79d13c9006047a3d4b50601599d,2
/path/to/PANDA/features,9876,f653a47f9ec6465f92f08db9385e89ac,2
/path/to/PANDA/features,9877,f6549477cf5adb4bd35894d67d7dd86e,0
/path/to/PANDA/features,9878,f655e438215464825b8d2805905323e0,0
/path/to/PANDA/features,9879,f6585a3970cea6d6b31cf28f0a7b7c55,2
/path/to/PANDA/features,9880,f659913017aab32c0ac0d88d0ecfe62c,1
/path/to/PANDA/features,9881,f659baac19ec12b35f6df728c3ed3ec4,0
/path/to/PANDA/features,9882,f666a00c76f56bb6a40219a3da6e0ab9,1
/path/to/PANDA/features,9883,f66a4dd851970a5b52968a34a9165dda,4
/path/to/PANDA/features,9884,f670f645e4f75d7643d077237dea3e05,3
/path/to/PANDA/features,9885,f671b51a5aae50ac44610a380de4fdb7,5
/path/to/PANDA/features,9886,f67a592b0bb22b35277c751dd0631ad1,0
/path/to/PANDA/features,9887,f683044312e78c93b51910d9734d17ad,1
/path/to/PANDA/features,9888,f68673db7c65bc80fde188dea0e39c0b,3
/path/to/PANDA/features,9889,f68bf861425327bc26141d726d8fad95,0
/path/to/PANDA/features,9890,f68f24390da7d3aa32817127bc5f7fa7,3
/path/to/PANDA/features,9891,f69847acf7a94039fa4d1fd3bd32ebac,4
/path/to/PANDA/features,9892,f699fbdf8bec0b3e390edefe41976d15,0
/path/to/PANDA/features,9893,f6a5026c3875a441ac93945bd4ba9c18,2
/path/to/PANDA/features,9894,f6b3c12a983a398bfafee0027cf523d5,0
/path/to/PANDA/features,9895,f6b6d03d15615dd9affb3b3c77347747,5
/path/to/PANDA/features,9896,f6ba42262cffbab640e3da1e6c36a0e0,1
/path/to/PANDA/features,9897,f6bdf05486c92f8f69be83c174756110,2
/path/to/PANDA/features,9898,f6c0aa4b8c3f21c9077ea8bb373b4c84,5
/path/to/PANDA/features,9899,f6c48b756b48f8b45aaec467ff3273d6,0
/path/to/PANDA/features,9900,f6c9168b817597a74b8e4e774988d698,5
/path/to/PANDA/features,9901,f6dc7b75bcaed70894cf4b1aa4c9e874,0
/path/to/PANDA/features,9902,f6de38334730ae611fbf46dd649b1476,3
/path/to/PANDA/features,9903,f6df497ddcb8f033d7c28c05fe242aaa,4
/path/to/PANDA/features,9904,f6e3e8828d1d5e900ed12cfe99a86bfc,0
/path/to/PANDA/features,9905,f6e5e4bc75b97fe233285449b0e1fb59,0
/path/to/PANDA/features,9906,f6e7b15af318c5fdc1990ed6a8b117bb,3
/path/to/PANDA/features,9907,f6ed84e1e5bdb1ee5d79e0f5353b42ef,5
/path/to/PANDA/features,9908,f6f6fd84d5275c9f2caa8edb15141607,1
/path/to/PANDA/features,9909,f6fcdf840d82229dee867cc75a7dd721,3
/path/to/PANDA/features,9910,f6ffc86aa0c22f0f0e6bb3b5c3dd79e9,0
/path/to/PANDA/features,9911,f70104d45bb1a6177e3a6826b0eaa030,0
/path/to/PANDA/features,9912,f7090307815e24ae36ef9c66d063015b,1
/path/to/PANDA/features,9913,f709898cdc46cedb62cef65b87039218,3
/path/to/PANDA/features,9914,f70c37deb169c2ce0ef9b35a45d9324c,2
/path/to/PANDA/features,9915,f70ed8ca14b13611e197cf07aae8f5f1,3
/path/to/PANDA/features,9916,f71083cb142d89ebfe5a940b6fc06163,0
/path/to/PANDA/features,9917,f72312afae5c61af709e35b9bc6418a4,0
/path/to/PANDA/features,9918,f72a292af74d5f53b5908ab094a1301e,4
/path/to/PANDA/features,9919,f730b8cd7f0d3e8c054e1a1cf1c8ece9,0
/path/to/PANDA/features,9920,f732745735a435417280f120b2fc917f,1
/path/to/PANDA/features,9921,f73836ebcc90a2855d78158b746169db,0
/path/to/PANDA/features,9922,f73951fddf77034c9fd44cb19f5fe6b5,3
/path/to/PANDA/features,9923,f73a9bc5c0cae8bd6729c95a7edd36b9,3
/path/to/PANDA/features,9924,f745878fb0158e4a39cdebce31d6c4ba,4
/path/to/PANDA/features,9925,f746e9703e48b20b6c64c1b9dce29d8a,0
/path/to/PANDA/features,9926,f74aebdc286a55cf7c44be1f8b7e9744,1
/path/to/PANDA/features,9927,f74b179bb617e92a6122aeb16d85bc50,4
/path/to/PANDA/features,9928,f750891191013386453c29c16670e951,1
/path/to/PANDA/features,9929,f756a136d382cfc37704069809199f5d,0
/path/to/PANDA/features,9930,f75c7cec3ddc9fbff27aca59b01c5bf5,3
/path/to/PANDA/features,9931,f77407b685b5467a7c825aaf267caa94,0
/path/to/PANDA/features,9932,f776385879402e2940d3627015c3a58b,3
/path/to/PANDA/features,9933,f77965d26573294bdf67672718b3d4d0,0
/path/to/PANDA/features,9934,f77cd6d8098fc4709515606d0a1ade9a,5
/path/to/PANDA/features,9935,f781b917555e1c9f7be865081d1daf7c,4
/path/to/PANDA/features,9936,f78401e94f476893dfc9f6be930ab7c6,4
/path/to/PANDA/features,9937,f78aa942c071318c478a59cf1e8f4b51,0
/path/to/PANDA/features,9938,f7956aab178ff4c161a505b6a050579f,1
/path/to/PANDA/features,9939,f79a0cc2758c510b36de229416cdff9d,1
/path/to/PANDA/features,9940,f79dc41910f957d0c15aadb49bff975c,4
/path/to/PANDA/features,9941,f7a72aee39b9551a4027fd7db0ef8d7e,2
/path/to/PANDA/features,9942,f7af5eef3236461e745cd8b81f1cf93b,1
/path/to/PANDA/features,9943,f7b209b0f45746e231c10a80bcd7285e,0
/path/to/PANDA/features,9944,f7b22b5c85c38e708ca713769785a502,3
/path/to/PANDA/features,9945,f7b41d0ca05e2d1de4fd4b3fd0ae4ef7,4
/path/to/PANDA/features,9946,f7b519160f85eb52ace93414ffce8982,1
/path/to/PANDA/features,9947,f7c97aeccfaeb2d9e84414c5c5e6db22,0
/path/to/PANDA/features,9948,f7ccce426ebb48fa278ff063858f9299,2
/path/to/PANDA/features,9949,f7d0df1726b8d909d107938d114294e1,1
/path/to/PANDA/features,9950,f7d2065831221dcb1fc9bd3eb02ef708,0
/path/to/PANDA/features,9951,f7d2a425f1cd82d6c06dc1b0fb0af869,0
/path/to/PANDA/features,9952,f7d30df03c85f640e735995c61e9e2f7,1
/path/to/PANDA/features,9953,f7d4742181dbabcd86644ec7781c14b4,0
/path/to/PANDA/features,9954,f7f6589e380c4b29b30ea6c8d098e471,1
/path/to/PANDA/features,9955,f7f92dfc7598f985d1a7bc34fa9cadb7,1
/path/to/PANDA/features,9956,f7fd70526fd4cc36b348e1231cdab33e,2
/path/to/PANDA/features,9957,f800a3979b283e4b697fa2aade0c1947,2
/path/to/PANDA/features,9958,f805582bbe48523bb1f118e4acc4a6af,1
/path/to/PANDA/features,9959,f8060ce02eb912eefd03e13fe1ce44ca,2
/path/to/PANDA/features,9960,f80762497aaa467658859f20ca56f875,5
/path/to/PANDA/features,9961,f80e5b2afa3ebf635c446fa08a3d7a45,2
/path/to/PANDA/features,9962,f80f2d5a9a6f70990132b53d65c796c4,2
/path/to/PANDA/features,9963,f8150021b8fb7c26a769f2486b4f388c,0
/path/to/PANDA/features,9964,f815e7ebafbbfa2578e3abadc8a5d15b,2
/path/to/PANDA/features,9965,f81e4a4525715e1318f1c227027ae97d,0
/path/to/PANDA/features,9966,f81f26aac99df0845173c6f8e21ab71e,4
/path/to/PANDA/features,9967,f82b48c5ef63a291660357ded12a7ab1,2
/path/to/PANDA/features,9968,f82ed3f5d1a4a974884f7180af4f9ba5,5
/path/to/PANDA/features,9969,f83625741b5c20294cf356bbb4060927,1
/path/to/PANDA/features,9970,f836bf8b2f7a52acc668fcd59ec0122f,2
/path/to/PANDA/features,9971,f8378b8015beeeb34813907f223dea6c,2
/path/to/PANDA/features,9972,f8398798a9dcd88e7475154488b11a1a,1
/path/to/PANDA/features,9973,f83af16db53783f37f6614cf3bc3e5af,5
/path/to/PANDA/features,9974,f83b92c580fa7d6faf97f81474d9b2e8,1
/path/to/PANDA/features,9975,f83dfa71d8df99b9ca578b1fdf3680c1,4
/path/to/PANDA/features,9976,f84a1ebc74a6004395262124e0ab1d9e,2
/path/to/PANDA/features,9977,f84c0dc5ef76aecaa17012a85a7f0a4e,3
/path/to/PANDA/features,9978,f84d60e83be2e1bbfdb1885a668bf3ba,3
/path/to/PANDA/features,9979,f85334e801a490f557571e1ee2ec7a5a,5
/path/to/PANDA/features,9980,f853a54b8d3ed17b396f75cea1c778e6,0
/path/to/PANDA/features,9981,f86f614f61dce71662f527ac82b3170b,2
/path/to/PANDA/features,9982,f87fba9107a002e96ae767d80378a5d1,4
/path/to/PANDA/features,9983,f8856ffab037e42c380c5bd22013c6b4,1
/path/to/PANDA/features,9984,f88c1d0470a3d754ee8bfd47f5fa1ab5,1
/path/to/PANDA/features,9985,f8904c574ab1559e37f7399803b09dfd,4
/path/to/PANDA/features,9986,f891dd5e1bd40f5d223dca5673bbf182,5
/path/to/PANDA/features,9987,f8afcfc27d12a46a36fe0150a56ee749,5
/path/to/PANDA/features,9988,f8b3ec914967ad95c62ef0296964394b,0
/path/to/PANDA/features,9989,f8b6b12c4ee64f1ab2ad35473aa137d4,1
/path/to/PANDA/features,9990,f8bbd9f35c9970d076f524fa1432d9cb,1
/path/to/PANDA/features,9991,f8bfe4f06fbff1742696513467bc7ef4,4
/path/to/PANDA/features,9992,f8cd181f4ae83348785d9c9dcb43162d,0
/path/to/PANDA/features,9993,f8cd927bd23dd105b3594f28d16ee792,1
/path/to/PANDA/features,9994,f8cf5c37b0ff4f0077ac57241fd2509d,1
/path/to/PANDA/features,9995,f8d2f911db5e10cd440dc1d92a7cef36,1
/path/to/PANDA/features,9996,f8ddeae52360946c80eb4238e01415e1,2
/path/to/PANDA/features,9997,f8e31591718a4a1934728a9767c6459c,5
/path/to/PANDA/features,9998,f8e44af1b7d155545fc2a928d65a5e55,2
/path/to/PANDA/features,9999,f8fed3a0a18e9073248eaa126fd0a208,2
/path/to/PANDA/features,10000,f9070015868c64308d1d00fa0f622fc8,1
/path/to/PANDA/features,10001,f90b38ef792d1763de8a25d33fdff1cc,1
/path/to/PANDA/features,10002,f919ae65f2a3963ffab277696ddad291,2
/path/to/PANDA/features,10003,f91d27d0216aa979a0c89f465a03d990,1
/path/to/PANDA/features,10004,f9241d87de38038254befbe22ef4b139,0
/path/to/PANDA/features,10005,f9285fe284ce30f4d249635062db619a,5
/path/to/PANDA/features,10006,f93148f68ff93c84d40d566a6cd1dbab,2
/path/to/PANDA/features,10007,f93152017b2e6dc0e9c6dbbf0400d438,1
/path/to/PANDA/features,10008,f9404d959c3c8f6ece797507374dc386,5
/path/to/PANDA/features,10009,f944e46987d2a4e424c34b9a87ab7d99,1
/path/to/PANDA/features,10010,f948e5f2b0a49af2c0a7f3f74093262e,1
/path/to/PANDA/features,10011,f94a2f497ba431ae01c0d557d8c2a78f,0
/path/to/PANDA/features,10012,f94aad0ed89e482b4ff32f68a3672dc6,0
/path/to/PANDA/features,10013,f9548e3d01a0ef3cf2fdcbc240884c03,2
/path/to/PANDA/features,10014,f954a72d94691707e9bb0a0173384b73,0
/path/to/PANDA/features,10015,f95c0c54f064c14c0502f2b2d12f03ba,0
/path/to/PANDA/features,10016,f964b9543ed1fcd3fcda049d744a50bd,4
/path/to/PANDA/features,10017,f96b3fd2d48542ff38fc3454bea1bbdb,4
/path/to/PANDA/features,10018,f96cc0b4bfe5c400bb8e198728e301d2,5
/path/to/PANDA/features,10019,f96db577fb4251fe7952c30bc5be09e2,1
/path/to/PANDA/features,10020,f999e08da2e822cceea24d7201eec2bc,1
/path/to/PANDA/features,10021,f99a2a0674f03666c5b3448170f4e2e4,3
/path/to/PANDA/features,10022,f99bb1daf05cc696e2e8af6898c89069,2
/path/to/PANDA/features,10023,f9a89f44ec2f2cd9f7be47a65be951d7,3
/path/to/PANDA/features,10024,f9b0585f3bed42786c6c9fc199e59dc8,3
/path/to/PANDA/features,10025,f9b2162716bb1679a53424b0e6bc7f9b,1
/path/to/PANDA/features,10026,f9b49a2c80d1afe1cba92a169a087b41,2
/path/to/PANDA/features,10027,f9b7996a1755170185f95ed4aeb07658,1
/path/to/PANDA/features,10028,f9c0aa4cd5ad8ff43fcd67fd626964b0,4
/path/to/PANDA/features,10029,f9c3775b0d8868f38c4f86ca51ca84f6,2
/path/to/PANDA/features,10030,f9c41c926032f8ec5db4c05b86dd2749,4
/path/to/PANDA/features,10031,f9c648dbc50dc200e49e7859ca7ea949,4
/path/to/PANDA/features,10032,f9c7b2b9eb0d45b466f2cf28d78f88fb,1
/path/to/PANDA/features,10033,f9caed448e138e702ee5a2c906a671fc,0
/path/to/PANDA/features,10034,f9cc777d635db7d25aa27e494d56676b,0
/path/to/PANDA/features,10035,f9e7b42fd5a1fd18683a846ddfa94c8c,1
/path/to/PANDA/features,10036,f9e8ad3ad964070f290c2a53dc431852,0
/path/to/PANDA/features,10037,f9ebb550f242d03131571173a2d9e1c4,5
/path/to/PANDA/features,10038,fa076b1f64d37f778abe57e454a83b75,0
/path/to/PANDA/features,10039,fa1308140eb6aea8c7d91ebebf51073e,0
/path/to/PANDA/features,10040,fa16fc55c79c225fce0b3b8c333b8480,1
/path/to/PANDA/features,10041,fa185cbfa3c6bb40a7dd0397b88539d9,1
/path/to/PANDA/features,10042,fa1a79a5248bf5f5742fb14dabc070c6,3
/path/to/PANDA/features,10043,fa212efb5341fb082d0e3d117b9270b1,1
/path/to/PANDA/features,10044,fa24cdade1cf331f7070ebb32bd2a55c,1
/path/to/PANDA/features,10045,fa2d82bc5c90ce86b88046cd216fc720,3
/path/to/PANDA/features,10046,fa33d8e17c61c79a65034494d37fa4a7,1
/path/to/PANDA/features,10047,fa34632030552cff40da1c0cffe3ab81,2
/path/to/PANDA/features,10048,fa347f99ad391a7ce5800ac7d161080a,0
/path/to/PANDA/features,10049,fa3d7248f7b7e1f10eca31601e81623f,2
/path/to/PANDA/features,10050,fa443a89009d726aafc74f439dcda7aa,0
/path/to/PANDA/features,10051,fa495d47286cd08cbfef9a68c2ea5c66,3
/path/to/PANDA/features,10052,fa5a65d858a5cc0466e8c5a06b735499,1
/path/to/PANDA/features,10053,fa6569eb827fcd7108ee7f22dac0ea11,2
/path/to/PANDA/features,10054,fa6a2270986c61fcb0a34e9dd91a910c,1
/path/to/PANDA/features,10055,fa6a64b3a0c696072eb77fc03e2858df,0
/path/to/PANDA/features,10056,fa6dc40a7e3539b717a8b911636b00af,4
/path/to/PANDA/features,10057,fa6f7b3a6e9c17919d127c670423774e,1
/path/to/PANDA/features,10058,fa724c9d2493e8d587dad738b92f21a5,2
/path/to/PANDA/features,10059,fa741c964934cb194701d6630356adb0,3
/path/to/PANDA/features,10060,fa74ab756f01ab6b562643955d297cba,2
/path/to/PANDA/features,10061,fa7ece1587e37e28416110063cc5266a,0
/path/to/PANDA/features,10062,fa8bd8ed36122387823f6b268e6ecb83,1
/path/to/PANDA/features,10063,fa8e46763423d4ffd6830c67df94a9da,3
/path/to/PANDA/features,10064,fa94f78d603d5ce74685dac244be904a,1
/path/to/PANDA/features,10065,faa2baaa5df5c81c1de248ad7dd11645,1
/path/to/PANDA/features,10066,faa2cf42d7c61820d982b580f023e0b2,1
/path/to/PANDA/features,10067,faa8152ba98c87d018ea66bb75d381b3,1
/path/to/PANDA/features,10068,fab1d411448d12a807e3ded857ddeaed,0
/path/to/PANDA/features,10069,fab2f719bbfc6e8f0780aad563097282,0
/path/to/PANDA/features,10070,fab7172275db33a4e186e6deeb435a7b,5
/path/to/PANDA/features,10071,fabe5282ca5ee140225209da7de823df,4
/path/to/PANDA/features,10072,fac5bbaea8710fc47397548c8271757d,3
/path/to/PANDA/features,10073,fac68c117a18834ee2e9892083d82942,1
/path/to/PANDA/features,10074,fac926289d51ddb79e2739d2b075d627,2
/path/to/PANDA/features,10075,fad0fe747acf40fa1fdba4a7d115d8e4,4
/path/to/PANDA/features,10076,fad1b577d2eb44cd0d686af308422638,1
/path/to/PANDA/features,10077,faddad3fc69d1d260189385b8139f91d,1
/path/to/PANDA/features,10078,fae4428cb40950b27cf533531356ffab,1
/path/to/PANDA/features,10079,fae6996aeed84a9a75cbe726be46bab3,2
/path/to/PANDA/features,10080,fb01a0a69517bb47d7f4699b6217f69d,5
/path/to/PANDA/features,10081,fb1336e0bc56fea6baea814470f3f4cf,0
/path/to/PANDA/features,10082,fb1a3e8ee799c0d48b8e9d89e65797e9,1
/path/to/PANDA/features,10083,fb22764a4a1546a5660e587f35509281,3
/path/to/PANDA/features,10084,fb25f7ff2cc4e75558a70c33645e3fb7,3
/path/to/PANDA/features,10085,fb2bd76ae85e51e84116a8927d81a214,1
/path/to/PANDA/features,10086,fb2f9184b3ae3a323a44f83706ffce7d,4
/path/to/PANDA/features,10087,fb309a153bd6130905df294059e57c5d,0
/path/to/PANDA/features,10088,fb39e72460b6da6ea5e9c8efbee2c78c,1
/path/to/PANDA/features,10089,fb3da9cc05a5f302d9d3811c954950e7,0
/path/to/PANDA/features,10090,fb43ecf486bd7ba5e818be2e68f36a4a,0
/path/to/PANDA/features,10091,fb44c0094a19b950da9d6e54c6cc7748,4
/path/to/PANDA/features,10092,fb4fc6ed5524cdb6492d80bcc0a8f6e4,1
/path/to/PANDA/features,10093,fb568355c1061bc87e886a18f5b4de38,3
/path/to/PANDA/features,10094,fb5b6a4415b08f8e7e16acc50e14cf0d,1
/path/to/PANDA/features,10095,fb5d4dfd933a1fec3fa1bd05f571a88c,3
/path/to/PANDA/features,10096,fb5fd7ab15e699998a30b36fe169431b,3
/path/to/PANDA/features,10097,fb61630580f124fe00a2b7816cd483a1,4
/path/to/PANDA/features,10098,fb61f2df28791cf878406496100a8c95,4
/path/to/PANDA/features,10099,fb63da75bcda973dcac1418b7cca2078,2
/path/to/PANDA/features,10100,fb6ce8bf80f431fc63a72a6e3bd94901,1
/path/to/PANDA/features,10101,fb74231594a6b93c552c5bbb3a6bd699,4
/path/to/PANDA/features,10102,fb76b034689e5171652fab3ebc0a62a0,5
/path/to/PANDA/features,10103,fb7d7003654f2a3fd68efea60e915edd,3
/path/to/PANDA/features,10104,fb80c40073a4016bf384f408ec048f55,3
/path/to/PANDA/features,10105,fb82c346939b35e28571281396eb209f,2
/path/to/PANDA/features,10106,fb85ad4fd2bc74adf94bd9cc36ee63da,0
/path/to/PANDA/features,10107,fb8886059879eaac70139336cb525838,2
/path/to/PANDA/features,10108,fbacda290baa284a06ca8fccc2c7ee72,2
/path/to/PANDA/features,10109,fbb8090f001cfe840cbe84d42e70bab8,0
/path/to/PANDA/features,10110,fbc0c3145008a420b3b038e8820aba1b,1
/path/to/PANDA/features,10111,fbc62ff5a781cb9a2785e7100f234280,0
/path/to/PANDA/features,10112,fbc9a26a3d51bab4d032b1273fd5edf9,5
/path/to/PANDA/features,10113,fbca4257157e8123cb38853b6dff7a57,2
/path/to/PANDA/features,10114,fbcbaeab588d137117d28974512b9d06,1
/path/to/PANDA/features,10115,fbde3e89620879c97c7cb442729785e5,0
/path/to/PANDA/features,10116,fbe139b6227a1430960fe9359826cf89,4
/path/to/PANDA/features,10117,fbe70c8e6e77c016d43dd68ef9079363,2
/path/to/PANDA/features,10118,fbec0ff75cf34743b0143538e59c4641,0
/path/to/PANDA/features,10119,fbec7a11045c409213445c592bdadfae,4
/path/to/PANDA/features,10120,fbed3981222546871069cdc71f07c996,1
/path/to/PANDA/features,10121,fbee536cc1352614dda57bcf0786f387,3
/path/to/PANDA/features,10122,fbf1493e0d0f80318eb52c41d91f2180,5
/path/to/PANDA/features,10123,fc0109ca8340e1cea99e1a26e40aebd4,1
/path/to/PANDA/features,10124,fc04eb6968b836409723ecf4e158d48d,3
/path/to/PANDA/features,10125,fc07f0ce6d2cdff9d65591e94fc2130e,5
/path/to/PANDA/features,10126,fc115a1b3e831ab2e51576d7e9a8b630,4
/path/to/PANDA/features,10127,fc12d2a7d97431711f9e80af51c1760f,3
/path/to/PANDA/features,10128,fc20aec4fd0c2f9017888dd94feb84ee,1
/path/to/PANDA/features,10129,fc276eb59d1ae3212d411c903167ea00,2
/path/to/PANDA/features,10130,fc2fd27c7f16ed0c6f522ef43f585727,5
/path/to/PANDA/features,10131,fc308eacf13a2a6c6b526e8bc8699f27,3
/path/to/PANDA/features,10132,fc3c4b863c8e9defaf8f430cdee91183,4
/path/to/PANDA/features,10133,fc3d822559662122337f17910e8ed922,5
/path/to/PANDA/features,10134,fc45d1e5ef73ee9ceccbe8cb04cc9f15,0
/path/to/PANDA/features,10135,fc547d2e786c1d19163f39dc576c0231,0
/path/to/PANDA/features,10136,fc5bf532ce01b1f52f38d5e87bebdb17,1
/path/to/PANDA/features,10137,fc5e5378432ef4e92306f05b309c4ebb,0
/path/to/PANDA/features,10138,fc6540bf872eaa1b8d517c4c51341917,1
/path/to/PANDA/features,10139,fc69f56c44de0538a4de4b5d1cab53aa,0
/path/to/PANDA/features,10140,fc6a695ba44f4b64425c522f590bac48,0
/path/to/PANDA/features,10141,fc6c40b4efd9370aef5ea21fc7274bd0,0
/path/to/PANDA/features,10142,fc6d9110164633d2618a8df18fec8c2c,2
/path/to/PANDA/features,10143,fc6e8f4a24257f619a44c3e1a9eacb6f,1
/path/to/PANDA/features,10144,fc7d69900c8a0e543c353d26789c0bfe,1
/path/to/PANDA/features,10145,fc7ed93be0f56dad8a6e9d2951ac1d01,1
/path/to/PANDA/features,10146,fc841358b1ae7c119b6224d0076046f4,1
/path/to/PANDA/features,10147,fc8455773da14e90df050c6ce9f74882,1
/path/to/PANDA/features,10148,fc860f59830b4295eaa563554b16458a,1
/path/to/PANDA/features,10149,fc8679d6d29a34f76d3c2c7f128b9f54,2
/path/to/PANDA/features,10150,fc8bbe93363ee983d99c949f41ea180f,5
/path/to/PANDA/features,10151,fc99a109bcf480c5db49ebb368ab8eef,0
/path/to/PANDA/features,10152,fc9f4ed1a24d73f80ded47ebdd145dd3,1
/path/to/PANDA/features,10153,fca194bf832d659b11ec2a1c37492094,1
/path/to/PANDA/features,10154,fca2d821dcae271ea5e5851df2f41538,3
/path/to/PANDA/features,10155,fcaa47a2c6a94bdd2ba3618c6f0f2050,3
/path/to/PANDA/features,10156,fcad09ea1c5ae52d28fcd345c0a30b34,5
/path/to/PANDA/features,10157,fcb2ed9c69ec97a285f6ed3a38ece987,1
/path/to/PANDA/features,10158,fcb4ae9ba7f26027fda8eb1d814a808d,5
/path/to/PANDA/features,10159,fcb820c8c3ea34338e648444b90b8307,2
/path/to/PANDA/features,10160,fcc021adb67098501a473a959211093c,2
/path/to/PANDA/features,10161,fcc6696218319355da02c834a9389d55,5
/path/to/PANDA/features,10162,fccac9bf0994bca0248468a171980657,0
/path/to/PANDA/features,10163,fccd891ab4d4ce283caa43e2575d7924,2
/path/to/PANDA/features,10164,fcd30c804d93d4cfa1f42e37c9c09648,3
/path/to/PANDA/features,10165,fce06ebb6c102f4f526a09e8273bded9,0
/path/to/PANDA/features,10166,fce245d75cbaf17b6ff941791ca92987,0
/path/to/PANDA/features,10167,fcf3ef06a3601448061b7b1adda97b89,3
/path/to/PANDA/features,10168,fcf3f8be11a2d67438b6fd39ce1015a5,1
/path/to/PANDA/features,10169,fcf954f576b072584d4271144e57f6d3,3
/path/to/PANDA/features,10170,fd03054e356d9e95da6ebba5d9c7fb07,0
/path/to/PANDA/features,10171,fd03663880e972c195378f0f438db702,0
/path/to/PANDA/features,10172,fd05529859cf5ee53ab967a009dc7c06,3
/path/to/PANDA/features,10173,fd08b2bce422f40a465664f9a5f9afdd,1
/path/to/PANDA/features,10174,fd0bb45eba479a7f7d953f41d574bf9f,5
/path/to/PANDA/features,10175,fd0bdbe623efae0f98131ce9be58ae47,0
/path/to/PANDA/features,10176,fd1257704e5e83600a3f480a4917ceb2,1
/path/to/PANDA/features,10177,fd1286054e5e7063369cabd6ecf7af13,5
/path/to/PANDA/features,10178,fd1deb6f87696b6372ea9c9b109b4ccf,0
/path/to/PANDA/features,10179,fd2ad62fe51a4ab6f4786f116d7e5eaa,3
/path/to/PANDA/features,10180,fd2c0fd3dccaa4eb53ac8cae0a366969,3
/path/to/PANDA/features,10181,fd34d5fda33d3e8281837a2a4511f7fd,4
/path/to/PANDA/features,10182,fd3926d5158b0502b1a51811c50c3976,0
/path/to/PANDA/features,10183,fd3a19b58724189865a7b6bf3d70232c,0
/path/to/PANDA/features,10184,fd3b376d8b119c3a43e93e57710616fd,0
/path/to/PANDA/features,10185,fd3bab570d15a102802e5b7a73c95e56,0
/path/to/PANDA/features,10186,fd3bf77d72ce527f9c9cfa57f6cdea8a,2
/path/to/PANDA/features,10187,fd3c8b1c5a38cfffb52d1d5729a10809,0
/path/to/PANDA/features,10188,fd412a8f537036702bb0e3fa3160f336,4
/path/to/PANDA/features,10189,fd4fbeeff2ad449dc7c8e6194a4f8403,0
/path/to/PANDA/features,10190,fd545ee9fe42ed0eeb216fd4be3af3d2,5
/path/to/PANDA/features,10191,fd5604231cba46e8cb162a987e1fb3e4,1
/path/to/PANDA/features,10192,fd5de97edf20d6f2d0ea1daeea8315e1,1
/path/to/PANDA/features,10193,fd64300587559ec5de63c8c448c8b958,1
/path/to/PANDA/features,10194,fd672406fefb198aa1c5822e90c6170d,5
/path/to/PANDA/features,10195,fd67c6c0edbe322bdcfa0373f38d1693,2
/path/to/PANDA/features,10196,fd6fe1a3985b17d067f2cb4d5bc1e6e1,4
/path/to/PANDA/features,10197,fd73fb132d70187e69bc0638323b0ef9,4
/path/to/PANDA/features,10198,fd7763888e090f5385c2c49944ce94ab,5
/path/to/PANDA/features,10199,fd7ed01abdedc287a61da7fd194ba30b,2
/path/to/PANDA/features,10200,fd8928cd1f06f33ff00e32f19c58abd3,5
/path/to/PANDA/features,10201,fd8c1f420a7c1c28bab654d0d8d3a6ba,2
/path/to/PANDA/features,10202,fd8e22703f13041daec8ee1e560392a9,2
/path/to/PANDA/features,10203,fd8f72156916289ccbcce7ad19b2ee69,4
/path/to/PANDA/features,10204,fd9c0a935d2f7830682924b79130c0ba,0
/path/to/PANDA/features,10205,fd9f0f26e419167b09f3ae4f7a46c9fd,4
/path/to/PANDA/features,10206,fda48abd925720a9a9555ddaccdd622d,1
/path/to/PANDA/features,10207,fda6868aea710b2e286d1b575638050f,3
/path/to/PANDA/features,10208,fda9062ed96a20721634b82e5751c559,4
/path/to/PANDA/features,10209,fda9a587d6bbfa5ceabe1840b2ae6337,0
/path/to/PANDA/features,10210,fdad73308669459f04e6c8e14c38a56f,0
/path/to/PANDA/features,10211,fdb537d9a1961539dbea34f86d115a06,5
/path/to/PANDA/features,10212,fdb9d38ce2b5a1d31bb030cd2d3a03b9,0
/path/to/PANDA/features,10213,fdc20a833738385bedbdfdabe9721bde,3
/path/to/PANDA/features,10214,fdd274c74c4e52e77e9b0b19e071d1a3,1
/path/to/PANDA/features,10215,fdf628a60de3bd9d3b9e924dd9974fde,1
/path/to/PANDA/features,10216,fe01b010f147bf3af7740f2f52b45da9,5
/path/to/PANDA/features,10217,fe025faa4c6e6de2a71f964b56de7c9c,1
/path/to/PANDA/features,10218,fe060ad89a138fa24eed135c4b46954c,5
/path/to/PANDA/features,10219,fe1a80cbadf8d02cb130b9911c7a83e8,2
/path/to/PANDA/features,10220,fe1d0b156ddba991585791769dc9ede9,0
/path/to/PANDA/features,10221,fe1f14cea57aebdfa87ee2c1ca6515b3,4
/path/to/PANDA/features,10222,fe1f503420d2d5c4a723ef6c2e7efb1d,2
/path/to/PANDA/features,10223,fe2e96fbf3e76e9983d1cc4d90ef957b,0
/path/to/PANDA/features,10224,fe309f77902a9790166ad50bbeda0eb5,2
/path/to/PANDA/features,10225,fe31b73983c3714b48a2079519ed6b30,0
/path/to/PANDA/features,10226,fe354e2b6f25e4f4110aed552eb55fc5,2
/path/to/PANDA/features,10227,fe55f8384b36da44b05355cd6c9079d9,4
/path/to/PANDA/features,10228,fe5717205561fb01917f7e1a27ddc2a9,1
/path/to/PANDA/features,10229,fe592036b5e1fe67c781f61e6afc2e61,0
/path/to/PANDA/features,10230,fe5d75959ab6290565b739951f2b8e1b,1
/path/to/PANDA/features,10231,fe69363581685271a5706044447373a6,1
/path/to/PANDA/features,10232,fe6984b9e99ee331bb510c61f9e5ccd4,3
/path/to/PANDA/features,10233,fe6e8727c605a29cfbaf5aead99d83a1,0
/path/to/PANDA/features,10234,fe72a97218b149841909d70cd346875a,1
/path/to/PANDA/features,10235,fe76b5241959c34204276ed01886e5e4,4
/path/to/PANDA/features,10236,fe7812f20a38495743cf7bf7f811c108,1
/path/to/PANDA/features,10237,fe78f239c395dbce8631e211cd4e32e6,1
/path/to/PANDA/features,10238,fe79209ab178c89a9be62bc05b63f083,4
/path/to/PANDA/features,10239,fe7dac11b3c6b6f26332b086b5c0e12d,5
/path/to/PANDA/features,10240,fe89be6f6d97552f6b2f921c621f6dcb,0
/path/to/PANDA/features,10241,fe8b4d94ce299ed485c900f05ae508d3,1
/path/to/PANDA/features,10242,fe8e6d622955498e6d221940363f57b4,0
/path/to/PANDA/features,10243,feac91652a1c5accff08217d19116f1c,1
/path/to/PANDA/features,10244,feacfbc5a71e6ed859ad3316770eab83,4
/path/to/PANDA/features,10245,feaf693051419310372e21ca9cf326c0,0
/path/to/PANDA/features,10246,feb0f0ab5eb812769d3a069b7be9dcf4,5
/path/to/PANDA/features,10247,feb2f7f43ac6cf1e333d15be177ddec7,3
/path/to/PANDA/features,10248,feb75ec549a7feecd2829d066278d756,0
/path/to/PANDA/features,10249,febfd4b08450491c1cff519f9d051da2,0
/path/to/PANDA/features,10250,fec79645cf3b92343f453b945916af29,1
/path/to/PANDA/features,10251,fec8271c64b26205d7fd0a18f2a1dedd,5
/path/to/PANDA/features,10252,feca5568f51e661e151ea21dd3286909,1
/path/to/PANDA/features,10253,fed060df1eed19b5c4b62ccc071ba1e6,1
/path/to/PANDA/features,10254,fedd0914fb849d76b0fe96e1683bbe55,0
/path/to/PANDA/features,10255,fee448fd96ff07c374c19e8349baaf06,0
/path/to/PANDA/features,10256,feee2e895355a921f2b75b54debad328,1
/path/to/PANDA/features,10257,feee92608ee1caac1480fa63eb14e739,1
/path/to/PANDA/features,10258,feef5163846ed7e60b2faef14e91de09,1
/path/to/PANDA/features,10259,fef115f8828a75c61be247aa32336a9f,0
/path/to/PANDA/features,10260,fefabb166e46f9096f4b5afa23b86e1a,1
/path/to/PANDA/features,10261,fefe14a66d64bff9fa7d05ae8651adb7,5
/path/to/PANDA/features,10262,ff0cd440f339e63b75eb835431a593cc,0
/path/to/PANDA/features,10263,ff0f8705f77b14b2a84b498933adf18a,0
/path/to/PANDA/features,10264,ff10f937c3d52eff6ad4dd733f2bc3ac,1
/path/to/PANDA/features,10265,ff1258923eff48a8b6882d1a06d4f0e0,0
/path/to/PANDA/features,10266,ff15dfc487071517ef450a09264af206,0
/path/to/PANDA/features,10267,ff1626f6c8a293bfde7583dcafde5d2c,5
/path/to/PANDA/features,10268,ff17b5e40b6243196d7c47b36efa4646,5
/path/to/PANDA/features,10269,ff1896ab1d89b36e8de1922feb21fa8a,1
/path/to/PANDA/features,10270,ff1ca9ec7c9d1694dcacaf5176976967,5
/path/to/PANDA/features,10271,ff20d2d7c321ffb900fdf00de6d2eefd,4
/path/to/PANDA/features,10272,ff228af5af1389e09e293692ea479d98,4
/path/to/PANDA/features,10273,ff28b460869954e8ba28ff6b9919e46a,4
/path/to/PANDA/features,10274,ff30f31f767ae4d18f5145598f46f5fd,5
/path/to/PANDA/features,10275,ff328f9aacb5c8844fb3907c5da69c77,0
/path/to/PANDA/features,10276,ff339e5fa7be6af83c1b43796092398f,4
/path/to/PANDA/features,10277,ff3667b139539475d4de2aa1b2325c82,1
/path/to/PANDA/features,10278,ff41de2d80bba4b7caf3e0694922601d,1
/path/to/PANDA/features,10279,ff4cd20d67101688ada57fbabe318e3a,1
/path/to/PANDA/features,10280,ff5130c98c14c90ae7f4dd64c297070c,0
/path/to/PANDA/features,10281,ff53524d64cae1675216bbda40ad7cac,4
/path/to/PANDA/features,10282,ff567263913a91c99abbe39d9d679b93,0
/path/to/PANDA/features,10283,ff596d5292ab979e9ba7291d0743b3fb,0
/path/to/PANDA/features,10284,ff602bd9652640d4b534d7a78fc64b6a,0
/path/to/PANDA/features,10285,ff6e67a5f0b674097f5142ec24eb8fcb,0
/path/to/PANDA/features,10286,ff79f700dc97b2fd05d92e56f4b4a815,0
/path/to/PANDA/features,10287,ff80dfefc41b8863b476c5840f88fec0,5
/path/to/PANDA/features,10288,ff811b8f07ef6d31cb60dbd6ad7b0f6c,0
/path/to/PANDA/features,10289,ff9392e744afa04771ad9288762e1b6a,0
/path/to/PANDA/features,10290,ff97fa212a451432b685bdad1c3c89df,2
/path/to/PANDA/features,10291,ff9dd750be215c8ba38b5195de612253,5
/path/to/PANDA/features,10292,ffac6d538449832cbecba2c4f4908dfa,3
/path/to/PANDA/features,10293,ffacf52d0c9b3fbf644373c7da4026db,2
/path/to/PANDA/features,10294,ffaf4de97335595fb711d3985523106a,1
/path/to/PANDA/features,10295,ffb16f062dfe8fd1161eb29ad1bd80ab,0
/path/to/PANDA/features,10296,ffb182fa5b636005e21eec384bbf406b,0
/path/to/PANDA/features,10297,ffbe854e810d4e4db8fc4acb3ac15333,2
/path/to/PANDA/features,10298,ffc005d56a21efbd034425623f596984,2
/path/to/PANDA/features,10299,ffc0cbbe28a6345a179d6210ef5c579f,4
/path/to/PANDA/features,10300,ffcbb41626c9267c5c20c4804bd5639a,4
/path/to/PANDA/features,10301,ffcd99c47e57ad2934dc6bbf5edf6675,0
/path/to/PANDA/features,10302,ffcee00fd033d3ece1408035a7fd4ea7,1
/path/to/PANDA/features,10303,ffd2841373b39792ab0c84cccd066e31,0
/path/to/PANDA/features,10304,ffdc59cd580a1468eac0e6a32dd1ff2d,5
/path/to/PANDA/features,10305,ffe06afd66a93258f8fabdef6044e181,0
/path/to/PANDA/features,10306,ffe236a25d4cbed59438220799920749,2
/path/to/PANDA/features,10307,ffe9bcababc858e04840669e788065a1,4
