id,train,val,test
0,8013d514fff8374e2f0435f808a57d8e,ce31f52b2a072b7eed30b6e364934989,fbde3e89620879c97c7cb442729785e5
1,9b016e7ba314b837ad19c74d74f87b07,95934fe39402403648eefd57c9be8692,10218e6dc6a4fb9af7879333c11af510
2,361e1ffe1964442b325efbfb9f682a26,7198a4a8aa40162461573004014923b2,db9796c2f7f80c5177bfd42386408b9a
3,0e6670ba0c2f6a57e6af57d1a5def196,a9b1aea89f22c5e1bddc012a2f4c8544,7a037cc442f5e4795192c1631d5af535
4,f1ca34b8757be8022476e4e71d18e06b,4cf55b23a96f8015915487ff129d585c,79dfa97a2655441fdc5cd428789d7759
5,6083bbc60139542acc27071133a7922d,fa34632030552cff40da1c0cffe3ab81,abf623f6f7c184855e3ddc607a75bad1
6,ddac26b8c4b0ab1a705a4aac427dd486,91939627c20f2e47fa4be433363bfd6d,baca36ba2adc137e2bed4a3c9bbed421
7,29266f4feb6766468bce536888b3bc0c,040847f885854a69d231c46196288d46,d4326c1148db3d103cef8bab1d1d524a
8,f14cc705a713267715ed1e1be51b7e7a,1736f312a48e3f3129f0251edeaa893e,c560455590a29b83e0c615c911e0e5e5
9,3bb7fa03be7da5a086cf9a234cd3a025,d568b6fc539851e62d84e3223eee7091,69e1d84705d16c89fb361da179c7303e
10,fa212efb5341fb082d0e3d117b9270b1,aea0dc89fbdd0bbca975eb440b55d3c1,ef7e5ebd23757e3446d0bc4c47dc8e96
11,757b7b672e19cfa1350f8477f4b5d66e,e830b99a9330e3fa4feee8ac6f219083,134abc83106e446a1847676095b08381
12,6685582686a1bb08c0d57f5dbc1f53fd,2c0e4995c6e82389dc1964ab5ac6a407,7120c2334b94794a94cf54a4ef1a2303
13,a9dc6f6175a76e18031ad38fc9c08026,64c818a7feb6b2d3cbcb26023c19d7d2,02146992e1884bf87012fd0d5d05cdb9
14,8e8e466ee8644a88c48ff4decef87949,67c66e9eca1fcfb74aa64b5b8b9f1615,027c4a5b5f9f1be80602ef51f2619bc2
15,9fe39d85be93f02ef46c1863533f923d,7d2a0df515a32073ad405ace2d88a555,11bf68736bc51525ed31f21abe8ff6a5
16,d8eb251809fb58ce9497165de727591e,b13961504ea859ff34a150bc19fed335,48c19698b16ee7d6f04ef2a1f7188176
17,1de9133f550d23418c7f1c58d75280c7,bac06a64ef7244901302f1681deeb5f0,274187a867ebf7834ab44372da776439
18,5fdd8f1da666889035c36621b62bf68f,0b48fb4285d6ca230e336ec49d89304a,afc06705359dffc9ef87a66939bf7c04
19,9d2efe13ec9a77cb295d3098f869ad20,01b3d1fe5b0bd538d1e9824fe7d2d24d,eec0d321f4ef349cc080d4eb2feab6f7
20,5d656ef89286db380f879cb6bfadd731,f9b49a2c80d1afe1cba92a169a087b41,c266773fdf88a75561821afdb49cc0e0
21,bc79710a91205883cbaf384d689b87d7,faa8152ba98c87d018ea66bb75d381b3,823097b40e8a02f6e06021b87322fc58
22,218baaa5430458db80449bcbd66ea11c,489959a384e66a9431292b744f47f295,6447c06bb4e5d34646a8e0c97c10b588
23,58accdf477bd85e51be2e67c291b0896,65bed78cb62fb1647b84775d6e98c553,c7664405d98a76f0b30a1c18b6ae270b
24,95f46368ce66a0f5d0fb0ce29d703451,37f5347d97a99a1fce74a21f587bf48c,36eeee47a868b8ac66b6ece9e6372984
25,53dfff0cecd06c15f600d334e7324b78,0b80bdc8caa658b5f69606234947b422,dcc20ce75933d9800e4ad6ab2943e359
26,424695a2886897279fd2d40c394d7848,a7ca49c094be4bd969166477d5631a90,191e83ee04803d8fa8b5c43f0fde09c1
27,344cc56a75aa993d5b20be3f31210879,6b9ff194b8290ba500f3f8bbdeda253c,09259d619d0f95c6a277e45f2450e7aa
28,2d1ab39f0ff6e7285467da5c26750d20,a40897dff1e0113123134af05cd3cc65,98744dbf48a8428f1cada3cd7782ac92
29,ffc005d56a21efbd034425623f596984,6731d5ddd7e968439e757ac850feb2ad,ffacf52d0c9b3fbf644373c7da4026db
30,ceaed3c478ce8e0366c1e3d30edf1192,a84367134d7d9ac7a9aaa9d61752dada,e9277e645833b34f708f1e0a991cca01
31,7b3c5e07fd05616a34fa757f17029f99,c52636abf2b202b4f65f5c85799ce363,4887a40cb07de30eb1771e0d42ace821
32,287954ebec5531c31c41010a31ca23b8,5bda3d19f2754b6f802e0c4363fe0fa4,ac22e5a3ef26a2942ff5c0d0edd11040
33,21e2ecf1c1b82030c3096263fef8b927,b5690097b91784e3b0d4487765d5978a,2bb71a08eb8c45dc81ff474387144987
34,17fb8562eb75c8f6745cacf164f9314b,2910b44434274b848553a4ec3db11df8,e89342e55eecf0dd11a1d40f4768c55c
35,f5453bb85ab33f0f99e56b296293737e,56ce81aad4405f43be93314f002225c6,a21a526d2529b8d1029d854d3e37594e
36,3208b512a881073da1fad575ae4e8cf3,819d52e0a7764b66c39bc55875e71ba8,6b69560eba8205a182f996d752402036
37,8ea670bea099a4d37688e0bd5c400dcb,0cbfd6b7a0e0e936db19b032096621ad,c89f71d6c8fdc1bce0a230bdb46935fd
38,4e7ab683d0ab7ea63aad20ce5fcbdab0,640b696aa98cfb760162e0cb60d0bf06,f14333c53c3aa81057dff9c4ef83b69b
39,cf14096dd1f7d3e89c3ff718f29fb985,44f60ac5d5d82e5c72d077e50701863d,75f88e0160a54ef358eb9c6aba970f0d
40,63943deba402196b1f80f92b23881ddc,69ab9dae3fcb1bcb79683b95e4836252,4b9636cb1e3f5012072099379e9af72e
41,a97131332ef816130b9e024155c311e5,dbd2b5403eb56faf745ed021e1712890,842ec03f75b9933c49274bae3e7cc5fc
42,7b53f5d1894cf165b880be0ca21fd23f,83a8c0c0755191b2e4a20869efd63cc0,651871fee7a4c9e53028c99294709f41
43,3b596f8a7757d68bf9d4cc68015d9a82,ae8098ce32f49e4b96dda2dd5e02db2c,554970412cd2907b5a93ee5ec013965e
44,33431b7e55430ad8b17a6a61f9ce8f88,331df8bf3a7f766dfe45ed525040fa85,ad43231f9614e857768154736232fc34
45,7c440d8eb7dbda63b0b45b7773fa8279,9fa83904c27e09a6403eeb8dffe0b292,e463d4ac988daa096b86a768cc32c745
46,c099248208c9675f3d49f647a4d648e3,9d2cf28b4676e95c28b3e09604912463,214c08ad1a6a368008dd62164e6d6ac3
47,8c32b55128cb5d99d9c50b7904f9bf80,60bf955e8135c580681a253469151ed6,6fe956eb5739f0877752cba783828cd2
48,659d40f953cf502899d937809b870d23,4cb2407fb053b89d54b59d0ba09aecc1,88fd1b3540f148486d5987f4ba55b02f
49,bae0ff238ba5e0f675f06a72a383bcd6,dff54f797769512965d5e494c0339a3b,9df270613df3c7eb10ec71bfc1aebde3
50,070f969f4b4952f08d94f056615c8def,9de303f93e75b109e4db19922ed2eace,5f3435341b61628b1e308362c52a9460
51,3c5c2cd450fb2d359845fb9c0d660bb0,37b0ce91b7bdaf3100aae1748009424e,bd650136debd7ab365c3222253637f9a
52,530fe0124e17f2f3a98c53ffe86bf421,6d2cf90cf2df03cf1d9f2eb38362f58d,cb447241302fbb5026b7cd6837232331
53,cf385dd3211d78cdcfa8c90c2bab5b37,c799800d4410e6c81dc1949dedd2d471,a93eb7e0b8eda6a822f36448c946b9e3
54,b7a9d9c0b19c2e44097dfd62b5889310,a00b1407e3d554b729ce61295cb62da4,2d972bda9d6baa13d47dbcfec586429e
55,55871a7a0ec1e0958ce44dd101d48be7,7db090c9c19ac5f8e5262833826dfa9c,4c52ceaed5d168bffd8f2e0175a6ebbd
56,c0908bfcf70cd527ccd3baa20f331a0a,0d1e1a99a3ba55fe2d5cf69ba87c9d97,1c0305b42ca0c55668c8144e27dc8ba5
57,1abf1e5a8a5aef4100c97ffd8ea09ce4,d6587192c22af1403afb3c5283819cae,e6b528e0bd6d4b69e3bfe318e550cbe1
58,ad7d7f899e2dce2e90e1fa7d9d332c44,e7db63dae4f1dbcfe945651219d34674,a6971c7b02a5182bd69acb81102b6f16
59,51d0d7b3a0f1769117ed6e3d64445f33,7cbc9de18c7205d762b1b65748eaa2ad,fcc021adb67098501a473a959211093c
60,b31da8462061d770024e293ca92e0086,037504061b9fba71ef6e24c48c6df44d,2c648f25c47e7344bf1977154c31c25b
61,6decfe197397c727416711b6edf9b691,dc6d94bacf5a0dd5e886d2c2444a742b,1ab5733eafcd0a2baede5e06d4195915
62,4b9990a038b7b29a12d971fb17372c2e,b75ccb008444e0845df0ee3ee505ca5c,ef9453132cfa46c7e5a506178756ff01
63,fa724c9d2493e8d587dad738b92f21a5,6b1b949e02139e6760164a5412a017c6,93833feacb7db2d9b7309fbd9cda84d0
64,beefe43af57c31447ce32949615e211c,d37503369b9381675b7e76753febca9e,ba79259f809a3397afb951e3f604bd90
65,9c0f575d90a8281e6600f490ea79b9ee,7adc6f83ec8eefb4e94c79ad70ca76a4,b87f6437fa78d839439ac3052ae57ac2
66,c9a433d181ed731dafd3e77498f6d38d,7b1a65b22d46a63d2180cdb05fab5a11,105ae7bb05346ace6021610f723adf97
67,5000abf0b5e24707cbad9f17e50db021,3cdd1b5804ca615f07b0da831a6cf368,d7bd6d0c6842670b171b5592dcc1e9bd
68,035a5208729ef164213954598b8df75d,9dea308c78fb0bfa6c7b7631f15c4f72,932af254f55ed4607b6a31c4fc69726f
69,a83b0d472cd523b9d4fb96d01dbd547e,f41758ea4ca2fa1520cfe98a4c064e54,17f48bf0c5eb7b43d1647622faf72504
70,c8b78becc5b3eb17f81bfdbc55d2029e,4e1702de80175bad5ba65290d3898d43,af6cadce7e6b5850580eda992822d871
71,1d735506b1d8339520792d6e8ccb2194,a043e7be47fa98c814af7969a55f8bc6,3ae1d089ff7057827bdff109c96633a6
72,47ba1e7344da00d621596e398521adf3,30403a9005838f41b3615a20574e398e,9c2b708c21a6f7f2c4bebce9d6c74436
73,87fab5372e284fdfb9c1e7cd659f7779,9e89237d1483cf290f0d69c5e62c8f98,063528c18968c03f23e0c299bbba17e4
74,7817ae2d392ba4f6cb9104fbe70b6274,5f3d195f200eda8037910949831b87ad,08e7beb9ca5dbe53b59cbb27639bffcf
75,151fd14ad2dee1c8292dfc3d211873ed,68ed043642fc8749303ec2a03e143ec7,f17470445cda06cb72f8c016bfcd4e79
76,5c707b3792821638b84b524ef9ad3d4e,e4bbe0282fbed7b4c2e82a36fec5246b,bbc2dc35eb3231adbd2b6f35c029b34d
77,503da0f7a933c01e206780c0c7b21259,88d828c35fb9072e4de849b75fe9f721,596d3b12550adf32cba3ea96fd6859b0
78,581a0ecff3a2c886dbf5725909d210fe,09509b4bff15ef7a166e7964af2d683c,fa495d47286cd08cbfef9a68c2ea5c66
79,dd8421355eeb8bbf9f0907a09497e890,1315d15b0d51a32a199c7e203740d3fd,78a7071f862c2622d8375790ebe71c5d
80,5ea6feafb6765b6916a259e60eb89354,62dafe3f86f1f7048c16ac69f74cb293,f7d4742181dbabcd86644ec7781c14b4
81,e2786b098bbe9b279a9fbadfc7a0c877,3f9f4281ff7b4f7de85986680ad239ef,dbfc9c44024301555f3cc9118f1f3628
82,7c75a0ddf67f2cca476d51ec8b95d60f,7f53e2cb95194577dc29836a0cd7fb62,84110cd444dd25fd974e0cdcd1df8065
83,ce7817cab3ef2a86003458ddab80269b,751016133b7a6d0cea31c75ed46ca532,4607eab3c100ba73a7815b20fb2f3cdb
84,d7e2b72270a8d5d8a5f06ec87cff735b,030d8b5c2f9562c574872ab99875aeca,d3ad807661c72f8d122a8d0b2dbc4b65
85,86fad088e10612415bb805aa7d53e387,8a21fc0aed2fd06a8b3fe4824c53413e,f84d60e83be2e1bbfdb1885a668bf3ba
86,07a9af222e35aa6ff2afbdbd38ab893e,a4a2fd952751874e50b0ee6d4aff0081,d756b18ac015e7d53b31b5c8b50acabe
87,b363351dfb3083c273593c99c25f92bb,743d3a6c9bd81c8fe2959f362d4a3cee,6c609a0f9cff9c466a4ec4fe5987f765
88,bc4c68be7d2fdedabd4db8b0fd6f443d,c4b7972754b0131d4b1bc9d30d0672e7,5a599e2b3cb03e9525de22d1c27f4ed5
89,b202b3ae4299e8b1264e3298e9022e88,937d1baa30563087075199d0756f980d,0b2c7d97a377d620e70109199bf8eed8
90,ee0a0e6973db6eff6dbd31ad6dc2beec,b1f6f5539ae4fdb9b931788dda704712,4d803d599e3aa34b4d4d97b0e3a6ff5b
91,bf87270f466f176d032892df9cd460a5,244aaeaceae1f9c1bfaae192bf4d2984,9f7e34c8bd9a13d563a5a1a7a0f78b24
92,d6d59930bb06a2c82edefc477a8a7639,77db80dce3763d46aacb3e82c59bc325,e89fd05c02c2297653d93f9bdaa71961
93,4a9fb957b8c5af5a98c8e8fbb70d2e74,0c5c2d16c0f2e399b7be641e7e7f66d9,632bb32084df3f4c50164c2c684d34ab
94,a5f8aa93183d002e62df16a0891ace20,805d295ef3c4c573cb1990596d77ff8e,5b068fcb3a6af7142be9e39d24d1a8bf
95,b0b38a63ab55065b25c3f5b839c8a72e,076737b247cef7064ad6b9f653892026,08e90c44bcfe29aa64beff429f94e291
96,318f7ac852fb7911436ad2d6aa48dea9,379a40c0c5b897ffd42d5567d40968da,cf2cde676c6f71f1373a55588f098145
97,d6b1c8ca6037b5ddca5d2086975a643b,8f4163f9e76ce4d47678985228bace09,b574135984313cd2c096ecbe6daec632
98,ce24af9d3fb0d05a754acfcc0ec1a700,5033ea72b9d1901a6450bb7d21a1b062,b06049ce3ec82f00aebdc4e368edc90f
99,8e6db17e55f22d47faaeed270a79d288,d63d91554034819d23760849ff0c22d5,a66acc12fbf3f3d375bac7f768336aa5
100,e9bd2fb57ffbe441e1d43afede31df38,a308ca65706ab18e463dbfa9b0c12e3a,8afae6066a89c4502c86e8b308c2bb1d
101,1ac5fed19cf6f44db9a4dfa85aefce4a,415003c963bf2f51f949fed42d5d7220,c46612257ed2bd721267edfb10a92700
102,f5bcdc71b90c6fcf27f2334162a0b97f,e1b95e3bcc154cf1819ce08b778adbc0,0214df71ae527e2144021178c453d204
103,2b730c057bde4c56e79f693e3d577138,056990e94a55a9bc73f7ffc0a6f8080f,b1403f9f47c9544b0ee85dc0f319bc90
104,6d174dadcbe33bd57700d2bdbac60f8f,ddf06dd9077624ccb2f52777ade0e0b1,e31144c075410954862f7fde0acacfe2
105,3b537df59920e10d46f14627abcd3227,8504a3bbeddc6147fe6b69c68100e3d3,a10eb69fb260132fde150bd76bd7b15c
106,768098d5b47a4b3e2f18993da3bda0a4,0c523039461629c0b6ea77d88d412e6c,c657214e550cdfd9ea235414fd63fe5e
107,6e381416581ae9845b650f2b2d010a00,88fb00fabc97d341a95e97a593c3fc43,fb01a0a69517bb47d7f4699b6217f69d
108,01d983ba412b27a65f58848b695ec751,d04666b67e5112e0aaaaee7a1257ef8d,536be1ccbccc0bf357bbc7e5e0a270c0
109,e920b4b7fadf9463723ecd4e5755c485,e5e531d9d3a95e505939d5601569c192,ea4567ff965f38683bdc7c7af2e08ae4
110,835c8af6ba7ba991a5788192bfe0759f,771b4d1f002ddd740017d6e4371df8d0,8baaf0653549708b753a74d17dc4d962
111,9a4f94a859e0553fc06a21fb30fa86cd,6ab0d7184ed0d412295c038fba1f79bd,dd183e3dd9d4391170f8d2c0125037f8
112,33752aa0f25ce754f491b9c6c442983b,18157fa5a744739d34a3c498e4aa8dab,8b670faa5b39f947705e77fec2068cdc
113,a932bf147bd42e718b1fd9d7d53ad15a,83c1a647fece3c47e101b9e53b1fff0a,ac5d45906b56238e99d3f46ac94b35fc
114,7c779d271feb1330e45e39af542c3f13,199cac82a1dd58d80c3f29213f2de1cc,c121ab04b9ca50cce4453df738a1d6f5
115,adb134cdca78025db20a3607f72edc92,1467d804990bad99d1c553ca5a007ecc,a1f79e44db2ca88a3c1b330af1343d61
116,1be9e30be0bac0c96eb660eeeb1a79b2,fa5a65d858a5cc0466e8c5a06b735499,a7d18581b5402766aacf91d52e6143eb
117,b4ec9258133fcb21d9c99fc2ae9d134e,86a0777f057b10f538767120f182472a,6cff031b8d7dd8c2cf34364ad1ee6c1a
118,ef9853b01c42ddaeaad2b6261652f13e,11f9b8c48b800c4434f693f0e76bc3b4,8c5b4130d7ad948a6221527aa0087a10
119,237a26535117ff8e51d28df0058e488d,4f7296f162c6248fdd1e06f5aa5d6eb3,1b827e1b8a49b6f59b4ccad9d6323e57
120,c2e37dd8d2b6891abb2c78b15a25fe95,9d931784c507a8633fdc623cc916d8d3,3e07800d6b2beb390b39f0c534bfd719
121,d172dc93c49f96c58c22a56724aaf1aa,81d80ab1d978f1669977d2185e798d56,41482ab4f8a95f09b3ceb53d4bda3f4d
122,fe55f8384b36da44b05355cd6c9079d9,ec009ae101199666b6840588867fc1d6,4265aee8b15166d7130624c24744c2b5
123,714a9564b61a4daee6c8a39a61e04500,850b9fffc6972f75431db42dd07845a9,f52d96b6efd32aa558588dd2e8fe1dfd
124,42cba36cc339e8195e9b1c0dd4f9796a,cf843d7b7445702821728d9f3239cede,1a09038fa60de37d48cdec28144cf98e
125,6767bd3b8e80792e45bd2ca635dc1d8d,341c392a86a83c179d50ff99330f067c,64bad048716c6feb71b7e86d4de897ef
126,514f766f399e03368682786c5d23f3e8,c77075a7f8ad3b3f413cee8b8df89203,a1697f266e95a820c676d18f380c6ce8
127,947d9dc594fe52b86afafc2d15bdfc98,45206c040b197610a589574d0345f7ba,dbd4f6f4fee92f77e8847f704635df6a
128,91e2c35b8c9d4b6c1772f0589e6a81be,df386686a83a221eda2801df56e60bcd,a37fce1f9bf89a23e99ff436d8c3710f
129,01c977c97e2f5543e65e559d98dec93c,d777c77dc8d82b9b3ee4cc8d94118988,c48a109638da578b059d9464a4262698
130,f9b2162716bb1679a53424b0e6bc7f9b,feaf693051419310372e21ca9cf326c0,fe354e2b6f25e4f4110aed552eb55fc5
131,b96a2397a49757f8ceed6c6ec42a2328,48978e6f6ae7bcc2044599737aee9b8d,43d1869ae02754e6a5fd2ff02ebab94c
132,b88c51aa5a61b5d36c12dd91f7b8fba8,cd5e1ac4ae0e9c5d0462a8ad96d43e68,dc60380b0dba9d1876e40f0b53ec484b
133,ac5f07039fde0b6a831f08d207f9c26c,1784ab09ff0d41a78a89e36226bf3eb5,434832e9d4adaa4aa96cb3ede61d66e3
134,f81f26aac99df0845173c6f8e21ab71e,a996595380b54dc905dba46b751ec82f,37355e29029bdc13096902e0d82a9b88
135,d823184dded7ed43bf7b5515861ca0b9,84c489d89dcbf2ceeba8a30147b9e79b,90b8c7eac5e1df7eb3310d2346a24ebc
136,40fe12c95fcb153affac97575937819b,def79acd1fba29e18079fd3925b7ae92,21842d9a9ebb1e4efb6527fa04163452
137,47d2d79be7e67f1ead3b0443e5901aaf,58f43b3f94c07e3a15fb8bf8658bcdf7,342b38a965d96d8e8b606ade1094e96e
138,f40c17b3402d3937434e08f419ebb3d9,4b3f9fe89534fa5231f41be4a1a6c739,f07854a61eb5e86065f13e7e0c1456b9
139,f5a588775c7793da92428613b660af4b,dad141beb482724c9bd6f419da397465,27b41e2cc69f73452fd35f3d72d1350f
140,aabf04e96b9413a43527cd933de53a31,1f7819845dfc427b9fb10a3420deaba4,2e6297af323773874cf67262e7732dee
141,a6df5267338c181ee62b42087d0e2292,02d302a8d723fa00331f373091b29135,bd6a39de18227e44730c228369cea0f4
142,b4e8ce5eaf3f05ef63de22271519421e,605dda4fe6ac848340fecec8714fe760,01e9fa9938ac458e6307690bfce89ec1
143,ba3bb9804f760a2f417cb680d4598573,c767fb0d83832198876f1ebbc908707d,f5a2f826b3957a6961712a52eb94ef2c
144,8f2bf8045c49c8e298b02cb62b1c57c9,4b992f28f2ad9809948ec801fee0078b,9ce2de72495a68f5728c8b7292f79805
145,565b748e64e5f6895bb1abce1a7ec163,ed572cbfb5afc2e989918b03c70734af,3d8d028bd6c5663eb4721bd74002000b
146,51eff3eca711a0e2dc3153a420c98c8d,ebc22b45eb3ad26c9d9883d912038f6d,b267fa5f2c3b44774f06581ac05996b7
147,6bb4cd81976d643a0fdb67c50636d01c,4470d180d87a7ef590c3979b0069c96a,db15d2309039edf8bebf4edb44ed4d47
148,a28b628b33608b2cdadff12fc6aa2537,23414fe2aed7c291d2036527c761874e,cc3d4d77585447466f27904725bd1d7b
149,35b2e442142f53c58e83e1a0f0636472,71ca19a708b9e60d55b034cc6ab5a978,4b249e89f5822184179af3aca0c0293a
150,09aa67c5eb010454e88598c6ac50c695,691a9e62ce9f6633c08462c398f7e140,f13eb7c6b71d6346bd1421117b18ff3d
151,84f098dc3c4bbd751d9f5e66098bbeca,7ba42fc0e9dcca31759ee7d0799a943e,fb2bd76ae85e51e84116a8927d81a214
152,a28d07249631a811d3c801881c7fee47,b788300a50ab73f893b63ce6a9c08f9d,315d3d4f897775dc35d0b3e6314bfeff
153,fd3b376d8b119c3a43e93e57710616fd,bd6f8389b1d1f39c832d30ab4df72816,f7d2a425f1cd82d6c06dc1b0fb0af869
154,ab61ab08ed60be2098e236b2924f3a1c,224204f1ccde52b6d5a43c94440d9324,87c150feed1c5b7c7b4f80739cfc1060
155,090b8c54aa290c2e5e6114cbeddb16bd,98761fc7b42140e02f2bb550dfdacbcb,6e2c6287cfda6f586d6753109ab474be
156,eb28a92a005b15ae37fdd43f42b3edfc,2be84345474f8546c2607c6be750ab0e,a1ab959d088e199003230644b58cd22d
157,5db70f64a6991463aa9538ee855ee528,aa1de252963cb99a7c6cf9288d809be7,c9c295e486e0f7f7dfb4f0fde6ff8240
158,aae4be2e608ea6085e8f8b0f6f363d85,a737733c443a5aab85263c0a8ad94e2b,beb4814f0ab05d6d6a16b2614b82dd04
159,d960f3c9327c1baa21ed849d867e29a1,dc6e3bbcf9449e2c13827e13e5724571,1ad564271dc93cc93f29cd271bad5937
160,f1f74c4aecfa7f9baa760bb992e4c720,3a2543c397bd17d87f9f73ac1a1a6646,6f50ffdccefb38de120dfb796577fd5b
161,6b10e2f8cd5d3add0fd7f2f932e86fa5,971e50ef7265bc3751d7cc7ff36a6f5b,b896a5ef96069f889c0e72c59e48b917
162,bea318414669361662bf0d03bcb9e996,af964131a5f92d123d0fb1061e7aa24a,7d1d9ad923a9f67ffbb27c9d3c62ab06
163,31ecb175bcd8e4f9028b196d9fa42d3d,65bf2cc6f9ed1eed86b8e7a908efe834,37b66efe115f778ffd604c60995ec946
164,dbcd292efb04d7db76e2c97379b79a14,dd97a5aebd7c8ed6fb24da05ad92da74,345308e335f09ee04152c18426ad9a91
165,8d2b108e26bd0c52b2de57acc205fad0,67319450f16093d1be341212bc57c86f,0b5f952f3a5bf6885d7230acd5cbf720
166,4b0b2d8f040c23df6320a2bd64fc85d0,1932b8075d97a1cb1d45fee931bc99f8,b8d566345af6385e5176a774af8d457e
167,3d4dfa23ca380f4883de30231e679fe0,8236be723e0508ca90e57849b2004311,6b5ce8b4c2b7c2655752c4c561059328
168,c15bffae592596f8f566239c725ec577,7b4620ce61fb768c0ad330e3bd9caacd,b1114c073fca61e3458f31b3c3a5b155
169,46d067b212c4dda9e6f87c8b82f22d79,a0202572ab9a522f5854316de59a3076,646ad07bdb7b93beff7ba27a0376fea9
170,7c684b49197a0d4cc40a97ea729a5091,6e56192db73e084b78d5f65946a607f3,49f730814453082b10d8fc713bd511ee
171,a0c82584384e118836f03e2abf446a81,4e8d7f8d403847cc6c2f08d80f4ba223,e3a86173361dbf0574a3781d540b5259
172,b3c0102531dc15c340cec074c10bcf83,a9c926cdab10bc7306c7dbfa787efb54,7a464bac7623466f449cbc7279d79f85
173,c692cc057dffd5f92149af235f2bde51,e6725d72152aee9323a8c8ba910828b5,eacb0504ca2039d8b3e9707aa7badb2c
174,80983c7885cd02c9e9df539b58add687,365b34d59b0132366fd9feb0138ca7ff,a925f822c0a81f2092e58f0cf1fd829c
175,439faf5e0a62463b01271742a9fb78b5,e6fe8d683d9d7f092c03992a23d901cc,b2b7e5ce81c5b70949de31185ee8a126
176,4ca8c78108ad4c25121b2893f61885e9,f6e7b15af318c5fdc1990ed6a8b117bb,0277b937ddc8679ae69b3c54bfd714f1
177,82f647e446251f53f15f8ccfe86608f8,f6fcdf840d82229dee867cc75a7dd721,490c134f47d483a880c183f85f66705e
178,cc75ac1620668231d5cc98975937aad3,f05d48bb9a4b1a9b1c6724988c2bcec0,c0852776d3142ce132a90c6142bd7146
179,bb2def1b86b5ea93316769e51f0facde,4fcadcef9e166eca9ec5652633434ed4,0f7afae16aa8f61f8f1682665e53ef98
180,1af858c67cfccebbfeade00d3481254c,51bb63f952d6b40c79ec26b18735edbc,f220b26c6610f8210cf859a46feba5c1
181,5a03be8cc9868dfe88b233590f22eaca,1df557b5c2319b8006f6da4817792d15,2ec11dced066d924bb139f640c2c4a4a
182,9f8dfe7b06ca41af4fa89f7deaf3b050,db321ac6eb33b00e63b2fdacce4507ad,ff567263913a91c99abbe39d9d679b93
183,031f5ef5b254fbacd6fbd279ebfe5cc0,500aeddc89cbf4ee0fdc35bec81f756c,1cb56f571749e201e1e37e166d32b0bf
184,af931670d9111cee444281fd1b8d1dec,9d8e32fdf40bf2b027f3847e67a3ae13,d3cf96c8fbb358768a0a65207b27ba3a
185,282814f67e44cc563ba0eef3ea6f4bd5,b8bdeed151cda321157d4925e7acb586,0452381085998676ae1e3c877df5bd4d
186,4953f5a813043846c5e93b13adbcd1df,cf8b47846bb4ca7eb4445600a32480b1,33169dcbdfa0088266152accc011f8c8
187,7b5c303bc727db87d76486bc15084adf,80628cfdceb87d93ff1bc91e23fb5c92,424319cfd534025f2c40ec7e153077f1
188,eaeb7f15cb0618d6091ef52e685ec284,466797748ce78808a1f948887f6d494d,71e9b5fc5cd1125e0d4c4d54c2a1c701
189,4b52b93ed731f336f444a24e1bf2dca2,4681c871c48fa6b0e8621ead93d5d45a,f93152017b2e6dc0e9c6dbbf0400d438
190,c508dccd42708eb8dd47b39a6f1c2c3d,d437a7e3fa8a822dc781e7e9c5cbf06f,30379b51a55f270ba254de56f795af5f
191,bcc84573e785de42d7af076ae2b30479,f2834de66b368822707e312afd57fb52,fb8886059879eaac70139336cb525838
192,59df439b2cd91c2cd68f3a0917ab470d,cca735c397880e88192e97d68b97754e,05e06bff98cf601bbee320f6547cf9ab
193,ae9c53b32653368de19c3433eb91b6d9,1370ed5281f0658a1584e0e47bbe6ecc,6a7aa196abf5d7843a915fef033aec41
194,be24de51dde9ba0c9808dd4bbd28dda3,eaeb106be64bbcb48aedcd4117768d59,5ae2d48a5907763cfad33ce3a1d911f4
195,2e20fa4b5612ba96f79c29cbd9635dfc,790101ed8e85c73aee6d25529a583dc9,24cbc57ba378971a02cf24479cd7933d
196,9818479424ae4919526b658917dd6b1b,9e47e424e9fa1a9ef32d9013522df425,e573d5bd029fefceb5463707eb41a03a
197,d7c97e7055f847f17a4572f7f2ccabb0,4a3cd784b891733e6f807e69a592e13f,3b0db85aa28349cd4caf4c53531f28b9
198,d691b50f9a08b2e6b9731add26f4e8a2,e1da8ac88f6efc2df833f0a9d2a7dba1,eb846d2f14749c4913bf0affa0578d8d
199,c452a6a33afe1ab834c0e54df1b2ace6,44a0e59d540e47bd78f739e49f4b0680,6e3e91f569a2ca2730a9a23811f12ac4
200,3e6e4a8f49b190ff3656c6cb85dae975,4bf5a250183e162fdabe2e6080a46cce,c993a5b569eace9eb753856fde10c151
201,b2580e9975eb5b277605072db2785d65,cce88e90c08f51b8c005d5458623b9e5,2f1c751ab10b8b009b3391ae86acf6c3
202,745fb454d6a8791d6cd69d1aa4dc90ba,24c94ed90d7bc1ea0353ebf23c887536,2af30006f5947d527000166f41ea09c7
203,5a3e3dc26a1d2a473855a6161d870a96,27edf875a1201b124fd11124451dad4e,b69f37414ea0d604250324f8bd0e10ec
204,3cd682696983016f0c33b2ad85cb3772,b24c9a61f01ad6ce5006ce9d06d1666f,d2e99d97cea5ba41f7d2e30a221adee4
205,004391d48d58b18156f811087cd38abf,27df50f5957b4cb382beebc93e3a1966,3754b01d3ce8fb9f89062dd30929b7f0
206,10bf7780fc6540d6f79eae2aa2e5d4b9,3f073ebf519dc67cc0a6d2aa04f9cc11,6ee0840e4cec3865e228b5f96fe0b188
207,89d6d529bd9f478c421a03df16c7f462,b4e8ce3fdf69e46eac26d7282e2af0c0,66dc57a3320d9abd25eaf8b74c07c7bb
208,6ff2655d791e26f1d8a98ea29668d0f0,ae735fba71d07070521f014ddfaa6bc4,afaa3f61f49c3e47bbfa02f3d657994f
209,7fac99586c7c32c1aedd474598ccc9ae,b6629fd3b3db7a394296fa51a657c3cb,3625e6a2deae10c191a3fc3b6fde9fdf
210,9fbfd81ca751d31d6d3e776b1deb4fdf,6742b677fba068f36457e397969997a6,fd73fb132d70187e69bc0638323b0ef9
211,a03027be345abd8c06874823f2cc2f95,cdd38de824722c0bf9d9494c258c6bf6,4c7f11ab0f24d609ad5f655ee383a1fe
212,116b4f2b0182e6730a1299ddd6b42e4e,953af5d0a03f8b2ef4c1d948ae48c368,628099e7b5b1e0c00288a4d3cfb2260a
213,789a88aa6341166fa4e3e08647d3d0e8,f1fe16e06f2ba5e1a9662cb471fe73c1,9fb1b1d5c26a661f364f46012ede9336
214,2568f00f6eaeade4a03a4c98e8fa4ee1,10cb295e2db9ac2cd1f32523b401d95a,ccf54a0693ec67516add9b4218fc3b68
215,0fe9a27d4af8817d43d5939344204f14,d59534f97e8598b8673e7793c08b1694,0a6c5a120961974a7dae8cf11245ff73
216,30714dc10ad30cb8cda2ed487ebd4934,4e1ea77ee544e8702ea538a2e5fd4877,6ff318a6d23cd703fa230a51d9e36834
217,24b0dda87e02e90f4bdc747a8a1964a6,6da58949332bdb1e6d73aa850280188a,bedb1f9a2d4d520cda873892fab58ad8
218,2a484c7522f0a5e3a41654eb2c452fd8,473554584a1ab1f83aa3e758b6c6238b,1d09b5fc1bf2482cdb2e3eb93b94226f
219,e313036329612a13d9c252f591eaff6d,38c790605d5648f283412ecbf56537b8,4bb4bbbd6dec06f9938c52cbdfa0b1c9
220,75bf452b6730d6e41a189540bae2129e,a8361109aecfa0496bd7ffe3d2520f70,946e85479cd3ac3e73f2698c9cf01806
221,51ff3767b587bc0e3d8bf9252fe7e1d0,91e740d5dd2c702b30f0c6c4300512a4,6f8bf6cfb0c020fdfef1ddb79a250464
222,7a42019fe50ed38d182095e380b9e038,00bbc1482301d16de3ff63238cfd0b34,b667f22fcffe74c3c719b11c6d53cdb8
223,de7bc5abdc2ad77daffde75269f02890,c8e8e1f2f14c1d8804551ca9233442e6,1a4cd10d5927f583f1a6c78dbc5a4765
224,f73a9bc5c0cae8bd6729c95a7edd36b9,f9070015868c64308d1d00fa0f622fc8,6bd476d515d75746bf716e578c704c3b
225,66557aa92abab5f0eaa6a7c03d17bff1,86756422e5a91331c0fc069fd3f8bc8a,ba37d4ba1abc5cddbff519bd4bd90b15
226,7ecb64a8c648f375961dda6a3ae97629,d9a122f3cfcf06a7768de8f5eb27a6d1,318ff075e5d3a785584049343b93843b
227,444ea9591c618ea3aa47ca894c85c339,ee17748d9c053471c135f5a397e26560,7ad0a9cb57524268ae0af29962e3b4b0
228,2b2d9708e830ea9fb021f1f7ad96f25b,9942438b5f067cd1dd4a7e8f37b02f4f,c00d72fef06d9d2d0343adc9b855cfc9
229,ee83e1603d89100f6546368fe275aaa5,76a8ff1f9493e07c2e6cd013e3ee0d49,79690b9bb5b5c21b9884b3264bcd6ce8
230,d22e7fcc26fb07ea31a8760f374ed4bc,48896f2b866e9694586b3377025c4927,b25f6e37fd35d5d8f7e2e7726ada2368
231,5b4e570fb99964bf3c44ab052c3d19e1,d84d260546dfd285df712402731d0cbe,ae8e97b303db472c11259508d07274d4
232,13b816b6539dfd7561e1884454a31405,55141dd28c366c05a4a4f0e39e2a37fc,89b62c165838d36fd294a57624db8e4f
233,2c66a2cdbbfc4bd3b96f1039ad3fa630,f655e438215464825b8d2805905323e0,f0f8340b213f8993ea8a841796718d03
234,cbb06f8997eccd33dc7fc6562f2e06fb,1a0f9b33bff0a3649d79b7bf01203e04,84f46d9a31d18691abb69c8dbcec200f
235,8a76998072bccebf4c6f78ff7cc7b94e,a56ae1d3606285c478b66fd417093c25,b3585cffcf0fec3efdc8934b4f44e681
236,cc43f8965a64a1f22b3162b91e7a1bcf,9134dd5f06ffc27faa20cff04ca04ce3,e684a82fed6db3ca16d7ee4049fc65c8
237,4edeef3fc8d40f2f34d4a82cb13dc28d,77e19d39a45757f4de12589e87d83312,441b527337da4319cf700b6e7da9fa0c
238,7584a04126c380a776b9a27c23ca2a1d,07aa24f15ce062d65979b6a8bc7eb3f0,91c2e90cf320a9e3cbaeee14fd3b44e3
239,373c3e3962c89a016c118cd3b4dac926,3498ec4b282659968e291e8840c943dc,6dd5fc9704c89ebdc01692c44c30da14
240,749bbeaeb604f1b95ef49b17f9ffa417,54c61151ae2462ead0ca58a062c48139,6b1293bfb8877f750a8cf054e4e0a29e
241,9fa1b4e617cbc88646794a6204e2d897,0dccbb58add854759951038d5ee736ab,86ceb5f49a8c7f81b12ee87934f0a25d
242,b263e89dbfd95e61cc803eabc460d4f6,4fae900c0644c8418c2028629afbd4e5,46fe664241802d718dbc4054a53e016c
243,0ac7f7d40895378ae07006510aaca8de,e2168717e1a63f3fe37bf55749216247,f1777b0a69cd93142a84756dd8f37c5c
244,7abe38c9601e7503d0169984f8ebf948,58d694da01f1b0a9c828857ada4ce80c,97110ca07f2d550b6c2c7578e30e0925
245,9154ff6a2f46f6ff98c6b62f90b63081,194066dc552ca10537a8aa68fbf1f65b,c5aa2c9c8960c835f7e7daa2b86ec0e2
246,2f1ffd9eba705b8795e52d48bd31fc04,da9c302c67df4c32f2f05be779393b7c,6bdf65f6a0afc05e0f9eb9b9bb2a7efd
247,c5e101b81e1f457cb9e4c568df7f9b9d,7ebe7851c6869af01dcf7c4a23524bd3,3e508c22af058baeb48beebd9b03be01
248,25ab0410a69c9d163d0371bd82b2291a,2694eb0781b846eb79f88ca295a821d5,1955abe61aaf0edc0a62aed6d25f00e5
249,46bdfe8b48f921b057335e201445e4be,5647968e4639e4dced2cf6448af91eb7,cca53cbca33dc4a5548e85a1067c1943
250,a068d48cb0127a48b4b8c8574b39a2e3,72aa3eb389001c2e3ceeb58e7b48dfe9,5c320b977726d35f7b2237258bb90595
251,0b102a47110d5fea1501400cd974f8d2,5b8542dc1477f67d3d1c5984b83c14b7,d451685dcc46d4f00faaba2d22a2ff7e
252,5252182ded15f6179aba4b367c0215dc,6d3025108930198b261b02557ad64783,2ad16b523a703a18fa164a4d7d12d852
253,b53c1a43644615b8e537cd4ea34d12e4,04f28a8f394396872b7a9ede5041a80c,b529ecb39eebc7e677343bf0729195fa
254,0fee48bfc0a56f57a07134f30f54ca49,c6bbb7a947f012f3130988fff20c7561,ea77b6c6a266751e19cb3d858d096136
255,fc8679d6d29a34f76d3c2c7f128b9f54,6f8a4164d3e4d3d168d51cc090ee7723,eced1d0653f7c472814889665013f114
256,ba425e2a625a06fc0bf3964100264a14,ca860e2af22d154686490a8bd4bbe635,4a70265e5acaf4da5a9806d0644fabe6
257,40b77e31c4eb3d38482d0670f27fd17c,43dd1d762afad36444938fa931630a93,db0e00329b9050f7f855d64a882265d3
258,11a715facad7b619e3213ce126be1c77,c9041cae8251897681f77dce051e8660,a8989e31dbf651ce7abfb4dfe87827ea
259,0c9932a7962d6d5a4765b2c9850e9c56,418e1cef9d164228667371028ca7071c,3a84282b7ee9d38fb202f4ffd2144c91
260,5842e1854d2e47373e8ede504d525071,ac0d8bc88d9ec900be978a70b90e425b,40d11d4b3f2f7086bc1622e6b5bd929a
261,2714e18fc6a1e7b6385901f04c2760f2,81e6e8f65b2cf6495c7a009adeb64569,0c77c44639718bde0513e97205b413a0
262,d3b34f76b7192172d6ace4f167cb3924,f8856ffab037e42c380c5bd22013c6b4,4b28ff0e84c4466e745db60b493b41fa
263,0532c61a5b3b8223b42bc62b6fac4a48,bd3d353c7d62399239bbf5ecd28f729b,0aa144fb4a6597dd19b3e0de25151e11
264,cabfce354dfee1e33454eac72a312677,b44f0f61b3e77a2230c0774a20f8a9df,7cbeecc6a98ff2a1f4acd69161732d52
265,abc48b50676206aa226b488ab6c4e436,03a9c795eb81e64e11d95584e3eb76c8,e4e48b9bb72df7391a12304ccddffc4e
266,fa24cdade1cf331f7070ebb32bd2a55c,cb0a506d82d41888c1e0b1d54649a53c,d9136644c4f688b42dbda45c51236a9a
267,678662d4740c7fff8751b9c57bbf25a0,0e8b496c4be0464a4808bbbe846334a9,678cd7da1af4a3ce24689c389fb82fd5
268,2da314766cfe9d62f7bd6a60cfd856bb,0cab431ccdc996b408623172f47fabfc,484c5b152bebfeb14de40f5d816237e4
269,0ab859bbba82de5373f3f2fa8e806e2d,08fb451c085cb309fdd5c2650070185f,2b4d629c0b0a02ddfb05cc41c0c8dc65
270,4fce030094773bdf132fd81c5febce40,276fe75dba8074234beaf8bb9782085a,7efede6ad0155034347d7f2b9e50f2c7
271,a5dbc558ca9c9612b608645238c15129,4cf118a3431367ed792a1a9444a948d9,342873df1a459c1480c270e4185d2748
272,8690e050e07c2c2aa86f442125b3424f,8d0e1de534ee6589cbcc1af1ded62f7d,960987121f9776e4327fdd09d308c01a
273,2b5c8f68994cec1f26e894850ab51704,de124c437af0c7faa34f70eb9f6e6f24,903461ee1301ed17ac229b3fb607ece7
274,565090f53fe8c3233d83bbf50f1cbbe2,17e2a87ca593cc8ace8ac21fbdfc6b33,1a4ca4766f17d9244e867783c042fb53
275,228e60ce9785add71bcd377e0c6fafa9,c8fa005ff34f3a8d77605437618f1878,75dc1015740869115a4caed7e345b591
276,aa47209a146185e3bea1fa18b904304a,04cdf445e919fef2d71bc209f4ec77cb,09b1c877be0329742ae7e56e9f1d09db
277,066f41ab89acaec2ceb40a01b66cd48b,7286c3fa558dab2063a99ca8f3b5b36c,75d6fbb7553743b1b4231df1f327de28
278,eb2b8d9eb0affaabbe770fcb5933dcaf,bb22714f2bff1aa310d8924efd28984f,d52aeb8671398a50464cabf9927fd86d
279,8982520da76f908b20b9f66c07ccc1e5,ab17f187d0cf1522c838108906131162,2ca7ad8da2140efde3184d5fb4d3d5d2
280,bbc3af10b2b28e237b786efa802e226f,c3c632f5b9ce3460a6fc15544d6f5582,d2bc6a6beb7e4d86acecde314f99ce4c
281,27fd3bb44c76fb86e26ca77b4e92f7a0,6de3367240f4beac25bd7f31e72154a6,8ed8da75b8a46d9e025378993e4dc41e
282,b464d85e4e09357df39fe623cb28fd5d,d6fbeba66fdfeaf442343cfd6f844a77,f10e5b4cb9d926d40b830d9ffdbdecbe
283,bc9c6686eeb1ee886d3b461b2f584760,0d78804d555b81c004df3b681b939ff6,44fb31e98723b6a45e5dd357d24c5587
284,44bd92639cb37e2cc41d253bc4671241,476fcbf1978d1bca7e818ff1ff763ef0,087235917714cd15b20951ad00a39cf7
285,f5a195a6fa01dc7a6d316948577d16b4,715ab49e9cccf79ffa3987714d818f79,adef73f1a19ad047a97ba507c3312798
286,6b84c34486bb12dd87599bf6bb5d7bb1,b0c0c27f31e61e4baac76e71dd29287e,020d0243094c8561544f683b4c64859d
287,3630a84f6cdb1d51ff3d89346a87618d,e215390dcbae6c6daacec8cff63370be,13ce15fcef18b33d4fe66796504c2be8
288,b0dbeb3aff56ca3b5e279b11d01b7064,d1a7929f14a24aad1e0f2178ae2ab08e,7a24335ccadf8e33ed1a62cafd70f6f2
289,aadec2bca06918c49a1ab743aaf09449,7661a735826854e0f106a93768439452,497e1c9755641be4757136f16b8a8fad
290,6ad47e443a0aa5454dd965a108d38c32,12093daa08f6c758c689b8ba4dec2a93,fe72a97218b149841909d70cd346875a
291,01a5e35b1ae21f3cfbe100b4b6aef451,376a68a1f7236d0fc5586d3d96442295,2230a7655194054d5b1d2b52998d1585
292,89b546943efa4c35011b93b560303933,6cc0dd4d822245ba07dba7fda2b3e57c,8d9e28e97edc6598da7df0b5b7c098d6
293,8b012a7302f32e3f7d03c59473992462,7223b93b01ae684e7f0ee028c8a6ceac,8ccc9a1d1dd3379192c829ac6ab62550
294,c4aa6b337bd9348d6e5eb7e35418e491,fe7dac11b3c6b6f26332b086b5c0e12d,98d5e89fe5183a7ff7712556cdd2d633
295,bacad594d4d9ad882eda3a6738326d52,ac34101f332f6259e55a82c11d8bc304,94e805801918bb97b698e5190edab934
296,90eafbed9a8929f535b122c7b164fcf9,9cc90be7db3d19f91f43a903142d5bfb,659d4fca38eed915a13188a1f2b03ee4
297,2900c4adc2de0d0e57f2da522a337410,e49bc96b36f660bf3aa433ef119066eb,3d667d7f5829b3d76b3b0cc52bd71719
298,97aaa73a09ce1e283b9291c002200806,fd34d5fda33d3e8281837a2a4511f7fd,e2252a41bd6f1a9e7045e9f10dde5a20
299,cf82146a7d5cfc712501c6471ccb882e,4f8be0598beadee2e58f0531798384c8,ccd8233766596e1c14e70f77740b87b5
300,a59b754e6ae29ba224e7422995ebb5fe,14ea2c01b8204092d14b2b182128b9b4,cd894e213f1522b7dfc41d457dc4899b
301,345f3e86a3dcc26dce73ceeacc5a4a0a,18e8d0f069454b4492f5502f15883589,0a107c91216d62b2543122a46eb26541
302,21ae1b71e4e2007a2893cbcd00c28631,3479b69cf34e5241ddabe268dc304c56,71d1f80515b8060538cca8ef303fe853
303,972205a215810bf6fe377303bfbe80de,d09952091a04db9325e1b1ab3b87e69e,ec767d98586c61e1feabe3293690fe93
304,ad44ed31dfb798af63c0d7a8df2fe1c9,4f39a9611ee346e4b00b151cda92bbeb,087fd9ebfe6fa82728be6c7eabe1d4e4
305,4c4c624b8db2f481703c4ee6dea58bc2,31629bdb4c8854f418155db6ec7bf588,79b91beee42bcf1aa1e5cc91da08f683
306,93c3ab8d7caab409b1d9a6e97b789703,5eeb5f06877a051a7a7f99ff151919c3,b0dc9662008d3c1d40f3b30d82a6ffe0
307,09e7ee8f114d5c39a71113bf04e9d6a8,95be303672540e2eb1b63749af33c1c5,e578ab3feca3b43bb261cda8bc2e28a2
308,462c6bf7bbd0d05bb2d8b950a72bc891,0789100b2b992fa6f2f281a65fa06db1,6928865353a420988c1206560b232c38
309,61b70ccd7da821f89bae917b204242a5,980231066d0cb7d43fc3993e6fb2f619,1ee1681eddf2ebd32e9207c583db4d09
310,467e6dae0cb2eb1af21e9cc3c602fde7,86e9f3d79f01fef41988dd51ca75adbb,842fc7d05049fbba28cd4a0292ef2bd9
311,b9791f986bcc4f84ca2da793e933c5ac,1c6073151697059354f3b8b03d9c4c8e,39eb89fcccf2ffc38f65fc9874435d40
312,3b270128881636a1af2e73865943fb1f,db49e2f1ea7eed440df4003c40bd80e3,fc8bbe93363ee983d99c949f41ea180f
313,c93a48dcf16ce84fd7276472ce356229,ad6cd27268b3a281cf1da1b9cc750dfa,a3c8cdf5016f2022459c70e0259888f6
314,76b3c174b4d6c34bf2ce7322d0a5de37,80e2221ab978a5978d1039977b335ca9,8cca652bef7a75a8a035bedb78b58832
315,7ac8dad154070e9759a7165d721045f9,775777a9999dc86820444d6c67c5c78f,a7f00efad38057d7c04273206366b682
316,65a653ff2eae408f815ffce6898173ca,51575a95f3abba1c044c63402ed9d219,fbec7a11045c409213445c592bdadfae
317,4d16a16f6528437aac495b6428d9bf61,c517993657aadfd868d6760a5136df94,5dc2eb47ce16235ddb6da0b2bd1f449d
318,458b3e1c2f1f56179d89fec4d56bd8d6,e2ecc681ff1778f6fa897e95221deab8,309a240cec8d3f98a615f8cfba3f7624
319,87099c2824149296269d9a9598f68af6,4f6efdeddfa91dd6b14fd63b1949f0b9,b2d4e1936bbd844314468799f1f35443
320,d5a8225a2a912684b38167cc6da67bdd,f10f258b5e1a56f0449b1d344f9dc8be,97a83309575b765469e6a09250d92170
321,9d1409234a18d9419bfd8ee214c50ed8,142bb88e0db1abb959a792eb24b646be,53112d6426aa20a446eac73f72ef0458
322,0eacb18986da2b25c5d82bd9676536e0,4e3f861386c391790eea8f0de4ab5015,a099b54eb2b17f63033f310eba0a61fc
323,be2a8d3f8f64c5cddbef943b96cefb95,3ff66cdd5153f0dcf3edff969f38dd66,c76877d174f7020e6194d6b06aec770a
324,7e76962df73b38e2940440f4ee732725,9df245b977114ae9df07bc5aadaaf841,636e0e81d4b351bc50c8731f557bed29
325,0550b23f29085f41b10d165a46ad4371,914e46fc6ac2be2f83511951fb44b6a6,c03d33fab2892def02106da2f342fa23
326,2a0f517e43256b1e6580c389d95cc96b,83f3b246bdbd51ed830877c3991bf7ca,9c06df878518778e3680ef07d6589fdc
327,74a3e5ce5ddfb279a32bbcd378b5474b,da5e1279af2669d8b8abf40d450bd896,e53ec7956c1284b527ad242b70c37b37
328,704ca230d7cec3203271cf5fee986b9e,23d7454cc9f8a4a5e26b4ddec0382eb9,f4ee61458d542b826014e72cb224a0b6
329,8ef60407163c62c9fc4f2a3f6bf7691a,5056766fb2f97d614c706d4f5d97d68f,db5d63188911dc1a03c751fc49afa25a
330,6ca9348a09b4bceff7a738ae8b37f369,1eab1d74f5c90e353ce5f4440b502bc3,fabe5282ca5ee140225209da7de823df
331,5a7d90776e03f8441483198c25767fa6,a197f9bef5596491c736c23a58bbf414,1f86b6a526481bc5d2ca18d94f94f062
332,32ed7a2359cfebfb8db4eb360c784adf,c8a621362f5189faa7df3a4e475126dc,8835fd0dded2d34601a6fcf45e346b94
333,216f065ac7c14bff00b1b64208a7c5ad,1f8c98a43c6e755c2b3a785db72520e1,edeef50ef0dc1fbbd190a737db0d3937
334,9f2a22b244a146290d6b6671f909c04c,02a3870e56dbcb6afd73546af54a8457,6658938e029f1bdba9c0ef30a7ecd484
335,3da455f62efb63e1e64c998ce6b40333,5a6187e95ca3bdba7d35de992f98a1a8,fdd274c74c4e52e77e9b0b19e071d1a3
336,3f73471876577f909fcf6464ca0cd25a,6c96bbaf8306071cfec8d90f54ede8c2,cab4f26bbd85ca92545f40bff547ae9b
337,6680a6ff460fc841b3898bc55926a3dd,ef55278e83dc8ce2b214880eb444d59d,a20f24cf73a1dd0f448fd348ed32e53e
338,2a19481bc45224a047b2a79460592762,02c2141567e50ff7d04069f70e9c9c5e,9a2473678a45cc95067ef619d850bfa8
339,b0a045082cbd53a7746de08b976e3dcb,096e33f3e3733cf2d584ec362c4e26b7,8ad12c31792813c22bd2082d91642c91
340,a265cac37acf69f2cfeae8a184d0f510,7436cdbf9876ac812cdc3ea7557aadaa,d0462013eea62d105acad888be86d219
341,eaae490bfc1d9f10fd34caf902a6900d,7d86f5cdc00bc73a75b43d06ef14c106,0164d95013217d9e6b05cb957b66e6e9
342,0382081d894cac755a53ca7f241f014f,d12d9f200e1746eddbbe430243a46cb3,af53d055ff57061cd8553dfd8d0ee12e
343,f99a2a0674f03666c5b3448170f4e2e4,5e397c08480a57e65d45fdc3aa18399c,a21883271d639dd8a43500a847521e52
344,2ec367872ec7245522d6090ae792d6e0,7d581d0082d6ee0a32165b0f8fe216d8,9158baf42019752ef196d31796e7a768
345,c0097374d10cd4a1da1c4b1e6a86de64,2761824bce549fdab3b032fb57e120a8,fe060ad89a138fa24eed135c4b46954c
346,f1c6299a5b503d6e20d312d459805534,fc12d2a7d97431711f9e80af51c1760f,3df9fd5c97b9d9a7a92c284a5df2117e
347,d1071efa4e88c78030b7fb2b46217943,4ea43ff0fefba731d58e440e346aeec7,746cfe9ab71459d51eb0fbdb72348ae8
348,049031b0ea0dede1ca1e5ca470c1332d,88bde4c99e9dff4e732dd21be1bb939b,9d4c9c906da48df59aaa7e1cb02b6f3f
349,3c3aa44696a719df615ab982dd7c95e1,647946e65654e3e71e42eea5cc95d01a,977a4281401b63f74739845b3ec98023
350,e2c4295a4989ff477428a32a4460d342,871e9ccf18d457762de141db98a043e7,26b5257856e96a2a3d3d3e681ae13aa1
351,0416b90e91acd8f71831c1723df3feb5,5ad9615573f2a12025d6c4fe8754b548,4eb223e44d06eb8d9019a78c2e60969b
352,ce04c1a8d8577bb9620620c0a62edb15,30cedc1713c3941e5b45ac98586b8208,d649e2e797bbcf9678e13cdb008ace71
353,922a6f76e21a80e5163ab59395b3cd8a,1d2f6f79ee18460e6b18e3710c87e8a2,019f98ef49bcbff0b0bb513b7d66fcf5
354,87d8ed5a94679182d79403a19e89e9ef,c317108618dad132b7c52462a26d41ef,94a84606c04b44e34a2ceeaed0dcbc76
355,529ba9e8521115b9d2a606a2dd5ef7e9,1307e25950ec553c3d02121252e6a80f,4ccf0ed8147b12fd0214ef72b3f574b9
356,0cb39c742b3ee31e25527b3d31991f09,10a745e5c034e37f75ebc8756fc2d6eb,98ba51c7a4ca7316ff1bc776365ca14d
357,2072739e2ab35b10028fadda30660e42,d0e4a4827c5ce9d7cc92f05e25674b71,ccf93fec7c1fccc631606b07af2342b9
358,b6bd9248ed2b894808d5a922f8c32d9f,3bec458737cfadd414c267ce0200c941,2f66cb1103d6a05264fcc8e8841a6890
359,fb39e72460b6da6ea5e9c8efbee2c78c,385db50add69be4288db35c092fac80f,4ed29df24a54fba2e6ee2c14716c2e62
360,8b36508994d132ac03c5effd255b6eaf,35281ad4d124eaa1546bd64e7bbdca86,9cf389313859e869bbf864ae518e5e8d
361,551f26f08a3be19f2f2a3064ee9413ca,cecdc96ef01669b8823a27ff711d3026,78e1c4d579f35d13b3b38053622061ab
362,162cd4fc05480042f1429d3eaed599d8,f2f9951a02b721d342a210751714a74b,6e5c614c4436fdea159a085e5cc84f6f
363,93c360d81e7e85d723da037885008528,e5c048da7a875e04bc632e048223309f,a295321349862720b6541d443b46ee33
364,87564cf996f25607b3f4a3c2c3738f03,1a9fa82127c61ef9c0babf2de4173be8,9f08d625fda6cb202fdc3193a476b1b1
365,b400faab1b977e101b1af975fb5b90cb,aa022132278c16cedd60be3ed982119f,0fa7acc07477423731f916e0e694bc41
366,9af29ff084d57c2054d6ab6d4f7410c7,d1c55a74d360f72ccb9581e85a3ec08e,735ed10b9f870ff45482454f55b1d807
367,dd4a6b2c2370f47add9ec08e2f7e7458,3484d8c6a8bfbbdd516bb1e57a338953,034add55dd7134b7b5893d787eb5a32c
368,5e50d9143147326f0fd6736f59d4bb8c,7db49c48802f5608f38c993982b1dcec,db6bda8b9e54352f83df9308c7b200ad
369,b5bf177959a032299f8cde134ff99b4e,306c500894cef0f73406f227152ef357,d0022aa1cfea58d296af9aa1c4a7285b
370,782211a8e7b058a8b90697bbe9ef573a,4dbd4df023391ed642e6d59372c13d4b,853e2ccb308b7e1119a563ca6e12a7ef
371,5a258172c6d220c464e500a1fb880b20,1ebba2e4d644831ac586b7bda5eda313,c4d5155c07787c688cae24917bf96411
372,fca2d821dcae271ea5e5851df2f41538,c7c731beb8fb7d0e62d01b297b4daa78,b30b0cebda476de77bec3bff2374cf68
373,ab9ee2948807a6ad7b71df6372c4d320,f4e3f983033f63b73c0c27dc3b495aab,bbe3ebb10d3477aa01bb01a6c91a8622
374,caa1847f0e0917d784836c1ef7799d53,6b53efd54fcafb28657d482fc492fd61,fa8bd8ed36122387823f6b268e6ecb83
375,3bbd7993ca87b79a7fee47b563e97710,5ed6b9a9612f58fb7a5ed2c9b9b32fe4,0cca0b4c31ebd9672ea216b2c6603408
376,c794f26c98b4d7c37133809c2d3f8aa1,9d92d97c1e3f9c379cc65dcd59989f13,96e6ff0b83b4aa096f0042d3a8abd4c5
377,ae142e3c31b3a30b29fbb5b0d7408c11,d24132a1799988d8e8580e46d2123897,547f7a62cea4bd7b702c5175b6ce5327
378,433a1eea85c4450c1814a8ad781ff244,8f5224f9f16da9ca8e92a05013132b4c,93a53e5582574f10426754a9ee48619d
379,d4f15bf1d630b5c3eaf6c4928ea99715,62f29d7816c09c527192a40eb137cc25,611dad205c637ac04eb23386dc32601c
380,4a2ca53f240932e46eaf8959cb3f490a,b17e49275305849c5820c0e2976c245a,0592a76b2a23cf43ceeb8888f36bed9c
381,0e2203e117e27e9728407f102404ac59,3109bea8f9be6a92c492ccf55c2ec5a1,082fd0a9f827b00494feb039b53b5500
382,0a336d5bc71e1f83d453297413f11e9b,5121187bc98e8e74d926c47644cdcf7b,c4cde1827d4895957ca8507e37a3cf76
383,fa076b1f64d37f778abe57e454a83b75,0eba277034f9fee35b08e4aa8a2cd1ef,dd6e5d9f8560b0fa53b25d0ac43a7f62
384,91dd982fbff7aa72802fbd7391cd2eff,a87dead1b6909eb28749a88d7610c5ff,d9a927bfb26b22cde6b52515c9adda7b
385,374d5401159d9bf39ce20b395d82c0b4,ef370f7b011f0c0303a7ae14fe0c0770,173b49fe81aff971168dc5d7ef4124d8
386,99a853d64658ebefa3f3ad008d4d9fcb,b470c2276d978f63d5b1c8a5a9446212,0ad2995378cdc31f88da16d158c77d6e
387,26c37ce739ad72a09f22bfa4ded46db7,2b279c048e084401a4f953ebd66d3c84,6f0935638b47295c4e35008366c8768b
388,21707f5853f0d1d7f0cdd6cf4c49a704,8b422bcb2206d18ab2ba35e6e5e3c878,b0de7c7d835587ccfe43edd3eb647817
389,9e1830d84aba70d6f4dc2c67c3063370,a2c484cd17f6001e7a0dae4f2f57039b,2f4b34b8dbe73484255823c89c9c44aa
390,1ca999adbbc948e69783686e5b5414e4,0b1c63971f6e7515273c95650a2e9063,e2f04baa0bee5232b73ca726d29a870b
391,cbff820f299b577e2af5ed136b6ef6eb,3602a55ad5d1bc6c6cd903538b5b5abe,f756a136d382cfc37704069809199f5d
392,cde5025e8daabf4a99d549a6d76442f3,11f1519eb38ea10e74539a5d96cc8567,f709898cdc46cedb62cef65b87039218
393,30270f86298368679023222c1722412e,11a621fdaec9f33cf09edaf06d0edb1f,ad76e07722e49a0a0a57446de01c5e91
394,b3f95c218c30f8837966918de5568f00,ecbfe1443366caf1e5c4e0d9985d5c85,003046e27c8ead3e3db155780dc5498e
395,a8e5f38315214944e502edfdc986ea2f,ed98920bae111557e6f300d88583e89f,001d865e65ef5d2579c190a0e0350d8f
396,b38e72d2908a5d20eff762250c94834d,f44bfa3eb762cd9204ccd5a2c2e6111e,5d7632f1794e2cebb36e21c51c9f4402
397,2d346d8348eaadb0b8951b85f1024ec2,295e1526a3281254a94586b9980a3056,17537cf7df9f40a7ffb523b4d2a2bb8e
398,4f8f6e4d549092291a273343351be5ba,3c01808e1ea1eba5f6cdd015c4738426,231ff3d1398ec6a584cddb1661dd20a4
399,b368187a74f04f31a73030862c85e1b6,23015584da279e40f3aee6ee2cf25d65,8c6971bef31fe34c629d35910abce194
400,c1fdc376869d4832520659ead6e02eed,c57d9d2eff7cf42640303467884d8c24,9e25a72634b60efd066f96c715437686
401,5f5e76f78d267118638007de70dcc9bb,370d84e1455d9c56f0163c64c35b3189,1517ef21c1a72cf5ba4e1eeb6176dccc
402,66197db203b87630238f7199434cccba,0c7d6e0e07621b5582117e9977327b4c,2d04835e3b30fd9dcf1fe23dfc9812d9
403,afba29a2f7c57d2f2f1f0806f14001ba,4517c109e23cf3b572373db82b519303,a5fceab3ef69e4dd200e317738fe7b29
404,3eb78cf9f0a6b4e56e8299d79ab0c1bf,cc7108d87539f2f33927e77866055774,35c8527cc2fb55f7d9d96d63bc9bd165
405,ba07ed13e035af4f49a9d6830685024c,a0e96b69eb47e1d045721b5181596708,874023604daab651e40939b852e94291
406,11d510d280156e0f3d3b14d22f6fd577,702c576df7dfbf43e3c17cd29f804ef9,8b45517c6411802b7f978e32cf741a33
407,8cbc1d87857d1bc3eac98e09b7e10a3d,50b1cb7eae4f7c83e466f927bdc5574e,0d3159cd1b2495cc82637ececf63ed41
408,5d28dc81420bc0e2ee5d3ac90d5153ef,d9ad3f3ed67f14c9c9b35a5c4e85400b,d40af49780ea57bf40bd6248938a832e
409,5904fa2121ec88a1db8251d6d986f38a,80fb0f7ade621da69c54fad193c70212,1225755051562b0885a33b3f0fb25e43
410,2a2811b6c2f277fcdef16f4582a41421,d935f3eec2aded067a657c5cf3808d8e,299cda5b6769ede928f02624c46f1bf0
411,888a60018916e6e3a5f6042e285ea011,a288e70d5f393dd6d804ad5e024cb5d3,131f9de0c2ab07b31a7fd18a7f068f9c
412,fd8928cd1f06f33ff00e32f19c58abd3,ae026ae626a0a236801d36f52b7ab8e4,0587586b10cc3417c3c3607102b3f720
413,9b6513bd810e25a7b7f3bd91b4d16803,26cdc0af323b18d54925546b032e442c,c318254a6de21ceee63f97a015e90d3d
414,5a0c582812967666f68055b84aa6a69b,7ec4b5a5d165debf9e06aba787d1ab7a,8017c7b5f7d8928a7465e6d41417c21a
415,be4ed7eb6be88b0c859a7dbdea0c90fc,2ef31e571dd843c12f74ac96c3793d9f,a6a9abc4a198371ee181b4f24c4d65ef
416,436fe677570dbf833a4298a1f0346edf,b9d20ddf4a37b9853aa63f0208a7d1e2,dd00566789255a6348a44c58e0140e6c
417,03db76b0a1387cfb4206fd11f42051d7,269fa3df1382e01014f96edf7ef9b731,a7d5887200c7cea7046aa1adad829a1b
418,c150192218dd80a7d96c9a60759853d6,240b648441500e0797a6883cf8b81a8d,72b1b91e6f808255aaa8ea7af6d84a7c
419,0ab626bb7e1eb8c7b1eb6ac3fb129349,04201ee15d33abe4b032317792cf1040,a10ba9a0d61fd41d9ca9aae25788504c
420,231d7fa0fe822b31b77a705d6556efdc,004f6b3a66189b4e88b6a01ba19d7d31,ccc369b1011a0bf8ab0d11b2ac495bc8
421,01699a34381500901408ba3258f5c61a,347a582c6b8c3415b576cc8a53c83599,fd0bdbe623efae0f98131ce9be58ae47
422,feb2f7f43ac6cf1e333d15be177ddec7,6bfa122b5832ffd442a8123153f5d252,eef8676c5d348ab7f406a81c74c988b5
423,29baf6f84e1414443d5fcd1ddb1af08b,3b67a134303b04e051676227c1f8c8bd,691ff411542b91ee34c47726a5665c47
424,58381ead397bcae5aaf3572455872b3e,d8eb0751091d550023cb2c0802ad45b3,e8b55cf005b13b68d988de5b8ea3da95
425,b7f4472c49758c448fc8642fc27045aa,cde2247ec66faa1d9ed7cb325d14bcd4,bc117bdb69ef663346ffe9e93d995657
426,eaa98a57d64de34ccb77c1af98e1d39a,e46178b5e2098fb3dafa4040c620ece4,0880e72eb2ad3fd25067a4500a8f0016
427,9fa46cfece4259875670f7e788b3326d,6cf2ce789a2ce4d7cab31131423f597f,5483378d5b753f44d72b0c415b378529
428,1364c10e1e7f1ad0457f649a44d74888,d3c65dc1847ee1328eb320d47e1d7b00,3cb4631d3f2db61bfa503633d37dc45a
429,1e1862f8927813cacf7391cc55848ba4,ef90c7ae4c721fac2c3052f8e7769627,aac37f782ffceb519f664b2737b58a4d
430,b3700db879579fef7adf134941382daf,9aaa737a20544b0e1a40fba9b57d43ca,58d791d4597f6ad6c0f041d9e474f195
431,e726a8eac36c3d91c3c4f9edba8ba713,cc66d0b4ad6375c6bed929d10c98a716,8e8607e7d0a40548501bbb0c8f4ca697
432,98ec8d1647323eabbf356e9a87065edf,ad990202d6e12f56b9f354b707eab35b,4a9cfd2cec83d162bbcec685721f7b5c
433,1b1d9451010fce1234639d728e25f3ec,8569feb3de9ecef290b05d1f0b94088b,66afef566add0c44fbc3a00392b5a39a
434,05f15be5254b9dc5c8ad24400448d00a,da09fe1419dcf0c2e16c0b2a43979c43,17b83466a22a8a96ccf3a7cccd83068f
435,48e5314d7fd81ddf4224da446851ccbe,9764904c92cb4febaa3c7a4182bd4902,15ea2d5d326ff73f1f5b25bf7721232a
436,b2de71e7e1619aa395f55e9859849f2f,f5ace7c6d94d706773eb63f58cc87fd0,919408ee796bb1d71ca9fc5ee0019400
437,1dc674257107ac67c2368ed033a9f804,7a95a6fb15692d43bdee94ae40b7437a,15d988a363c6d81572a8ed9ccc3f46f6
438,0bc3b1ea9b5e5af3355cfbd9eb7561a1,146fdf9cb391b6199413967a26ee3305,b9df338c2d3db201e2bd938ddbd1c913
439,20a13fefec6f1487c80bb0c89c1505a1,7175b804948e04ef6e96a06dd0d8b906,0ee8e3eb6bc2e209cad1064cdef0f422
440,bf3467b7d71484452bc834d55ecc88c0,474f496f367f6208122c95f70015cbcf,c7895d9d29c159cc4d57f07cf7d755b2
441,7be44aadbb607a7b01a4ffeb792fd36e,4be68ecd2fdbbf7a19ccb574950badd7,85a343720f726304ad86cd2eb00ef4dd
442,b19b678ac181c02332d1ba7acb6ba436,d4c6270294e180ad526ae4315a0c4249,c9be1a7720c4ea39b3846d865a9b45a8
443,192863a82b5a954ba0fa56b910574e1a,c00da4f9d10e27d80164b132d0959666,34fa5161127ad3c7535fea02bb42e29b
444,749daa61a4a9b3adc9be11e75a38b9e0,abefa7fbef36b2bcc0c67eebb672e820,effe920ec2c4a10fe08d237a806d04d5
445,f7f92dfc7598f985d1a7bc34fa9cadb7,98052e108edf90a5e0d327745ca0a2a0,55bc19f33c8e76d179d4fff167424383
446,8c4f32285302c83919d972072b52cb0e,0a93d9a674e358ba32e4e2ec320aefc5,73c7d86b827a74891d0a2dbe904006a1
447,38abe3550726a4a1f947fd0732ded83d,5cc252420b9a548a9a8849d3b6dd1fe4,695603da155d297ae307ae2d52abfba4
448,ea257fa5a05b773eb44f42d2804578c3,a33ecad0b2f6e55034a170872ae7abed,1bf018aea8d9b1546d3d3461b37d215e
449,dd549fc1dbc7db15b94d1a0cfd7de309,bd66532ff52dbf34da3607b05a1d8658,28cf4db2f0e24ad607e0267e83980799
450,ff20d2d7c321ffb900fdf00de6d2eefd,7fe16ebcbd851c933409e076d98c8072,90a1a09e8b9543d69f9a90982ef5a789
451,d696555466a833e38bfa678c25cb8cde,86983b5439f4a111cf6173c634302531,4cdab67d4d6ca3e7e7fe50e250e2caab
452,a4fe6a765a5d525015f97f2f967caa67,bb96341b3835968d02a0d02ff4def303,93c61a53aab1f24ced17419d1992bdf6
453,431f5c9fb72ec0ec067c942a0ae01812,f4cc3f49c4bd4fdc3422ed1b8c5c7676,6e694031c3e263b2f9da1aa122897266
454,351a7cf22baaa7916631910a15f148bc,f084f6eabe7932229687dfa7cbb3dbed,15447547cf8a987a2281f9283358eac3
455,4bb86006d6608773f3e1de6f204a8ee4,69e2eab0eae3bb4ca3650e3854534f32,c0188fa2de90713aab10d7190117ec30
456,ae0fead0becdfd46f9182a8cc9321b2c,834654070eb44fb589d68557f0f48587,b4f3528c1ab8e7ae2faac094cdbe06c3
457,8dec7220900f4ae24015b2fabf50a48a,4cc466d486f1c68f746711866425db74,dca769d431e4b8b64a5c72d6a8663738
458,73c83151a4b6e0bbea3ce58f1f924308,644c556ebc3fc0c4345e328f8523308c,fb2f9184b3ae3a323a44f83706ffce7d
459,ad51713ffd48bc5a84174b667be3232c,9f417ac219c2a547808dd1c143f66e27,9793c3c2317f38143d21a5187bb35652
460,43276423852d930b27c86103e63d8288,de9c84e2aa6dbde04560906d37eab791,ef7dabd0c4060d46ea36db75136bb57e
461,8eb6325c279ad391cf4a54492db4c41a,bae54bf652188fba59938ca5822b096d,9b830287af42617f01b6c0c1c6730766
462,ebb6d5ca45942536f78beb451ee43cc4,11cd4062d15d22baae8edc898f374563,b10a80d1424221e390b99e5c7a9e6bf0
463,a5ad3fbf8ce0853c6683f5be5f1a4a20,b270f117baefdd746d465fc108dec021,8fc10ce3188de7e919b9f08fe5e6993c
464,57725223a6509d9038d62a49cca3588b,8f264374ed3fa427615c1650218e7f21,2c654377bd25b4e7ba71f32ddac3045e
465,fd08b2bce422f40a465664f9a5f9afdd,4b746fda943de9f7e620be0933bc9d27,3ed23a08a9d7631f2bb25c3dd0cf327c
466,e2726cffee3499287c6f87b561dd228d,4ef93f78a475b96a782e869248ab2505,d54603c7b6fda2615c5576d137c750c4
467,9cacb539b16561b6987029301b5f4bff,9928acf6905a4a2542f6bb7c4748c89d,cd452ef8c793e13a8caae24e65701f3a
468,38c58a8f4dfa6e560ed4f28bf404ad64,cb1b1213d0db6f21fa337069570f296c,b9f40a94c801f5b9b958da3e4e270975
469,90bded96836ea370356065826e6e5824,e162a1681d6e6ab5bf85a7eb71ef7f95,435661930d09e42e5217033238c404c0
470,b405faaaaf67c571d5d64206eb162878,e6827b24810e6447a2c88eb4661390b4,9daae3ddf1e47ccd9d2013917e47f497
471,82f560e8944948e59ac8cfc656938778,d111dfd7a4f8fda7af0ea489a9dea0fd,2f0131a5e37bdf341c47dfc724eb0eb2
472,7a97453ba9d4e3722d28f11cda34e079,139cb12bffe84ce402f7eeef365bb842,bda25c48ac8086cccbf2397e13166046
473,b13078f2ae0a4dd072a3509ab1b1a0f0,f480b897adfe65f572f79d9f8d45ac9e,bd0a51f19fcf0a8c6da8c0c74a689a10
474,1987d293a6345a3fdfd2accf524bc2d1,2a3883e1ff960fefc4b94fe5b1b0391e,bf35558d394ebcc49d64fc17503583bd
475,3659fd7b7207e8a9c2595c04aef3587e,ba7eaa33d6aca6ec1ce59e741e922664,749cd48d71d41aef0b04653f898caa7b
476,ffcbb41626c9267c5c20c4804bd5639a,1216d1b344dd61ff86779875b5a98cf3,03e321735fcdc09782e006f9fca23075
477,c5a4e4c6224fc6ac14e3e777a04258c1,93cb817e07cba6f15d4dffcf8344316a,b768b6c84849f2ba435eae0f5be52c76
478,de90a267b2e51d4222e905ee6a83ea48,f653a47f9ec6465f92f08db9385e89ac,3c978c3d50eeb3eb1dc90ec153ea3637
479,e106da62f9761a87497b703d105f1f21,54cec2f3453d7b16499791f8bf5c882d,a162da97dba7c4e154e8d51bd5a4db0c
480,69da9f886fc4413167b8b144da775269,1308c87f8993821604adb52903701e8b,1fbc262d3ebf45b12fda7cd8b6125b0b
481,0f09d54c1c7484c7892e834be3153964,95df6544155901a142acce3866e316c2,50c1a18ccd556a1cc34f3b21e34fe03d
482,8035c40dd9e78b21e6fdf6461613fb48,fdb537d9a1961539dbea34f86d115a06,b8f511d4afc6bed859861487f76a14d0
483,2516fcb7500ad40ce411cdca7a7d9873,dabb6235f05a0ba4532be24e0d8ed224,d68a58ba39e3d072bf9e5a1486465bb5
484,106bc932dfebc6ffb887fe799f01caab,19d156b7230b9379ce387261876116c5,8eb0f13107ef73e6a6b0e6485cbdc99e
485,09271f0045c19ac6179771054455b2ce,cf9442b28b0296a240c1766e910ab08f,ffdc59cd580a1468eac0e6a32dd1ff2d
486,c2296406fa9de6a029e798d89a1c8734,7917868832afbdb15a7106ebc5c85950,ccb5f65e5ba0f01182793b589905b123
487,3e8bd1b2ba7150e058216de2fe2bb3fc,1ff3c2c6abd78e3c115939d98644f15e,7989dc8593e576e3c44df1054d5d4686
488,3a7cab9e25fff3d4eb7626258dedbff8,5846acd1f690271cfb0264154dcccdd9,34bbbf1788a8c12eefb14f8b8ef71e79
489,d2c9f2abe87b5415c2eb611e9f84ef82,2afc7c9cd96699ecb7d88a8a6f387628,d7f7dfd23c0224a2a66728dc37274832
490,012f41e5276e881af134c1ae218455cf,bb2635a6c0d41f1ec1e60ba92747205b,c65fcde885b4f231d03cefb0fc75f4fa
491,7ea5dd01892d17a7c49acba9f627b271,be2a4f591ca984c0f621d49a0d4b281f,402fa51bb615b1a88200c65ce22c76fe
492,99b5e6120fe11690a3f36994f2dba580,e648fe92843ff84ad7d59cf5cd28808d,06fe0864a99a2e0cd32cb141b7808912
493,9809fc0befb899cfc165fb56479d0362,343071a8c11157ff068bfcdbc0f76ca9,36b7bc1afe9dab20f17f4853e362bc68
494,80a9fb86cc68aade057a0e680f3e5c0a,b4ea5ca894812aa2b51b8b17efe9da3f,b4e08e6d553dc328d3cb6da3f33b9455
495,ee61886bdebe2748009da564edb587cc,145c74333d681b537b51a1f2c553c24e,1c96795fe1c10e5bdd3911731edfc623
496,ba024a373ad51127f076f2e9d946dbce,2fd30e8bcadfd927b8280fb9d7fdb610,68f4d04f60368beedcf85796393f45c9
497,3f3ea480b6f8748d6e826f1c1d6474e3,7ae3ce7d22d6f62fdd339ea657ea3c70,1b117dcc119ec9a258eccc88bd419b0f
498,abf943d2bd73e975a5e8a762df7b2e13,17186646a2ce2b1697b6d3cc8d32344b,2d28055eea0125a66fef5d885d0786f6
499,37d9f6a32531f28ed2cb207912e00646,b019b05800ed1a625e6bccb4a12dc6a6,a00490d2957a82f8ee606fa0391666bc
500,23ec87e1f63c8280c65b233420d08065,a2da57c1097f25266b22084b9b2362a4,349b1b6fa6ffc5625b8eedabf03d5948
501,fd6fe1a3985b17d067f2cb4d5bc1e6e1,03ca7f8d8c993d3959daf10ef57f4489,77be3c7dd3fd2f401366fc8e565a88b4
502,0176ea71c553c3988d886d319b9864ca,e62a7175ca466fb365631d124972c0a8,db72f176da2067093266eea7b743a949
503,81c391aa0e95da9f8cb3419bce40236c,068067cb3873af5f4dcc3e5859b57991,eb78715d70073992ae1b97d02a0d106a
504,b6f6624565452fa6d2ca4edb00db4204,aa288e0ae818acf0dcd09b923c9a1abc,8dbbf6f6aebb8aea3339f70dbfd7cf07
505,baa52ab819b61626c7ca027dfca5bf31,7756a308dbba65d82a3cf91700b02f09,9a3ad5844e796a97e725de8fa7518144
506,be8e1ec9875b03c8dca50cc53c594408,cab3d02d82d55997dfabc99e84516de7,5ef0bfdc969fb9d7bbadab5f9c10a3da
507,301d13eb98beab38bf58e20fe04bc68e,7e0c79400b0505ee8cabc69bf38029b9,efffcaf09935e68555f74277c387220a
508,d3eb5180ac60d44370855f0c9c54f2b9,c330ef6d8c6943ff7c41a493b215d04e,a43c01d2b679f67377e6909bd94128a5
509,2c875f4a66fa395e8781dd797a6ea8db,c5c891b6bea4c3cb0737b1df170f2485,839955471941b6d2dffa2c4768fc3166
510,37e79d004dc122c05eab8e55f22214d0,9c181659ec10a2d3c0d61ce45ef6d16b,04e31b936f51091d43cb805a30084533
511,8954785af321c52f1eb73ffd4c6b9367,baae023569b99bf917bf03ac536875fc,a394fed15005cc8a75f1d75aa4192cd8
512,8af0aedd384b877915768fd8e39374f0,4ca150db7ce751d5a095fd41ba227c25,b5ad6c0446b987d1f33df121e2512331
513,35c7912e941c9bf21594deeda6c891e2,5e063bb2352ec2d6dfefa038d9bcb70d,9d824f1d72e60812b7a165c42e1162ba
514,ca1d0ba4f959e2f47667b94fa5e958c0,24bfb2f82ae5941e2fdcf4f75cfad2a6,beaeb46f623d7739758358065ecb0bab
515,299cbccbc459c1c8c2685a92fb3c9182,61b3752ad80e246f426e82a72ab8f238,a0533c8b2b4fc231deae6250c3c8d4e2
516,214c897059e8c37741b74163b21ef4c9,f66a4dd851970a5b52968a34a9165dda,ec61de4bc848e64aa563c172a51b6585
517,c7ddeaad5609cc586d0668dd9a9f9dcf,8b175b733c6b5a19f107d7cd9cdd1b06,cee2763f9b1d5b02297ad853104534f8
518,bfcc9e5ac8e39cf903c5a70ca5f8e2e7,7c2193a1c4e1fc13d15f3e8aca036274,7a7cf950c048a74193c9420df36cff77
519,01571191abf6e8e209111e819823759b,d7ea743662498d33719303a5e9659362,c00150f4dde0bf6e3c62c57c33d77731
520,84ac33bcd6d2f5efd71db64edf8dcd8b,c1cdc8ed081abd4419086872346f4eac,b0a7fcdfce03265799135eb10f249de7
521,861349e0094f9af0986ca3ed1ea7ba6b,d22d1b554089814541b4ad97c6300b7b,9d283bf4e70970f0a5931a65dd0d5211
522,337ba2724e08323f454f2e4abc414243,09320344c2ed4da7bdf50d9f03b9e0be,58236e4aa762bf96225d16173086c62b
523,07fd80d1fce4d559b61bc7103ca21146,f232dc705893be350eaf1afd474818aa,1d2e39029f1d50a22bd157b3fc4f6b16
524,87f37025744c522347f79521cd465f7b,9d06c9352a9eefe7160f82932a6013e3,320543392885dbaff272faaae7657749
525,abf805f154494f6b9fddf2b66c6e6c43,577d14b9b72c171cb6fd7922a3af49ef,9aee8da9114ad6691c94054ca683777c
526,da1bf67eeb0d10c8021d69a0d6128f15,d1ec2a1c9426ba4bcd9a5bb5fd047ee9,f91d27d0216aa979a0c89f465a03d990
527,4aea6a7376cb4d0696c87776c511e9f5,203256da67cb1aab601d3af3f13d5db5,9459f98d4b344c82d5c9b45a7af81b53
528,6519a41ad0cd0eadde0cde1ee256d141,87668b74a71c46e1794107bb5f32d44d,24c1e1cef9fbcbd82978ebe7d14334cb
529,9ecba0a5f5caa828df43867455405dd7,6edc4da86334190089f6a093bf258ab6,59a32be440fb38bb36d330c7af0c95c3
530,bb0b3a11aafb0768b230a8861d870fd4,7b3815c05f7c7ad8535eefd39db806c1,a213e4e689988738b8fb764e958ca497
531,ee435f8cf44f4e0e41a2b31226fec1e9,d383a65adb84e2f3032f0c68246224eb,d1b4359a8c2aad62e330ad3fb0a59eb7
532,482c76db2009b85013b3ba7b9df83d67,fa33d8e17c61c79a65034494d37fa4a7,5a0249877d1e229d0ef6c02f86cbc98f
533,aaaf612f7fec8578ed03e4075b429a21,fe7812f20a38495743cf7bf7f811c108,7d7cfbfd0ce292bde2b9e39f3a304276
534,ac7383c33d7b376592a2ebbc512d7493,906a29d46ae1aa8cd2d3b50842646f29,927c2a546b259db4cf43652d7894db61
535,8175be020f3cf362e1cf5b797bd7a429,bc763ec4c8db4a23ae6c074bcf20e00b,38915115592f1775fb6506b4dc039250
536,dabe788e9798ac2d6f664957c4fee983,4621bcbbece53892b356cd1d7ca6d884,2cd0af2f881832c9f718c8f435048cd4
537,35b5971800492e04d2ecd6b3439b0017,760f8945b00dc239d46a48bc34909eb6,052d30c6787716383b5789d5711e6d65
538,164b9b20392561c3e89dbee047e8f4bf,d4dcb1cd15053d17de19d2d63ddcb173,0e212c3ff7bf9120a46c2f56b67f7f20
539,799e5493454e8e8e4f75d383846625b0,cec870d74b6224da56fe6d0d7ca77e03,e77bb3d37a6a6c32e6669f761b9a601a
540,31e9a210cfaf76f2df69e8b484cad534,46ba7e08ffab2db7ec66bc84b2f7efbe,b06b4755a9bbdb1e304f98a5d71e3c29
541,8261693622a5aa8b3806c8339cef066d,7480c3f00ec3de5d7dd844522cd8d007,448c6141f62a4571531991cde88eb331
542,94f8884c0106deb59d2b6abfbc53fc74,b643e2b264348f36e8dfff03d78d193f,c62d1ee20abb4c019758656681c0b4d9
543,0e16745ebec69d81333b472627815751,d63c41a88f43f4f46b49fe4d63c9d117,2f27c52c7d58fbe0818d6531d3707c78
544,9fa0924e247810df3f2563454dc82884,601b0ee3f58bd12e3f3f1ff3a91d2ac1,03b7d118c5f1988fe73e568f23269c47
545,06f3b1ddd71638119ffccf20d386d0f9,74397f4f4201c4b8c1d7a91da321760e,238caac47e3fa370cd45a03d494dd061
546,3b60ca0ed4e75480321776ba7aeba987,cee7b2752a60314af93ae14dae4124ec,d367d2ae429c9f746a3b0fce1f845b63
547,a6fac45c289010871304ffaf13f94d39,1a1e0aae09fdf97a2e4554cf6146c6d7,114e7c13474be685062ffdb3ac3f56c8
548,f83af16db53783f37f6614cf3bc3e5af,bb67046f34a39fc197282a781a32e5cb,226579a577a7a7487e97cb9c9a2c3886
549,ce703fe24b485beaf1668ffc3ec6c858,c58a200ff3b51b7d90b745d62d08dda5,1995d7f1f42ad259aae1fc004fbc6360
550,65cf80cfe609bc8c8a5268c72dcbacd4,00ed4dbf9af6cc102e04cc9a42b313e2,77e8a9d9718a78c7602a4cd5d1f98da5
551,775d39466b474d54ae714215034c5a83,5af447057c0eb2ca945c12c398f670f9,0a3bf331f951938b678a1736ea8d8399
552,b0d088f4fea23e7b17ef4c042f791727,7648ece616fd961c1447684b7dc0c654,9217d01f99e5ae534da606486464a812
553,35a4aa4ea0515187d2859ff6f85f9e98,73d77ab122d5236e46e408e73d3f8639,9148ac834e0fda9d90c7cdb797c444b7
554,0c02d3bb3a62519b31c63d0301c6843e,a1485cb170009263e6cf78e944c9c9de,4b0c360cbabc0f5702b1066df05b1612
555,8245e742febd6314e31245fb410ac00c,aef725315551b4ac4e392c6a642bf9a9,5b8b545a19b68b947235ead5041d001c
556,f051273bd75ea902b5a163fa772decac,8603409c1d32c3fd6eb43f0a6abb0857,dfae643568b01d1f4ad5d86bac2f7994
557,fe1d0b156ddba991585791769dc9ede9,df7766e3730f24d096658a966fe622b8,c7b0acedb4eb5178f14ae30d1c3053b7
558,0f374b1b7edab897de6d3dcfecd1aac1,e70ff0b6ac8c6f0ec256d88969cc81d3,c5bc1e0b75ef839ab9ea078324f0f272
559,29a92930e1c1cad4e50b074a329bc9d6,9ed8ec7bf90653bc4ca86b3ca53cbb96,385d7a1e8b6174ecd264b7c763853058
560,32137f2c309e98e70a78da4cd1382663,0a81500dc48b2bb7ee19849502360270,594e8397dee44b86e26ba2afc5aa6cb1
561,7a0080b771eff77b47ce512773a026dc,7937d047d50afcec4f17c0004de18c60,54515690660c4f26e7d466d569220fac
562,2672914ac9d2dec1a04d09aaac482df1,a984d6acdf209063c490a921cfc53b64,8f4389cc541dbe6eb4bcd793d0626891
563,ce4609213e63dd5d89e2b249d3e00ac6,0583f220404a873c7f288d1d908dec96,0c81fb679d464543822f9b5c59aef5a0
564,1665277114b8f7349da97f801a0e8061,4d6c76889d79e798e81658246e8b590e,79d835c5885552240b7e7dd5a5201dde
565,bd5aa0e284c6dc0b0b09513731f252a8,615b8a4e40699ea384e5f518ac0c68b4,65cdcb805fec2c1a88caa6bed1cae86b
566,023b6501333df8d9d1a5e2ee686b1489,b5297d30a038e4e6fa6bdb76a29a1582,2e8e1273e497a95810ed43ca7eaf09c6
567,9bce8bb47c22ab502ed7266e2e3762c0,19cd8d1657528f7d4895398a6fd093ec,dbbd706e74cdd87e423b5e28d3c7f25a
568,59afbd8eceb90a30ccfb99eb039fa5eb,bba3d3535ac1643bc9bb0bb1ca657b7d,b8b631f236cb607964c258ceac5eb0bb
569,282661ce17b00e09fff141cc827d6849,8948231e22708d60c8f855d7cbae5cf3,64571abee09b1e42abf780bba6fdf5e6
570,c2a487c3082523f815ca8541a01f293d,9e994536fd365604921e85f145f6e7b5,815c0f16b5b809d54293c6c981c7daba
571,f162eb4058fba118b9d6923843b93c73,34b9896eebff5d0501dc23156b26f2b3,e6b75c006b7f74f2b4f2f8009b9aead8
572,8a62c7e1f8070d642c7de7156dcf55bb,ed11e2d10934289d2cc9bbc84e2b991b,28c2858a4d611799f6748464e1eb825d
573,9e2b49a0335b6cde031de81551eb39e3,7de45563d6b6184d1e5f7d25c1c1316b,d536c08dee5e770c64145b41e9c387b3
574,b407c116cbdddadfd6c2ffa2fd88fdef,ca7444cee3115f92abcc09474f313f5b,6a1d806e8de5224e3134a345e2ee8f74
575,591a3db736f25c66b1261f01615e599b,fb22764a4a1546a5660e587f35509281,102c1ec848392aabff3fb4df2aa3598b
576,8610bfa14edc267fd6c047665e785b6b,26f53821a1b09c51271e4f8900f6842b,bf88d7c0254e315ae6701f540dda23ce
577,9334b0446f58b8434f9d149d0a11af28,0e305c4d31f47db36c44a1d55d389193,a04846524f108bb046c4e39f3dcce5d3
578,8c4098041ec69a0d01df2e8d8462db2d,98ee892e5c8c6f3f01d3f1705f16401e,c10d4753ac1782268289014b69697b90
579,f79dc41910f957d0c15aadb49bff975c,df29712be2badfd7ae0ef37d30759042,cc6cc8edfde85b399233cf8d891de0a0
580,8196c63cbdcdc0abd0cac91194d26944,45960112d5ceb77e4e61c68028bfb160,ddcb50ebc2fad73f053d0a3b44c30882
581,64f90b30989176a0f3534d184d69e964,eb62229279cd8ab73c9ca81171f14762,b0b70caf02e06f4afbffe16737242d81
582,d79ef0a1d3b33827f0dcd0788bfaaeb2,f781b917555e1c9f7be865081d1daf7c,6f0a397467d394b62c48a6199db06b6b
583,ab95cfdb8cec294b669f0da558a359c6,5edc82d679cc29b4d7720bdc45c1ad45,79774fafc9e6a361b6abb548739bf119
584,31a2c62376a98ed5062bbe72a92b3541,f300013a1ea43769dff32ac02e6f0cef,5625ad41d6d9edf0533c202c88749b57
585,9f0b35ae59e3b5898cc4a5b4401e571c,196e12042d3b6f07d722f0cf128a7765,5f554a63b2a187b75a1764282fbf10b6
586,69187b17ca2488b677f9a79e44654277,62a50c8cf16df87766e00c440cfb0272,5bd19956ab63289395ba2b259a9aa8d1
587,898611b9150c6ea8e3c491f337ee203b,ea5004ea2c5535f023f9f4457146b110,a9de2f159602a6c08dde0551062fb74b
588,b5dfac1df6b023764367fc8f23de24f6,b0d5c1e2c6bc18f2736f06feecccafb4,32993cdc127974fa9a42424bf060a203
589,1a5123a18c641040307c36f5e9811efc,f5de7d8fbfe197b5aefb3f312397e7b5,3be2a098025a29cd05098a7457ffa2e0
590,b14c47385cf8f325e15a9260490c2bb6,bbcd685ce62f785a441a2c8246fa93a6,fd4fbeeff2ad449dc7c8e6194a4f8403
591,e4c7cbde1e884cb7dfe56cbae90847cc,20546599b4a51afc9eb43344f42df611,5123de8a47c1584b66fea313adb4e2d3
592,fd8f72156916289ccbcce7ad19b2ee69,cdd5b7d07b98f61d3668207531b4de07,61105d52f842466e17bb6182a100ac4d
593,39026a5b4f7486acd7ab9d02482ff69b,04063850d065e6fa2d7a479d9eb36870,33704cffb452193742ff3ddb420ea9e5
594,987309872bf3709b8ad9357193fa05c6,65002e22794ec60c9b98df5a6a75b609,5563ecd2b196ed9f44541bb2ce32505a
595,3026f00129e340bd9d68f28c7670f917,2edf6cc7696c91d86eb86413fa9c82d7,0ba540dcef7c6a994c4e0634cbff4af2
596,391078d7927bd7f6dc07dda3297d62b9,aa3d385635fdfe96d5194d0f0991b565,89d9673df0dede5b57c52f98b43c1f9e
597,88865c437104f76ab06759737ced0cb9,dc2ec851fcbf594f11b023387ac15003,fc04eb6968b836409723ecf4e158d48d
598,8fcd382bc295b5af64cd8706d219de89,ea72eb500f523697eee190bcedc8f0dd,ef5dbd7a78bc04a0a5d236739ce11f20
599,b2545fbd121c537ccb04c90cef91631c,bbbe47a9dda0f30ae9d6457531b84ffa,d0d27aeca4fd3a00340812c03b692f56
600,63b475ef802ec75075a927c0980ca3d1,120f3222f28aea27936ebacdfc0af3b6,bf0156293b04b7a7793f8e7199743398
601,d4557d562ab93564514e79c9dbbcc3cd,d874fa822ef1370253f2e72f8d9b483f,657a53f9fdad94edefc984376fb017f4
602,fd05529859cf5ee53ab967a009dc7c06,8fdb492c7886b65948dd0b174f331b21,5be8d68eedfec296cca5d90a403e1025
603,7ad5685ded3cccaaed64166a7bad4798,b131ecef8477a09fa31aa0cf372c934e,e465f9a9968e474dedf75ee3110b68ce
604,9b4216a9961382139d571fb45e4652bb,b10aafff8d0a4c426090fc772b6075f0,6ac2095c7968fa30ab6c5dc7d1ed5121
605,4153de7e570031e2562b8ea98e963951,6272bd8c72545aa42d1abb9045bd7a97,bdf79ec5a9d527cc798a46680e6ad040
606,982b6631c1ceadb6bbf9f693f687917f,2b2866cb48fb18fa8dadd200798c5feb,aebc87eb11cb791694a9dedb44eda10b
607,06509deacf578c9d20cdb0c1d6f087cb,1e642b4f5afa230c341c6622461dd48b,80ba4043de65596c18e5c0c1d5e3a29d
608,444dad085af757af17180f00e77fc1f3,065762b2ae186afcf91bbedc81142ef4,f1079a2a43462e7cbaa60faec097b2f6
609,8c20da6a52e1d5f532c3b39e4d5fe291,139cb907ebee7f62b3999f62e9a753ec,e73c4364239a175096d9538cd0aae117
610,8f8d20fc6e9b6aa3b145e359e104eac4,74a196968e9dca6a5131950004876673,46a3684a20288bee24955dfd822422fd
611,a5e35549c722d53da64190d30859d7f3,921fad66b248407bf850a7d77cb1a930,fbc9a26a3d51bab4d032b1273fd5edf9
612,753743ff6e00c61a67516723909f71d7,16c54daa33d67cc8de9b995611fca90e,9f8ffcb10930f5dd48949eceb79a869f
613,2fd7cbd01f3cecb64e915a0a62121cda,0f5c7c1f601657a2dc0b528f4886bf4b,a31ca214faca4b030f4610c79e4e5b3f
614,35978c997f83d969e02f26305f3983ec,1d93f2db56a439730528e78b5a8c6c65,051a2228aadbb0d44e61f8507114a4c0
615,9b19a8b453e20a9b9e27385cb4f65056,61838ed2c863a4b4d7b851854f990941,239e61368d2da4c31752f3d7a9173f6f
616,8d9bf04e714c959d4c571030c51ee9f5,3fd0880e1ae00b12e9b5c4022286e180,dac43b12a554b5d13719d80d348e962f
617,0c841425404c56ae1115867cd37a2bdb,2627c765b74591958e7ba12fd857f80e,bf743f62c0d2973268a95b6b5b9d59af
618,87b4ae0ff357c21aa62e84d63fdf9977,0f955260121c6c2f54e1301e8c738153,eb0784168cd25dac78137baa950b3c73
619,e95c6d365351c83dc999465682628033,9b688ada62f8dd3fb913afa90d5a3e07,5d0c978f62978e8647b417f60d51e51f
620,9716b5d2e13a28be3dc836134153720c,d125850318a62f30fd13cab559fcbc91,6b643a1250fb9be4a44674e94ecffb39
621,a12ac7f1bc26fe59d642674fcbe45a30,1e820904c1e4c84e7e11162145c5bc2c,2e28fc383fe5ed4a4b0e5cb9492a4721
622,3ba4e8d4a0b0ef0ef31383ff7cf2b76c,2cd49d2e284604eacd8cbd643a36a2aa,a6497dd3f1c7735036467c84b30748c4
623,5e7fe1a769c7dd7871d42af620720625,f9e8ad3ad964070f290c2a53dc431852,4e6e65a0d88a155afa71221ceceee985
624,3da913b3f89eefa02a90c878ebc4c3ae,75e60534dd93f29fda25575c1c2e910f,949b9f749f20ec960b36bd2fe50ac056
625,25c5c31bc182f9c26fb4c084e1fa2df4,71abdfb52804bed1259c90f7b414e178,6e0dbb5af39a9b7199796dbe16fc5765
626,8a80defb01a1065b67e9ae7dd65ac165,c45e498bf134c619d637029d36efc78b,14cff64d674f558dc47ee5e817b7f671
627,5793129d5309364fe1d706764c78cf3e,2d2b8462838f388306beebdc1e2994d0,21c38be50507087a0aa63fb270d221d5
628,33e5c5adbc6e45de43d219d96f244f3b,06fb67ffa126811dad6ffb6ecdb8558b,a6e661a8ab4a3785acb2a87b2d542684
629,6d9a037aa211ac62d0701d625de70904,2a6d0c4bd562bb83e9863a175af50de4,d9fab0dbd3658bb592b14d07a3c167e0
630,c9dbdd9c9fc0eab0d235499488b26c53,3a0efc666f3a9b2e57c83cc3349ed2aa,8dd500d60fbef656e2745aee230cd58b
631,d0acc11d83aab44601a615247aaa1622,a5e2deac3b93d0f64589072881e39ca7,c541704f5b5f35d974aab3378d11fd54
632,853e7057e300ea0576ed8fcfc3d23897,4b4d285f54bf258327be795dba6ad9e7,db472dac70f0db6882e4cc92372c39e8
633,54883537f4a3ea484ad6465453852466,2a1c3373688904fcabbdeb4a177972f8,024ed1244a6d817358cedaea3783bbde
634,fa6dc40a7e3539b717a8b911636b00af,fc841358b1ae7c119b6224d0076046f4,e98b389d622e68214eb092efe5ba8345
635,4bdf5f5b4c6230bf40cdd5b56d9529f6,f02db91cdf2a66c05c07cf85f9507a77,eef409493827bfb3b3d0e74e156923d4
636,2a8a6a2ae403793e716160d1bf5b5441,b7f0f181cd947530a0d7ecb9c35b992f,2cd0a5200034022b5e594f200bb8073d
637,c022687b86e4e3eac79381053480e039,bc8042b8de3ce084219ac65217fc9e0a,3e6dd2bc9d2476081714e4772525f9f4
638,1b56aa5e47dd082eec700054ff320db9,598d897fefcc795632c3a0323dfcfe3d,08b04f43997889865568c2c0d7bba8ab
639,d592f94339f67b9453dca75b5826f367,3605ec5ecd6cd8f36a046746b1888cad,08a8d48ec979f002383f336d988673ca
640,0ebea13245a2b04ca3e6a482091e35d6,35332e0dbeaa5fcba199e892954528a7,f4b4036b067b9eb61cd9b86629ffb7dc
641,72e0bd3f347c8619508cbf214024f647,495141a4b5d6dc8067a636025981f25e,17a486c9252622e27c2714de7e7695b7
642,f805582bbe48523bb1f118e4acc4a6af,d79f17e91c3e1afcea9fb18a87b05a76,2ed1c3b9541f619a827a287a55c806e8
643,530aea5cd2aac6c3c9ea6ec10910295e,259178ac6e1413c067aa7b0f01a13f7a,edac491ffa87aa2c0abccf1b8e5a6ff6
644,2a4cff606b103cb1698560ba1dee0eb6,4b20d5c324f3ab64ff73f6ceb9d7d191,d1df1946a0d00bdf843cbbedbe98fa4b
645,037c18f1a1ec42be86eed81b09867939,5d884cc90873f1f8d9e25cd126887986,8488c41966af627575818380e131ffa4
646,d38193285da00a4e907e5947253ff486,c25541fd4c6bf6f78e3f364d279b63cf,c2650854e969798923377550ed076d6c
647,90d0e6728b0cae76570b1abb459b522a,f94aad0ed89e482b4ff32f68a3672dc6,2af2dd6d1fb4012582c9932ab3147492
648,0559e62f34650bc8e0579cf48aefdf1b,fb82c346939b35e28571281396eb209f,0d73c6cef9ab76b13f53f6605e8d494e
649,a3ca38ce1d10c44103ba22d137be7c08,8e6046bcf8e5c9877075618ea526838b,c815395bc70fe23c78b58cb3b6f2a19c
650,365966c438c314e225b1c81cccacb187,406a9e1224e5795fdaaf3424b8c593f7,5d09d184630b9a20ed727e0f375a2dd9
651,ac8233bf21aeeceab62509f436f8449a,bfc79c190fe22ab12658abc19d07593b,0f8af6ebeb6e70fa820355ead935036a
652,a1e7bd4137e20d1bc42c637990986dea,93788e79ae389079b97441ca122fca06,8631ec5e69c162ee078e8a17f131f72e
653,b625717ff0c0764edc883bc360e30d30,7ffcd16547f539aac56a0a1520b13a06,5d17ccf4c67a1d2acf6841a892812f15
654,bfdbe56fb7fc4d7b3d151370f897d503,f5e7ea2d4a298e622a4fd05b8d2cc4fb,0d369ec1d013037dfa409901c96808b5
655,cc69b5e397b5d44eb220566b0bfbed78,990af1d0decc6204dcc351db5011d54f,0748aba46621600d1e6b6ec02f90dfe5
656,2d476f44e80b5536c71dc3793b0a2bc9,5a6a02723433df0573332937e04c612e,f6bdf05486c92f8f69be83c174756110
657,319b99d2bfe196e331728992238023cf,6c08cc99c773235be82dc6012add7048,9d71b6e91cbc9477bc21247c3c13fb4d
658,dba7a6be42536168990912ae6efdc887,5005f9cc40ba417daf4ceefa86fab751,2d0f5c3a7e2c2fc4bd659e853380fb20
659,67e16e12cd58ddb642e5e2412b5807dc,2cf4acada2a853e1415674e8e04da605,bd465b5e566f6336037c548644e11e16
660,91943fddc4c32254d35553f7cef53683,23e7cd1cf2deb4c870ed6d282283c329,574e49a5617b2744c588fd0d2ac3a4fc
661,66f5cc9041b6485114cf9555c31e908d,2006437aaa412947ebfe92fd61c62a18,0db426156d588a5bb0b6036ac0465be0
662,fab7172275db33a4e186e6deeb435a7b,106b34c5c7cef8e43594524c9fd1c999,cad5be674d572c62126515b81bd8629d
663,921e586c2b5c9ac5b164f2229f7ea9f6,4318a5e5772810d926a7c82899c772d2,f6ed84e1e5bdb1ee5d79e0f5353b42ef
664,e79a05a95711261d27e009c51c53ba26,92ed1808381455735456c3cbfb547ea6,c5710c4b37ee5239e4bf57c55b0a6b6a
665,2f4bc629d9e354e52c5b7625ff7af929,7f9c400a79bb91af19137b1d39d20e0a,6f7964ccd7bf337793b91b0a2c4266ca
666,e1cbad247a96593f8ea911d0edd8cfcb,9d4c5ce00066b0d774020a40d307c974,2b8ffd4a93e66e9e5c043c02f73cf902
667,03b113d63b06f6740d82b4cfa1ee4a75,6ba839880ad95ee09f255d5763add5c8,e3f0542a702cef736b649df9a3a98e8c
668,28522b00c39c8b77580bae8bc86c0c76,4b223c776c0ddb0699d74f3334c1e5e6,b570fa2d524453edf2a5e5745be06f6d
669,c24bb6e1c14b242a4744d9854f738470,06c686f7bd2d084201d635dcbba1baa7,27a17fc7cc2919bb39ac51dae3c377a5
670,87c639ec5365c2d6d61581be6407c8b6,85b8c93811739e3677accdbb8c12e8ba,ac32ff7089312633858bcd96747b4046
671,fccac9bf0994bca0248468a171980657,5568eb519a51d50f5b2ac52321a6efdd,dffdd993ed7977a66ce077613734a51e
672,6e3a906c86bbcfe264c82841d1732e98,713488dc169d4113570a86352d0b4a9f,6a8d4ffb2841130c1817f5650b52d4cd
673,41eabdf6d7f3a3ac22d0f7a83aea1053,63a07f4760338c9f53620bb6f1cb2cf4,5499677f4de0628ddb3189b470431dfb
674,0876078db4e90065f7c16c892f74f404,28d634f91167158876095cfed86ec0d1,a00165c9edd8f2806aa11afcd8cc2ba8
675,26fd29e7d309a915227060487f9a4973,4529b55616610e6206384be8245d1238,15ee33d8a2845dd72a240f17db87000b
676,1122ee7e304d12cb66d63920c7a8788f,758abc79f666a398d3d3bde30eb9db2e,b8cd70127a58acedf762d9150f227723
677,702f699c767a9e084ebb17df8d90636b,e986899266976504f3d5d8c6198b4b25,be7a589fc7d001393041a9a2fc9c9c5d
678,ba4a1e8412d6376304ae051d32184ce6,000920ad0b612851f8e01bcc880d9b3d,9181bae76adbd66f7a603698945dbb9f
679,d6112e98bf1d15028ccb46cefd393241,cd248eb09a3e4a1ce70b2745f45ce332,38be72b06e0e96e493a90c4f583a6e10
680,96336251e59082cafc68f051bc448392,afeba5186c7d74ca11169ccc018553d9,62210a1558822c75a1088a96ef042be8
681,f06771072117359ea7dd8012054a3e5b,69fedae136a43fb721cf2feb8235a85f,c6064ec61ea9949ec065ed31f2565978
682,26e2844b510b6ee70b32c1de7f980c75,c77bd8989dd84946aec500d407764026,35ed1771bce6ba956d39ff28c71ac2f0
683,66a8bfc1d23aace57c50b9aa6bcb60ca,ebc0cf09e9f77d222af0b8015c409a01,9ff5174e805b5b30ebf11119ef72002d
684,3a9d5791b0cc64ff0dae5dd26e6006ab,ebcc8512888bfadf6c90598a7e0b466b,c552cbc6d2aa2c35dcf0e005ebd37102
685,a48b27a0f0f78595b8d71a4b373acf81,f63d515ee30f621b7a82acc3e00fdcc2,65f6854bc7b6c9e360645a242afaff3d
686,0c50e4b8b6e11c3b01c243d9a9e58446,79b3f2787261e5c96b3c9bf9a33c7537,07ddaea003b6959246d07c44c6a67b29
687,337243a9bd89017f962fcd5bf3cf9d64,e81a6a524304f302180b2c2cc142bd8b,9ef78f4a0c54b5ccb6f7d16a43d1fc78
688,a341bd2f51b0913bed2a23c315287002,e08b3873a528bb51f5e099eddeedee5c,aef2f50710677c1204538d88d3475e63
689,bd4b881106dd6a8658ee1e9afdb1844f,340a470bf7a9667523386de85bafa32f,30b37bbf7aed29914e4f117eb66f8783
690,93e7f57dd48641f79d51cd427b867727,4a445aac57bd6e284f3ea4bd3ee9198f,6071aa8ba6c71f822201674f662a2058
691,0fe439d806b88e850a6a69442d295530,0930ed07f723799f36d48929cdd840df,b80e06d0a89a7b417b648fc8056b4442
692,068b0e3be4c35ea983f77accf8351cc8,2d8152a733d8da8e84f75e6b2174c420,4747cb458c0eb0122fe1624184d3b2e0
693,4c278673ab3ea6f8eaee1f311ff68685,7ee441bf99f40865e465910785ea56ce,b95035c00e6e99f3b4e3cd210700f6ce
694,079fed45c08f216f49fe4aff84d7e8d2,7343399845610a863e3153fb6bc1f5d6,c1fd67db197ac1e491453082982de933
695,172d4c7386d55a10b4ab726280279cd6,18675435ced259b2f843fd3022c1e725,5f95d17c869a6b92214c6b0c2aebfccb
696,b498ef879c259999363dafe50f2b7acc,eb9d4025d77205c0dda3d5f7431ce1b8,9601f5a50ae3847ee3248320b84606ff
697,0a94d55951bd4caebf2712e455decc6e,845278e764b608d4efc7a420d2bb69e5,af2abfe213d2236fbd6e51029a899eb0
698,f18cbfc916ac8e35595c53c801784470,c8cb1c570b772e3f7943e254ba096e9e,8945d09eeb1e073e71a5a50d13447fa9
699,48c427f785410f88f8eddb1f1a13fa14,337917b03be19ec176ed5b3e77f6e55b,e2c101f2e420716fe53e2c61109faddc
700,685b3fd17cdb8da60494694df414dc20,a38edfd7f0ab8eb00995e7c1c3168b60,b5981366ea2c3b0ea604092c3ba670ab
701,f94a2f497ba431ae01c0d557d8c2a78f,0535f33b47de82de3b506799149e3a53,71a66ea303504eb43f3369162d0a9307
702,f64a4e01ea89ad9bc824c044bd57c1e7,3cffc0a753d8225be623b0660c597d2d,8d0e5feb0e72d7d75c73d8d5df4810a7
703,969488b756b097bdfcf8d7e882f72967,cdd59f04d7495b07695cee0d604b3bf6,5b4819f36fb394dd3fcda83c3a3b7ad0
704,c2097792be4e003096aada72e7317a66,e22884fc01d9066deaeaf65069a3b97c,fd1deb6f87696b6372ea9c9b109b4ccf
705,0841bb278823ec53920d723881c7afd9,61ece421cba834e92bb6338e30c5f6e4,91b53c8308cd140ab55518b1df7a370d
706,01d647e17ee868d2991c73a247c28cf9,6aff87e11871f4ce9682eec497239c71,29ac0dc44c2f3136d4867882bb9edcd9
707,418e83f3130db21d5ff710a3ecae7d49,833808e99964a029c6d6fc2bc156fad2,cf98288a084de953fd69b8cde784b755
708,571ff890388328af4b5cc76183ce8189,f4f3046575d40abbe5e89c790c780287,9c28f2bb8ecc9e89f8c141b768434d67
709,4a098862c27f299e7e674542148286b6,aa8907057bf38a2c03b3e3a6cb72f9dd,8616acbbe42003b05e4d6f007c1796b5
710,d527d0d353eef920f47505af9fe37956,6ef357192c2530ee54e1bd38a3231e00,e5dbb739cbdcd57ec7ed9f80b47f3b92
711,f7d30df03c85f640e735995c61e9e2f7,2e9e4edca77424744faf152caf4408bc,917cd45a69cff65efa37f3946d4bb13a
712,73037573234229d6a23f57873f966dce,508c23fef3f24c9301f5b02aec0ffb10,f1d829ed10a267d11e7e00c96d26e7c5
713,62795965d1330a135f09938efb22fb6f,ea5816321370d9d813bb7107c2ed0074,20b65b9fdf04f2d2d80f515bc939ee7a
714,487ca72fd110eee2985954aeda10f456,11312ffaf33b8252eef70f9274d540ac,673fea26c4fa022353f635b89d6fd4b2
715,cf77075f910326e17c57d890d6bbd6e1,321c9acd852ae2de358f0519adefa413,acb7fc21fae5acfeb3eae17fbefa0e58
716,89272db689ac176dbad0d77bc23df032,464f8dbd8b906717dd1eb94a344f7262,d06f2b00a00eb4136df95c649807fc71
717,d1904b78395bd1b84534387a26f1950e,d4fb7f6c56896aae15919a010984a8bd,43fb03bd110f08e7c36fcbfcf43feccf
718,41600356d224c0205ccaad8151e77a89,25f1f45391a5dc81aa7d68a9f06d91e2,6b1d4be55542e687bcfdc4d91b4078b5
719,6e320ef7485ec6c55962007956985821,29d80dc50d0b6ba0c43087089514c688,1975c20bde8ee4ef2fe32b7a3a7b3656
720,250e91349b32a3a0a04153a94c9c5844,7de19911779711a8dd86be6f3e888910,a347222d3272e90f8db2455b9d6d6672
721,5fefc2506c90deddd4bd9854b52895c9,4567ef540fb74d70047dbd2010e13c1c,24b0f50862340357466f38fd42940a45
722,a65a095302fbc94c8e21ae65e1ccd17e,9741cdc1c51f48c18871789cdb8491fd,b65538bb9960f77e666ad4a6dcb6a77e
723,26f717c6128d8e5d0854376f01893c8a,72d976f2ad72cdab7c812f170cfa8a4f,8ae069858aecbad846f4d69d405f9bd6
724,a12cf12bd480d36325d9141e5fce729d,54eb7abc2a838e3f49f7e38361ce0b12,eb17125d3f2909f7e1702013b65188e5
725,0c5170ccdfd5405de0600d2c25850dac,00412139e6b04d1e1cee8421f38f6e90,f78aa942c071318c478a59cf1e8f4b51
726,aa7000449538fe951e1c0dadc7ce9b44,e0c460ff20fa20d6297079caea47b7f3,ac36d9eb20b4e0ea8b4ff238212067cb
727,60f0dc0ff216b409ca44a9ba097a0f85,6eff61540d687bb80f2eda923b2dca9b,1ff168402732503d9036a2858dc8ce2c
728,990cfa4d540e7a0a0e90dd79bb82a527,4caa862898249617f3100a0b9cf3d5a7,7b6dc08185aef4a4739b8ac8eefa47f8
729,6a6fd85a99a3e047f479e3b82379a23a,f8b3ec914967ad95c62ef0296964394b,8f0014b11255b876c86bc3962d82a99e
730,5c1b69f90894b89741cc22d135dd14c7,61b39e218e57b00f7453dff2837fa16b,de4246495d322f1fba1889dd3783f0d5
731,72ce19093e603d0ed7e0ea843dd4bd4a,eb15d508d434c2fede99f7227d03fb4d,eb2267a9e6ad63f9c9d1386b8688ccc0
732,adf1598730764823258fd781429cd590,7536ba997f28abb98cc4c0f31865971d,6face919f28ca99a0acf083cd58181e3
733,1ad725c53a59666f85d84dbea616000f,1ac4c0ef34eda596f51a074b5755da87,891f54c0f474191384a4b5e2d97b4696
734,83661e7cf8613383d40115b08568fef6,d7c33c9265754c1a696f95e6a8b6bb0c,79f2a04c4e2d558d425dc137ca300e14
735,2b2101125ce01016af9496bed25908e1,94430d425fcce2eb8de96209bbead0c5,b9944429be6ffac25a0ca12e8f57a595
736,9b92d948f0a8ca765ef5ca7ae650273d,cbf88cd3846a62ae84c565808b9b5bd0,aba474656aab9e8efc7c8c512fc1fb48
737,255523fabdf1360f3db6def0d4b2d7d6,a4400c5e31462e7d221bb1a06d2ba0de,bf19a7b2fec443748d36284aea98d71f
738,b339154c789a5103d16f3cde70f20fb9,27489a7f1972687cccb1258116ff7f10,b05c51e24ef86dce1bdce969ed27be9c
739,a6f080dbb9bf42ed3e8510972595c71c,6f15b249e474009e7e706e23fb28a4e4,79c3e138e65b4bcabc078bb94f13ac0f
740,b289df6139ddbf04d953c2c01ec60405,35e9d8f8ce16d61751bbe6d24fee0da3,03cb612a6410c5503aa9cf3d0ba1740f
741,b600f26e7bc2daf1917e4078496d37ac,c137649e6a6e22b208cdf785a004603b,663be089197be4c5f7f4a6e1718f9c50
742,3c87d6e4b488073a424d625d6130dd25,a839f9a08020d5e3001df11d08c567ed,22c2e58ea58b90066e98d86bfb8a0baf
743,2fb988029403766a9fe962f57cefe124,5f7ebc491021150fdb969866ad5f6d81,149fd3c5d3ede543589633ea0e711c24
744,5974c6321830dfa922dfe5f6d919fc21,4296e0485cb7667462f260b27e572b21,2626d578899ee91a14a09bab13ae8b07
745,435f5526bfee811bcd4bbf54ad40b600,a53a67696219b002aa38d0f425de817d,6042f48687f6cc750599e86362d97080
746,d50d41a3432c35eb80111ef06c2845ef,f72312afae5c61af709e35b9bc6418a4,01faa9d3bc7a2464c7b6d71ea904970f
747,308d663fc07a63cf1650b8ece0b26565,6a7acfa9447d5df18f50e7ffdfe34f38,f3f231c6c4eff0000d792e973e9a7515
748,c5e82190f540fb912cc8a96eaf682b58,c74e766851d12e6c5775f1dacbe3843d,7b77301b3eba03e9b47d927d212d64aa
749,69a41dd83be22e8dd84599984bee2d3a,c7b5025d6ca0352a9feb0b83f3ecf231,6e84abc520fb2ab84a3aabe84291f0f4
750,d8fc4bf3dec4c8dfbc366e3d7512c602,96e3a3cfac2bdbcf4b6dd1745f818131,8c7bdc4f695371de12b86d561d0b0c4c
751,7ce89ef98466c65ca9804cd7ef248afc,c76d8c4ff3f5c056959901347441d53e,bf63d7c0db0eb42782143eb768d81b91
752,8565d11c58ff93fb0745f99ccd11281c,41d7b7080bd5422ea9e0539b9f085c3a,f5eaa3e7afe0792dfc55fb857ab0e797
753,f6c48b756b48f8b45aaec467ff3273d6,fe8b4d94ce299ed485c900f05ae508d3,618efc798c3906c2dc60618853c7e2e2
754,faa2cf42d7c61820d982b580f023e0b2,86a2e973602ec382660c072fa42ca670,1b5076baaa25ce4ab5e9da8e0ae041ca
755,29c932b5138052d632a08a3a2540f735,b641f33ff342b590cf61baeea481716a,b743bbc6f10f0f164b24b5b6ee05def6
756,bf9725f0dc71d2ac533b21d7dff4b796,415a318eda63d2293d526035108242dc,971c7809d61b9389ac9359b72b95c1d6
757,5ffcf2372542336fe4ee3585bd07b6f2,30fda2983d8f3111e475d0d859068081,4e80b5738f591c7d0d91889c2bdfd39d
758,dae2ef34973d1b237cfd6746923e2eec,8da76020de68a4803081fddf5c3178eb,79212be3df3e81973f9e0365920f2282
759,e63f31b23d81011340b12022892f7b27,232539a9ca7dcc82d7a5577e394305f3,0b180497f297ce3ae7bba222099115d7
760,c6cf7a87a3c590618edfb417100f2b93,2ede85ae0f0e328331f28b2f9a09d29f,e6cccbed431da8be9c7590655e5a71a7
761,5237b4ee431ba2933e6f4b3fcb57ec4d,c3e05f4e184d96d40bfb38631ab322df,ec89dabdd536396aaad4020141dafbde
762,3b5b3a2cc026cf58cc19bfa66b4873e3,80c676be159548673ff236d808209e33,d5eeb98864c5c06106420f8af7b24e8b
763,1459943bf3862e70c71fe36be825aeaf,a65a4942b32e64ab56e8128575f81f9b,5905e3c1f548ba9dfa8b314d95deafda
764,a1b7055a495ac4a160336b66acc62b4b,ee1605f1c4e68d7a52a07fae529e14f8,7f45ba0429a60566e49ba186da979c6c
765,ce5f21729823eb5d67ce2d874844e70d,f48064fda016dbc4391c353afb9e61c0,35a01018982323a647399b88ef4d2287
766,b6808a211b62298e06b0ac7f30f29882,afb5a82a77f4ed7735a8972e1a85f4d4,872d17b9bec7643af6c4e4685e05f407
767,40be6eabc1be4bd88eabd38aa07ac9ca,b3469d2d96c5bb08f7bd3464ed5afa1b,bba14a84e299b972be4c0213767b848c
768,5ad07c7af38a557d5542f50ce6341f8e,29e2cfb8a5b8b437876e531f8c5f753c,16daea5ca6d034bed70a0b972ffa8374
769,79538de71a078ec7348f0340f8a7e995,1ec4cf5fe065308a0fc66057b6043020,6b41aaf5ecafc9000a9f40fee0db9e64
770,d52bc4ddd5d4efb8a99e68bc9d597fa6,c7276eee7269730bae81a3fde5eb1668,3c3b1cae5538b0e4dcdfd6bdb492fd9a
771,0c74834f412d04ad87c230fc337d9e80,daea028622491dc3205333a809c233bb,e9f18c7e7ced779403e0b56d7b987827
772,df83132f9e6a7c8337e6cd91270f8f7d,beb35c12ff6f8649daef79766c83750e,25f7b992e5a19d4dd7fa7e390ee1721c
773,03a05c8a657934ae2d21d93aab9181f9,78e15fff6ef70715b6f5b44caf905f97,6979ba75d53caea50d85c1df133f5009
774,9c43b91f79cd9660d0e9dbcfa3488147,30eb8e531d1c9116964b7fbf45bf95bc,4b1312d9b5424760305a6430a174d8c0
775,2e8108a8a3804a73fe77559ee141af8e,5daca040bbf1338462417b7a5dd820a3,85b2c32f16826bea58d82dfd39b6d3e2
776,dcc06d1ff01037f11254e5d5cc3c77d2,184bc80c0ef21eb49d00434f52477f04,6fc63d2394ebade5d7e09856eab1f726
777,de968c43966646a7f5f5959707b38421,f95c0c54f064c14c0502f2b2d12f03ba,4128ca0e15f207127c2a25b9055ea07b
778,fd7ed01abdedc287a61da7fd194ba30b,d50f85e2414dd545345934cdef5c8dce,a027be54eb3b8529540d6b6c90f98a40
779,d3c90e3b04360cdbeadad04e64cd5e2c,61f2699cd3c0c4f31e35c3d1f44f9b9c,39b14d182b154dde40a68ef7e9486065
780,44f1555353574ac79ce07ae55f40a932,9841424d99b28242ac069a04eccf5155,fa94f78d603d5ce74685dac244be904a
781,bb66f91b996df6a4a78aa9b7f3ea844b,746b95b3a32975082d0ad357527ad701,a74fcdf2a5734aed98ab883bab52604a
782,420afbed1eae86101d12b1b18a7e02b4,b7540ad7f233e9c19a6cb083945072fd,e76c7b4cbca487702e96526bf01bc165
783,8364aaf55439cd2b1207b7bfa35d79a2,fc6a695ba44f4b64425c522f590bac48,7c6e364decc2c2e63a40ee36a1694770
784,23c7e23b418a44db2d86d9cde9b7ba3f,f539f2dcee1a03c730a2a5a9e2298fb7,f28ff584ed1e425f7f063b93223895c2
785,6a523275e30b19c0390655b278716b58,f1fa1fcc9c86af57af89f7c5784e8a4c,eea47f9bc6d774e29cd36167365775bf
786,637e9203f2969b9fd192ce0b1d93167a,ed52e9dafc41b6a05feb136287c52956,ee4957f6544985b0d44ed126ae15500f
787,451d251fb7dcce75e181862493d77c0c,7c9d2571c6ced829b53f37465b030c5b,8b93842839ad38d60ff614c4c2985b96
788,3949bb0d5d659f89f895295ffef07153,778bd33e4eb7fbc28402051743b78aa2,78079f0be01cdfed7111f16d2a3473da
789,5338e73d016150c190a2c4671919b4ba,0a5d6a20d1429dd55b94ae1b857ad573,2525882f928dfd824cd2842045982267
790,5479baf96910f3cf404a133651a38b3e,280220720b546eacfa223edf513ec94e,de86ead27d995c8f57c1d8f56b425358
791,68fddc3487a506126daa6342d3d31fd5,eda6d9fc5d58f69f9ff9f6b4da136274,ff5130c98c14c90ae7f4dd64c297070c
792,83dd7661089608ebfb550182617322f6,b091f8134325f137e62fa225e00435af,cb88d17eb5534d45ea5377f92ff00bc5
793,332db6f0f6f290e521b714b4d209ff25,714fe03e012bb674fd7f3fc8f6763c3e,e78a43e9cbfaae34ae2ad4929f2f8bcd
794,510b8a17456853b447d70002bf5bac19,441265c6b4598e9bcd10bc10eb6293cc,3c26e40e16a2118a6247ba37e7d2bab1
795,71866d9b0216c9023de83ef2f9906cb8,284dcd2d3d6d09fab242477dce6b69d1,57e625f31af9400c35f881ede09c1ac5
796,060f60eeecf1ab502526a34db9caaf8e,6e84edfad5dc1ebd5bf547931febf704,4f06726cf77125734cf939b3ed5978ab
797,20eacac6717ec529a2629ed8e6baf29c,9c4e536fce834eef41a9d029af5193f8,800ccbf1d68addead37496366d7ffd48
798,636498ce17020805892b1dd50e5eed64,b77c336bc0171afc713510eec35a584d,83ebc436de663c1259561ecec01d96ed
799,292c42388727f251a0d1ca66efda85fd,6dbc3f061f2ba35a4d6d370901023de4,4eebdcabcf4d69a1b1b0f17db63ee02d
800,e354fd60e3f0333efc94de57c8aec3c2,2c8fd1d0ab8640342f6d10a0a54e5279,d0a19a35996817e2b7a5f4c6c35c57be
801,4a139d2a586bba55c6389985432780ea,813691e100f1c3df95efc0113bf36e48,20fe45e5ea3022602775d0aa86e8ef94
802,74dba0e17c566cfe5063d8f161c61ef1,085b0ae5b6a84676463c3d3faf7d1910,e64e418c88e9d98c8a40a810710c3bb0
803,160a724e4f6c877d8175fdf7d07a0a67,21da367ab5b9d2b74882cbd626042608,97f263002f98ab37ef16cf44d087596b
804,59bc7df93b3b01dc3a1f3935555c3009,15081ecc0dd0de8694dd86e1dab23e54,907fa28d598b4f24dd06a41956e97f43
805,032de36af1c776f91dfbe4079cf3c002,50385e37db3576fbc30b26f7258921cd,3d90101372c0551439a5c64d1e5dd03c
806,817ffb24ed7fc638921a9ecc349981dc,5b4c30fa23b184d9b4a63cfc4da41327,32a1954e415796b8d5f01ff1a6d7b1c5
807,c4cb40675296c2f44f631bdc7a5d1e9b,59bb9950d1b0ae165609203a9bd76383,325e3be7a65743676ea732b08b9b26d6
808,d61cca1e607df1b865e3975a5b2d74da,1832ae9a1efe869a99284ae7f98f744f,6ffce409ca17fbd571fc8338fe01a7a5
809,9264efc13ba91622d0d641b49c8caf52,6437c1f6a475089d659e71ddd7edb010,a6f90c6723707e9f7a40d1339bfbf0dc
810,b9d31c46fe8b9de6955f6fa1eddc41e9,c411cf81bd605e263ea8da3b35d05dac,9a3595bbbc36b9ae6880ad57ae3a597b
811,c90ff920893db6baf9f53f1259297535,2902a2f38703f59632892819a1c72377,8d6d8329cd0bbf6d0356b300f83d6b6a
812,976e53986cf5902e6d8eb26e04fa44f9,54126c6e72a07999bc079390f3af679b,0fbd680b68f4245a539b628563484f28
813,b677231c72557e88e600d142bd41649a,9c5229cbfdd9234f73a514b0a2f0ad4b,d097cacf525058ef294e46c7e6cd2f1b
814,a14885c7da6514c0523a6977e2b205a4,ee7a0b58f510f1f47bfc4ad434f7ddd4,0a8b2cefacdad96c6005799832055629
815,158b063304bd83f4f6cbe952de5325ab,91da6390f18abade4b2f30ca2b0a9156,4edb7eed09d7198c868527ccd77e9a02
816,a05442db760d52a1763492f9ca03ca0d,dcaddc63f80b66a1ecac19a135fbfe66,d9872b11bb4b59a34062b36e8a64e3a7
817,c1e4a4cd769d4d64a1ea7905b8c30ff9,6f68931d407b98deb1c431c471e2dfdc,7d86c5e09004e3016838f192ecaac540
818,7d61619d2dfb5efc0f22a4d48775698d,05a48d521ee6697052fc1bd914fb6edb,6610773ae6ab13f5fca25de96945cc4c
819,b5f2a078a28c53e5271044868a80a74f,89a1979b3baf29215a093228f11372e4,383832c3a141f0c57b3bdef29a9b2b76
820,913061935711a7144fe223f4606ab68c,85ec340020fb63c782e84901880e8684,66b715d5da126fcd163dd420ca983cf6
821,bcf43804161434489304f374a5a684bf,7252d0b847fb0a633458317990b22496,6966c2b9fa1ae59141ab221b32d878cf
822,c5c8a6e5c44eda5ec0bbfb53e2c81012,b55955e9f9f6ff4787f5b78c18ae58db,237d42417a3621368cfb0a3280d3f252
823,fbec0ff75cf34743b0143538e59c4641,f436cd9ab8b665b5383ad15479fa9cfc,9aa99fdb2c7e1853041be93f9c36bbab
824,25397c3a483ae10a695772a7c5ce8f8f,84203c95bda68f3cd20f5f3bb065d2c1,1806b2c1ff66377269ffc9a26ffde9d7
825,5098373560457463b80922a7357be23c,11024c824e699307cf890c95271039c2,a7aabb264c56acdfc440595515cea27a
826,ab953747c19632d5ff3078b84449596e,410d4294d2a7981623f97ff5311dfa27,21c61eab96e1f16d7caf28a6645c22fa
827,eb15bfa8f37ebcbd3bf26ea07060f491,82f05aada3c46211732c067b8a63a6cc,ed9a38a9f1dfa898e536cd91f13d98b1
828,1f368e9829e850bd6b6de7a521376720,120b29f7213f43ccb8472fdc9d2845e7,17ce197283f339f4ab406de74d03f6b2
829,a2dc114f81b3e3357364a679f764f1a9,d997bd54e6a545c95817a62b77fb43df,4c95ef229b89310481150b90ba309460
830,a36ee9f2bc558182239d85d1f7a74e9b,268dcbd78318c0108974c5f99e1dca78,06a7dc123ee1cd1a88b5563bb332666c
831,46de8984e7374ec2a14fe538720cf688,0c0041c562f7cbcb69a4d195d5a06114,1c63335d177c12cab2b3baa2ccf4c328
832,76d1bcd4b79d27c2171a0d6107b31349,6e4491b337dde383cdf2a75685dee968,a55cc8df950bcadf4cd61ff470d74246
833,aa3823fe81947ebf35daa0b90af7bbc2,4f5285ebe78a5683adfc861fc684baf6,c9bcd1d4867a43cec02af7f3b555709f
834,8a9c7481252c73a7ccc06d8fab828bc6,1bc342d4ebef1660782a5a477f916083,75423e7c7aec5ed80bc70b62e9ff62c0
835,91f209de31040146c9a61a8c7804bd34,124c10bdb11d578dbff37e79de0a7ca2,39f035c4879cd4b2bff7ee2830beea47
836,0794712a5fdd9d31bdb4ea7c4f175054,1163571b3edf666ab3a1dd30686e7530,13f6953762b4d8fd146b19d2b7514832
837,1a9dc3df5b76c7c4968530cdc05df1ec,3619a5ca0634e11f0e0474c9eab68f2e,fe1f14cea57aebdfa87ee2c1ca6515b3
838,9f3cb251707d9950d2f6a309fc1d8ae2,07fd8d4f02f9b95d86da4bc89563e077,cc8e0db9056592acd465f3457bc06177
839,ad0c63c4474947e4fe009453a3a6147d,584dd714859c8d8ac50860e98f36075b,5289380c455996a3c27b717c7cc2937e
840,2d3325a54dddefa778af88a70e7d196d,9b6cbe06b1f3e5620fd9ac5e69a8cb4e,4e978306ab3277fb0a1d62b802eb1054
841,d6dac6d7b6289f8bcd5b7f4437272015,89dedf625c91ded52120e73c33932da1,02b39ad5ba9d37a9636311c7b4357aed
842,92a9e09edd02a9f50ea0bc8e97ab96f5,55c836a2684cfeb94928d662a52344d5,0f871f7b53fefec938ee7569319f74e2
843,b133f9748d2e61bbd5bd7b55b60157fe,75b17665772a71684a7b7855ea212a30,5a2deec84849fdc2216bab61452451b7
844,dc65b5af33ea3c704de7e3c8b43d33c8,6b512a45bd8ca759e655c2d551dec2d9,fc20aec4fd0c2f9017888dd94feb84ee
845,599109af85cae9e827c3e89982f0033d,2539a3af2419f1cd39bb34d0947e3863,cf87533820b0ce6dbb09e7aefc82f254
846,a1385e79c61705772c03a7cd134c72e7,9f1e83226a062a10ceb16bde5cf1a467,4db0a8e19ffe9e9358d2c64a760d44d1
847,a36875e181db085aea379748f6664b10,1ff4d64bee09dc1b72b7a2adb9dd097a,4c2cd386eaccb895f13687d0bb37c5aa
848,cef4044dc0fb83b93818d1c410591e7b,9dd40c0127d217bc4917e4db40e06e94,01afe81220f729cf1c5b4d99f3abe559
849,a9f1aee928c544e2fd4a4cd448771a38,ba2a37a47b802c46d8b931247e9d04fc,3a76c877851189ebc84fc86afe311276
850,7c879895184685f2ade71c54e63960d8,d98d4b443eaaad06c3244e059b34053f,8572200ddc026f853be41af18bfb1311
851,ad6e90147030566df6b1353432f41662,ede949d8112785a5568da67879b80a98,d861180850ca54282b38c782734a7dc7
852,f96db577fb4251fe7952c30bc5be09e2,e04e11360525f7d13aaa9d4bba16ea7e,d4f83e0d9b46e89cd5e9da401f625bce
853,574e38e823dca53296ee4676b3de106c,db4f4e9261cf53d2fa74e15514d95680,ed5eca047605a7a754ebc7889f76df63
854,00928370e2dfeb8a507667ef1d4efcbb,e97722ee42a5566b71eef7e75e9d86f0,290c577d0c6de06fd2c82375427d9bd9
855,d7317063793838db3f284cf45c2a6136,435ce6d7adf098d42bd81b8ab1b6afd6,f87fba9107a002e96ae767d80378a5d1
856,d7132253107215db7e9bd88b6a864c14,c65fd39c70f465b486e67d64d320d778,ec11cdbfe083f766ebc6a851353a1662
857,d3d56ee887a17cd40e7b6cf630c8107c,c549a1ab70c4de9755941eb6269e13f6,877b69359277cf787d93cd17f4d2775a
858,0c063b8b2ba5bc8f6a77695dab1a8562,cacafc88559ad26efe04463c52195f4c,ddd0edc9c6eb676649934adbb8ab0f8b
859,f297a5e48cdfbd7e8fad7690f6ed6276,724b9b63d3a951e612d08a288fc89da7,4059e344d07af05771b57fc3c89a7549
860,cf30df304e1b75bc28624ef1d5c2cf6e,378ab29576ec2f87d61b00aeec5e843a,4d87ea697b26548b98d3591c5ebd5a4b
861,9b761ed6330d5b6e03b1a88a8c5cc56d,630ead3f5eee9ca3d292d65a785d480b,f1e032b285fbc5f7207a608eb5ec9ea4
862,307f2f1883a10ac0e49787c25eacbd9f,62051bf14d0220a68c0c82644eae6264,3a03e14dada3fa833f64b0930783775d
863,9c9a1315dee1ffce88d48728455c1199,e16d8af9ff08e6af48ab539765fe0de7,79076a8b8c506ea1a5ee4649abc2c073
864,bb0dfd783c80c4485da90113a01ea8ae,87bbc9137ece5aaeef9d67f6abeb99df,d0d72adbaf55250c7cfd81ce58f18304
865,c176b834c3a5045ac074fb70637cfa8d,c97c6e31c6bc1b75d455b89ef4f11686,5312696946a2592c9e0f09a25f1d080b
866,40f53e192b5ef10af5d9f176cb1705bc,4b77f015acc40c7e39470f3ebb658818,a2d2d3edfd1258bca33aeea4d9cc8d0c
867,b7295985832c4130a410a77f37061107,447ceabf87de7431032ef708132594d5,56b18e1507691def89ef7f07fd124136
868,bad219691caef5dabf2c41f8a9f531a9,31e82faf725d625e322f58692dd90ac1,3adce342ef22a58a87593d0c3dd2bf28
869,677df124099dae6692b714e62ca24c05,38d5fe1d5718ada9a476c7690dfcfde0,917bea3ff0173996f94b1adca79213e0
870,e32eaa0214217a140bd12cd1592d9558,180e2320aefbf3dfecab785446bc555b,3f0c4e9f8fb3b846e49bb1ca2b3021ef
871,e525fcfd50e34dc1f10465e3ea7ec2c0,a8a951c084f704fb77c2a3ab1c21b474,94f6b16d7289691642d1a611c4f1997f
872,c8c898c68a6cbe37412468d561e3a7b4,3790419eed3f86165b0cb74ea30aaa01,fd1286054e5e7063369cabd6ecf7af13
873,0b353bfc9df3fc5534511a8295e40046,4b7e051415b19b60bff4ee689eefdc7b,7889a8d815877c63420df1750271bd24
874,63080d06c66488c4c30285e0363ca0ad,5f4b172026d631582bbd8c8d0081a226,836ca5d73c88ad94fb980ca3e5e65da7
875,a26020fc089bd826b2d3eee48435b5e1,5dcd43e6710799fbb64f0c250a13d0ff,ddb64fec2f66e001804e629c20867e59
876,6f763254ac599960c572c3ab0c0666d0,1d54eb35ac47ca398377128f15275f40,fe6984b9e99ee331bb510c61f9e5ccd4
877,9bc88ce8ad471cce57ed97cd33cb7f35,feb75ec549a7feecd2829d066278d756,7b0067248bea443b4d8c135e4b626028
878,edb56bb632e35b3d4f256d22c799cd93,a335e00877d819f0aac867a166a50f7f,c245396d5fb0a528ae2983ca28fca472
879,9bc5cd695f30b6f98e65dc356cf6c656,8cee5821fbe1d9167183271a8c6ae83a,b49cf4744ad7bde55eb848c822b457fd
880,d844c98b020831cd13e0dbed2f72e719,ef64f74aa019c3a6638c469ef0e44c57,ac40c07b6e50003a3cff24e992ad465a
881,f32688fe7e4e02caeb04361b8e8d223c,70f266d7117c3fc1430abb4636790078,8e81ba898f016bb52c0cf59faa3af526
882,6d86f19eb226c49cad23b4b0d5ba9ef9,003a91841da04a5a31f808fb5c21538a,202ae5085bfd89bb3b20f96d3db3b126
883,4f0225311fecb076b043bb08715b7b46,ec0cc0db2e434f2a0bab41cb95d62a4a,ef65ea2c6fcec3156ffb0034135f8d55
884,ca7ba25b885ddc868383d36ab35090c7,112736e8b78700f977df0da98c19e0c3,b6caae06b4beb99c7c855370f080e19d
885,89fa9845d25d82d60c3b8ec4ca9fac14,5534719b308ca4fb9f6662a81eb3e002,9b4f01490d9d27e94dd2f49f8f53053e
886,da95901e4c53182cda19b7caf6674132,73e7548823a81d6f46a1c863756dbb65,d2b9b8079e77cd93ab79755e21170e65
887,89d67babd435cc76b1366455fd89044f,e951432e24ee198abd7b15bc2eedbb36,4323ac4da38573dd8e35cb58fbe53c3b
888,da558caad449f980ef35d87f9bfc2fa4,b6b7accb239bacc0e3a8455acf3833fd,979eda484717cd406350e95df7862329
889,9f887e6311f6062c5741bfae853edb80,cdcf73225944d4e87e64f178371d897b,bdeb7ab6c22749f3a39e5a88ee4a0fa4
890,6cfaf603c5b30bacd9363448ca9fe57f,b399c54dd9f6ee4add1b4a21dbdbf6f6,8a15e39a80cc29a4fff8c650f93e7f5c
891,eecf7d092d41484bdbb80ec95f49bb03,4d048dd585259614c27e11431ec2c860,2f06601cb2159b6b369e145d19e59081
892,413ad3ccfe919607104a59cf04f99aeb,ce8d8607d29aff038a6e27528a9789ee,17f8d9e0325c50e08ea3a4705988842b
893,eaee249fef6f67630053f6d398a2989f,ab969bb57aa412236a7cd33f64114030,6af086eab60cd40a9e92fb159a25f1e6
894,9690259f4f121c144d9510abe6818a4f,9fd1cf3c7669bab2fbceb2c1dcb99cb3,7e81ad62302e6eabe1230d2d9d604881
895,ddebc9704e6ab8a3509a2d41630767e3,1f521ce50cb1fa32fc831ec207587494,51ea992db967a0b925588ee2eee322ab
896,1204e417143ace066318e750b4700df5,224103c42d4b1a3ae6407993940b1e52,f64bc2a754fc8d937ef7f307f381c9ef
897,b535981ef6a43250eea3c75e8b205751,8b8eb1cfa610bf99c73b771db76be17d,f3dcef8ce7e98c1f6dd6311a5fc7a5ed
898,3767034a72b2859669d8278458165c7c,5551a258a28873bfbbb2e6899a497cf9,2795d566011881cc6814096518b4a214
899,34d661c988d4a40925060a9a50a4544c,e43ca92b64685313429257eab0e43c9f,08e5d5b878d7049cf9e8c817f1508bff
900,b9773037c8d578189e4e0882064c0885,24b5ae892c0ba535fc16f5cddcbf8dcd,01c3fb23ddaec7c51e1c0b52450bb472
901,2e24b2e477e5650b425ae9d58eff5654,3a624ae0d560c6d61d4143a5f90bd801,fd03663880e972c195378f0f438db702
902,c7b6d326275eb46a2ec8b2e29439a99c,73264c925b3bf362738f380706b0f6b7,105fe6192a1f84fbfef74388de5e48d8
903,aecdd7b090b17375f15981e7313e11d0,a295b26b9db32ad2795fcdeef1d853db,baa56a2170af3f075668320277692c9f
904,7f15c706a91ae8c7ccbfaae1897aa024,83b59e7bcb73eaaad663e28738a9e8de,1fb65315d7ded63d688194863a1b123e
905,bd95b9c20d2a8dd686fb0f64432aa82f,8b8947e12fd0c2b222e3026a1cbc1972,0b517956117177d8efec1a7efe60a985
906,16dc162b86248d1f878e90001742a886,15adbda27f36bcbb0cd4cec566db82a9,6c3599d5faf73b34fe8d64fac9368483
907,a6bb14d29c43bd60e289adda03de9687,fd3926d5158b0502b1a51811c50c3976,85498a9955849a6c8292b35b66628cae
908,67221cc31ec6ad9e106de548f7aa5823,7a8abc693ab86d8b1e89e6ebe3169fb7,e00a89e8381aefb07d23390b87fe5d48
909,d4af3a08f3cae4cd616609c9b4b2e9f6,9591a44ee456707bdc1def93f0007c35,3d942bca61ac77578a03d8405dab4af4
910,a280d60407c69e37fad4d7290ac948a6,07f1c3248162f27276cc1ce3a262f05d,45bc46a31180f65994e37850418e237b
911,9edf591d741baf346fc1ff0f42dd4ddc,cdb7663719497428b4d9243b76da3ace,93118746dd91a114db2b4f2d59d43b74
912,1d423b8701a1b47e4076ed303562ac9b,db315d2478032abc3fa8faae6361497a,ff3667b139539475d4de2aa1b2325c82
913,4c72ab6a23ced34d785ea2e413239639,bbfe245b1afa3fe05e45f380b6cbac8d,426838ab9dbdfc35254b4f9cff7736ff
914,cf8ab5a2ce0ff0b3d025ddb3ba1937a2,e83b38f721f767604aa2bea3cdc633de,cdb4764932947b3b48d87c8322015b17
915,2ff7164620f1d249f39598329ff7690c,21dcd35e0e0aaa2e5453c871874a8ae1,d2e8ff5257ef522c1d7bef30c96d06df
916,aca465b1eb4bbea86b38939c897a462a,cc759aa48c28b7711bfbfc7ebbbd762d,d9b1722876190bd66e46ff2cec3847d6
917,5911dece5388c4291ffe22e700bed829,ab8ad31b80419f9f49c6b62f25d6fe59,9eb7f1c7814891f609ef2fd6d80cf80a
918,de7b957abbadd1ccd6808254a157207c,d1e98dd82b39587a6ad1f1351fd8269e,0ace5c189da8f9f9d9cb92e85f142904
919,762a82c19ca0324ee1fba2b8fad35534,ab020c67bf4d2802b947ebf958d7b0e0,858f5e5afdc19cfe16e0f8be97a28cd5
920,bbb2c6d4f203c71ba63d6ce8048d1ebc,cae520ae95d1e52de8b6df570d995a11,4062ce560462d86b1958be7fc155d9ce
921,e6a72561e752cce36b942ec74f168701,6a1dcc77903fd69eda1aa8a631630e0d,d8442dd9a38b2f244a020c1b39107751
922,080b829ec59528590e76b57d25fdda55,0849749bd2b9fc46b88a56b4c47e4093,28fef958d77c41e9d318bd9177bd1225
923,d59f5e96dec59861dcd635d4e0febca8,25793bdf166c37d6d462ff0f0cfc5b15,a8ddb6294c3f4b9123471e92b3947b20
924,e9c567814f3d582607f9eff2a3b7668c,ce3838c838f9684ab8201482d4454f75,c07f5f4ca0af11d11a755c72b638d966
925,52385ac03a42f5ba4629f4c486abe591,98d5cf6fc6a36f992d6772109ce2e364,aa8ee3fd85494e92cc6595f97d42dc6a
926,97659f526c8c25f29175c9c5d36d31e7,95deb0caf878d715c1a497a77abbd6d9,ff0f8705f77b14b2a84b498933adf18a
927,1a274108ed16ee2d395210ab896904b4,0e01dca6be914ca5159e6d6bbd9b9468,8e25584bd03155d24a2adc00517a38e8
928,c4b83afb97bd83a7f8d83ce85cba4dc5,0e347ad243e4019fad579d3282a730f9,184965d59df827467527b2241f2d06e2
929,da610fb22e9ba742ebb7a9117b2f24cc,a1005d42ab0ed43009c6f30eedf12628,a0dfaf8d608aac9ef3de97f3758ab484
930,d56a581b4b109179d6688d3e21d7225f,f5440c7daa9981ec029c955999443de8,3f96a2dc128a82c1a8826385a23cd1cc
931,c5560bcc6aae0963ce9946a2f0913f16,a8d547b83d523669de401e539503ab03,ca8d1d9139e69459bfbd3fdfbd909e8e
932,2ee5b3ee58d54264c2a037ea1c0ada4b,376a5058f8fcf38a3df4a0c431e974fa,65ae2ddcf6dbae0f38297cfa1e3e5d0b
933,2823c18cde8d2c294a0f8d1cdc4c1a1e,63faf78b499e70ceb096c53a6caf31bc,e7e80a801e9a9102e87bcb514b13c660
934,6b8bcd9c84523e1151cefad443a137c2,99d7160bba4f712fee688794520b4137,60a7d61d83daf00d50b8af18920cda3a
935,5acd1d61963dcd5d76670a85904815bf,54ceb058fa9693e181b997ccb6d51e2e,a1edceba3500660a6c75be946b20242b
936,7bfe00531a6e790df9d3fa389a6a97f2,3ecd13e82ee7dedd1ae1749a16cac7a1,a8efd93f48e458673c4069a36c757173
937,2c64c620bb90c077032831ccc57361dd,a3abbe79d581ceec56f3be32f1fd145e,c47a7606008a95d1a8ecbb86ea91c30e
938,901c286b8214018bb61ece49767c9004,f70c37deb169c2ce0ef9b35a45d9324c,8b301972309a5509bbb5946b9f133e37
939,fc6c40b4efd9370aef5ea21fc7274bd0,764ec457d473f52c479f2abbb21ce157,8426c787d63aaf8a8a5e14c110525bb2
940,6b8cf7e2a5e9329b19070013a442cc89,9fd437bdbce5a08de94d7b234079fd93,26f8ef8adb88779ee2e40da2466bbf02
941,c7bb258907e3d1c4cb536166645f7d52,ed2306e1735ee4b91480e74fd44e5a66,b276c39d60d16cdcca065940ed55eeb8
942,6e6c2361d595ec7d96bccb42051c0f4a,81b61c22e893d8f7d5d9a32e6ff1bc3c,084240df70f5d10ade5f913e7ec86637
943,c565cc5d7e32aa5bb05dfa84aa5f442f,ef4e60fa0b52fced74607ab20b44e365,40b8995e152c9965d198d7edb5932121
944,4d7b294147306e72c1cadc1b096b292f,d249d836be027a87143de501fed43519,e838fccf83d4b5ba0b5915bc74a66a1d
945,6201e9e4e8e934994124c456be58ec27,d1d6ed6317466e46f6c8574d1508972d,382abdb964afacf4ada2f83c46fe3339
946,29717c0234da6f914f61eb927d138896,2a530e65e41c7d63d70cb4b4a994223c,fefabb166e46f9096f4b5afa23b86e1a
947,1f714e09f15848bb3292e917f711333a,555f0e5c6585fdf64380c6a2221c4536,19f82c826d1b9406c778eb66d2e5c5ad
948,0873fff5fceb087574469b8c9312eb3d,b119f1fd77a7da8feb9fb211e894fdb9,28eaf92d73381366c785c97a675762a4
949,07a9fa12ce780b43fb5dfd7d24b861c6,907cfae3e090f5d21946d59705ed3abb,381d70c821fce9d79032bc113f10ec43
950,10c7898fb3c68c0e1b268ddb57590eb3,660b6dbddfd14ab406f3d6b0e573f038,f34713c3ba1e433268c056d42b29fef6
951,f670f645e4f75d7643d077237dea3e05,dd5503638e23ae79eb3b091ca2b8d4e9,ceca3540b0d27bc1db9400138e1bf518
952,03d147633edaca0d112520ac2ce6f11d,8cc5179031ebbf5704f2cc33476dd5be,acce2e1a8b05e3445bc4e506ea5ba8cb
953,4290399b3f69139d9d35cd7b5da13266,65b59d73dd788168afab76694d39529c,22138d8dce74b82fbb14745e3003a57e
954,d784fde095ca1209dee96aaf0b021a78,9211e2a55ae8c8499c0a3bfd6fe63fa4,be9a4ad52349a7a82f4e8ac2154e93df
955,f2a05cf9e8b20fee5710fd7f32e95b8b,eaa8d5b00a23d0da9d82b22cf053697d,730e67d627553f2268de2e1d17b48c91
956,c7d69b4a22cddd0c2f93cf6939d898e1,cd0caa41fe8b3cfb5d80601d1065e597,1ee5dd11e670c5a007555d77537635b6
957,cb74b2651f529e460f2a169b5ea176b4,b3f67c6246aa75e880059d457528c423,b7a837796e7496728febaaa909b363c2
958,15a542e51a3c58da002695eed33a1511,7de918b1fabd1ad9594666ebd8fd0652,8d2d81395c6a14a4683d92b7db8bf18b
959,c876728a121713f5d999154f0730d5e9,6fa92edb736bd9191d197ab8eab2e535,9bb08719f4422442cba4253b2ba34b62
960,b4792bfb6689086e7ca4541a25d35b95,df8bd94723b96652f71fbdde64fc8669,81012e47c88a443e9c28181ffb81194f
961,99b76caa997ed99703923c07cc44a7bf,ce8f7d335ba01839ce10eaff44daff42,1d171970c0d07daab553e087d01de308
962,6155f934efd0c7ef998c1a6355aead5c,833399dabdc938cb8b0bc8321c8a0b47,f3efb47e8aa4c9c9f2a4cf9cae2431a5
963,4bbe1ce0af3c904fd81392afff6c116e,deed6dfb83a1a91fa358bf156302ebc0,512410e602e488f76eabc10127193362
964,1cf5843c2a55f70a2e93c6107424b545,074c3e01525681a275a42282cd21cbde,eb402c1146b33c126aaab2a31f1cb911
965,296c0eebe031a2dfa58e2921f74354dd,6fd2d42591da02ae878e2d5c74bcc98f,a88041b3adc88de08545e214311d3e17
966,0eebae52fb7dd8f6423aec7f5e3d4f3a,e63d457e162ff5875c8475210734f704,83cc96d7745a5a6d2e27c4dcdc9431f8
967,efe82d2ca33e6463e5b5b5dd46e1ce34,8845e2a5497b43f86bb2ff4b8a0abd97,a9001c117730dcb698f2186402a5c697
968,62b633dfb302067fc326018482d36c89,e69f5703fc72f2b99a2cd8eef05a11e8,4a2aec11bc2def9644ba9756f888ec24
969,30a54c050c9eb531d2709b05ede484ce,df0b1629048c16c4ccf02559dc75d3d3,3752b697cae9f81a9d5ffe44dac58e7a
970,78fb9c534fe83124d15dfd2b64f62e17,7fdda19fabed1c92c7ec50194dc96371,64836a799f01a425ff277deed36210cf
971,d6dd4eb14b82f49e51c17099b0f54235,ce9011a24ceb0542202468792438328a,14cfeff25aa96b156a952fae9669162c
972,890b1b3fc51fa2caf03d7bef25a31336,4817f7eca9697088d10623470bd5e7d2,1f48036fcc122a364b5d8becb60aa240
973,c914e517a8f292a785df584a7a1a9e06,217eb2dd2f2e3c24b6420aa0c3e3894a,34f9cb8a992bc7fab6593d27d59f6abe
974,e643797bc1d667d5b6a4f43ddd91c27b,1a66b4d3dbb1089891835d2698c6deec,cf6d2d5e9dd37892e7aeb4cd12f76db3
975,15b9c9c16952a563a85bc7a9c91e323f,68d176562d24b53cff4c1c46d30820ac,2f5379bf67ca1190c7f168736d9d8efc
976,c60ab9edd0171d5d22e70f2df5a92308,6e9f8456612b8c7ee6c4a5027539bf80,bf38ba6532875b782935899cfcce6861
977,d4503a149810bfdc64b9c10bc247ee48,b00dac3a80f778f595eef444b51a1e07,93ee46eb8bda86d390bee02fd3766238
978,f50e9b75a0d7c2e4ee32bbfb10eb7164,998668b127c12acc5450bd87b0f6af30,c6e8d18c225d68c7c783b7ba5c7cc98d
979,3205cf61128c41e20cf2c12c3c89b2a5,613e995dfa9d43f4666e43ec46a9cafe,d84c84c7e96c8a3609150e6afc1f1186
980,83139cc77b98d060b59a997df7c67c77,03849b0243900d79446bb27849dc0bb2,3768074389f48288edbc2c79261dea2b
981,b09983414eb11c9fb676f29db50f32e2,1b395ce8fd3eee21b0feb260e477a197,a5a7c62ef1e0d28a54c2da8355447c22
982,c733a6afb1e66a15e73d5e66be3a1c10,47791bc4ed9a7eb5329f4af7c4bbb84d,df12d6ee0acc0f9ac57749e68c2c3ab1
983,05f2ae45ead3e5737d102656366752df,af6fbe10ab6b3bb50812e4c44b54438f,e4d241c25e1d63b25a01beebc53fc0a2
984,738c290ad6589e07a3c07158f691dbf9,1fa2c2ef880847b97b4fdd3c1cb38fe4,7ad575414ac3516485d5ed13602aa8b8
985,046bac77a58c1be84a6418904e755280,de40ff48038838a3dc494e839dde2945,0960b0d7aa0b3c3cb95acb72e8bcf4e1
986,5a82ab21ce6d0d7413e3a6180f1ecde4,389c1554f751b2fdd247495b71efe30b,78e46173ed26ae262dc182236d017937
987,6bcd9a5f97d5c1c8582b28a23228065a,bd7b04d0b48b5fc9d004e93b536f72aa,7ef96252ee2a1ffe86730b31a54d12bc
988,f6549477cf5adb4bd35894d67d7dd86e,2afed834461cca7b071d5dfe604e1586,fb5fd7ab15e699998a30b36fe169431b
989,46fd2b305a7d998540ea08435804e825,85476f0cdde5f4f30e47541d5ba44586,09e8b4e9ce5253168cf18c88bdc8304c
990,77f39327a9e1348bddc37351968ab58a,4f533826b961b84eb76169c1a94c61ee,0f958c8bbbc828b2e043e49ea39e16e2
991,8605810b8ba16fa6e2854dedad10d573,b73bbfdac8fa640a792316345615b313,de3b05db139bc09c5fd3b846245d647c
992,6022674dabca016474586aa350e7a67e,6be53a9c6190b5a9240fac9b5b5eef58,ab2b0d15632c3e9858be2b2889c5ff45
993,1c36c6b2d051fd1952232efb2613808d,0005f7aaab2800f6170c399693a96917,41b5859aa0d162eb72387b3ee8a8903e
994,97a08708adfb345f406e85397b0e05e3,ea60e3c915ba5b5c9a8baa619e3752bc,9d53a24212ba6cb0107e681d9e39a9cc
995,95ceba057707ca5624053399bd2f14db,6d813cb6cb9485c6222a20551dc1da21,1085993bc2b29373d30b5d0ef0c549fd
996,bca42350673fb369f1fdbb6918bff701,f7ccce426ebb48fa278ff063858f9299,604cb4469dd3f8c69718d8e1dc99e6f8
997,a778e005ed493fbc8905dfe811694b17,298d780b37c48a65e22016e482978113,cb12c1ef22a8b58e36570fdc8dafbaec
998,f12f02fc993a6cee39d10fdf26b528de,3a7ae2d6d9b4bec6df2e203552dee342,0a848ccbbb065ef5ee59dd01710f8531
999,510375129659a7bf90d2b85b42ce1efd,aaa5732cd49bffddf0d2b7d36fbb0a83,4056ca62c7372fc17eb1cb55d58f0866
1000,497813868ecc84bc315997f428262cd7,fa7ece1587e37e28416110063cc5266a,d74ad1248c21f6a8ab77a7462e1dec31
1001,daace2b519f2e64bb96e205344e39f50,dec7208210f9996d08a183c271f8d827,11685dcddfbc26b1c8dded45957469dd
1002,84b1bdc06545ca9128c924dbc0b87715,168d6d2237b12cf241993ee140c2558a,abc48431c594fdbb2441e59e9572bee6
1003,553fa72290f35f2cb58beef577855ad8,9fa42d765e1d7d376d4fddc4c590ab37,8679a305ae1cb7b2ed35c30529650e47
1004,ab2b81896a2b2532c96af47b2643676b,6effabbce9e1637d70e503677d42c09d,2e990ed6a696d1486ed6047a436a4edf
1005,ec351f4577baf670e6008a5ad49c9e96,716055036e3c107c1531535fbf8f5cf1,a58d6425e3c86c6d532cd57dc7504c13
1006,da1de69a3097c5cecfc5a5c20f125340,e10c337764347d31c843126ea3156504,7fa721b04e1ddd786cdcccf5263e608d
1007,71f72c0faf8f61d142ab33c4865ca538,2009aa01bb165a3c8a6b3d5a633ca9ce,5bb4d886090bc6f9f359945928d45f02
1008,1392751dc2ff4e148c89fe975c5a505b,045abbf620e79d285e7d9d0cbf39ec8c,b8e52f4258cf7d069e9c5c2698e44e3e
1009,c306e9bf52ed33801003d17ae3f60d32,8efb75ef39c5b55cffeac6d3d19cf238,46bfacbd9cbb1ec7c4cd069e234cec51
1010,2b8cded1eb60bf2f5c97be4576341a07,26868ac74c4ed809efbae61c6ba15726,c5f69f20e4c9bd6dae83222afba587e8
1011,ab057a99ebf485362a78685f68ebb79a,145ae6f948b36cb450a7eeb9cbac4cfa,97fa3c9dec8b6d00cbb330ab0722482c
1012,f1b81dbf9bf629ed8919916bc5287786,67edf831a7b0e716ed35b4d637dd66a1,3a528abc8465a57d2a4c7f823051dcf8
1013,1594bc57c05bef1f97faaeffceba6250,1c629d01bc58bb8cb94014b6f935b40e,36154423239f4a9e6849cf57ea8a4489
1014,a7b66cd218d528810926c911e1218b56,ea6606c5db492fded16b2120e184455b,23279725c942117657b2287c41520b96
1015,f344628cd3bfd6e1cd80456bca9358ab,e3a820d374f2edeaaa719da212253d51,f73836ebcc90a2855d78158b746169db
1016,17ae9e54799a59930cca9015e503ac07,991b6a11393bf5d10e91a50f581cba68,b77a9076b560f05dec87198633e8e00b
1017,7f1d716f6d571e3a9aece85c67774b33,c176131dc05b4c90d783679433a79244,5c8221e41ea4fd14580697ff97fa38b6
1018,44f20df33112cfc1ae49f18ee2efc913,88fcb6de1ead418b238f198a635179c0,c434b351328d1202d90d7468be10c46b
1019,6299578ed6388e6b866fc04e931fa15a,10dd67ea8e8fe3edbceeabfff19d1934,1c6e04c29601f73eed22bd7b6381b8e1
1020,146767f7d93d3093f647e003c9fdb0bb,ced6ffe009ca7f22c825b4ddfbc7f8ad,e96abe7cf94b26fff31bc9d9ab8820f5
1021,02e5b03f8ea7ea2787101b758291d162,baf9bcfaaaf14467f766dcad728948da,e10ea1f294e02f216204a965c2fe09e0
1022,8e25daf57ff5b9ee0053514ee21ad9b6,ae6f1a04d5c4fc301a8084cb2c888166,50467a6acf3c242827713dc6dd1b5836
1023,f9e7b42fd5a1fd18683a846ddfa94c8c,342ebe047585744a01b924491ecd5222,a28c776023b9b5ce3eaf55c05b5b1214
1024,6ad78c89d6b8feadad6d3ad85c743e32,83f94c8caeae1de1d931051fd1dec5c6,df6054cdf663fcc0fa704d6a45ce97ef
1025,59949a9304b8d4678e55709ef9cf1d8a,490417dca347af4b988ecbe11c54db52,beac155ed4bdcad4a5a4ce22717a6c58
1026,c269146f9e358cbebee9df7e23ee1239,6e1fa7c1156d3e0dda56638b893d86b6,5203b6b2f6c3e46cdb2f09b9d99a5ecd
1027,e23ccdf6deeac16fd2975c976dbce4d0,66617150a489dc0628762098b0fd8e99,4201ba655b6456240e68e7122614e6a5
1028,072f1b5740579bbe7f69afdd33bee8d1,afc64d05b77db622ebdfffa969315d3e,e455ae3e3577a5dbc38d6893edbd943f
1029,1d435035f56a641e0fa2c9eea34bd8f2,7e112e87b63a0ce0b8988bd15d2c9b8f,a038e9e20eea794b83a8b68c128b77fd
1030,59fedb7f0c3cca80dee607192e270a5c,6a8bc78952e550d8374655274bf3e0fc,8634ef0b80d1353887839c0a4a36e074
1031,fac926289d51ddb79e2739d2b075d627,,
1032,5347a36e1d6860792dfa5c88c32853a6,,
1033,28acde305cf3cfec908b01a2514758a1,,
1034,236bc413143580332dbb51863d097b4f,,
1035,8d2b245c0b16c142dcd57fa32cbc6d86,,
1036,c3ca4a75be0055aefe79f6849804d62c,,
1037,c2db09b50aa7bb3d998b5bdd4f4d93c0,,
1038,fbacda290baa284a06ca8fccc2c7ee72,,
1039,87aa1a48a88f66a9619e32b545b3d2bd,,
1040,f5d72b1f141a139c46446d263ceb5e7c,,
1041,53ea5387fb7a5ed7ba9252123ed8e122,,
1042,2be0fecc99253c5c199d478c1f655579,,
1043,06005debf8e7e498384b383c018e1127,,
1044,328301e9dab5b0983dec6ae3cd87897f,,
1045,f7a72aee39b9551a4027fd7db0ef8d7e,,
1046,20be7c34058e2f24ef3bb0cda3c376d5,,
1047,ab2c9cfe67295b5df71b9d40d827ced5,,
1048,ff30f31f767ae4d18f5145598f46f5fd,,
1049,42ec055dc827cb138393c9ed767f9a21,,
1050,bcaf9c8890c50757bd3624d5bd39c270,,
1051,9dbc64b9e7a18cfdd825ea44219b8330,,
1052,b0cc06f43c78e42ea4023817397eab7d,,
1053,b53d446fbf97184b24acd35dc7f34429,,
1054,ef4db235c1d5028e455df952cd17500a,,
1055,99a41a5e8adfc6b7589ea4523484e217,,
1056,75cf9bec1ba79a53d29d9d81762e1817,,
1057,604342e344f4adba3a302ac43d48180c,,
1058,8033d6e0a204cb0881b3edea38f6167a,,
1059,41836cb954c6060c21cebcb9dbfffd47,,
1060,ed8c726eee582f09bbb45d08344f428b,,
1061,8ea5bb9e2220e1906653030284775e1a,,
1062,e07f1b310d1a857c0c755fddfa07902a,,
1063,e241df65ca9194cb95c86f93ddd85bf7,,
1064,2de70a06f44c854c7e5a14f46fc14e9a,,
1065,0470680842880ac7493bbf5e7cfbc26b,,
1066,4b3c861081c54ee9b470fababd46b0fd,,
1067,5ba5c62518b86d2f6ac2f6f31e38c23f,,
1068,d696ba8f2bf63e937f78dd9e911e9025,,
1069,bb38663adedc6162aae373320b17cb91,,
1070,1c3cb1efbcd042da9d3f1939f4c8418d,,
1071,55be95a3ff46370abfe9883b2293e630,,
1072,bd8331462853a4db2ab46b979491c3ce,,
1073,2ac36a2e35654c0be9e818f9f9407807,,
1074,8fa7f6ad508c78ef7dbd621d579350b8,,
1075,a34c0d728771285a18dfb156259eb817,,
1076,1e99519dbc2e6b48bebaca59c0a1536d,,
1077,50859c64cc15c5cbe84c3d10a49ccbb3,,
1078,c8cd9282130842208245bd0ec8c0f22e,,
1079,e6f83d3ffe066538fcac6efc3259d59a,,
1080,cc09aad9e5b48edafbd9e4775cc58b99,,
1081,196a19d5bcec9d1cd1c98eb21b7b8358,,
1082,881c7c271ef07405693650be45fe1b56,,
1083,0e1f3c283a5756b1372fc67e5230dd35,,
1084,bddf66c4edd97a2ca159d611ad3039ed,,
1085,34159ad757c19c1bded93e4505dc2903,,
1086,09a50526cdd518958c8c846a912141e5,,
1087,f78401e94f476893dfc9f6be930ab7c6,,
1088,9064f0eb9ef8bbb376649033116fc380,,
1089,37571c63d9ff6cd0a71b4b60e130804e,,
1090,1a1229aa03a98248db658d6c2ae18478,,
1091,5db6b9c77ea8fcefc06c939edde1ad85,,
1092,d2728eec000198df9000ee2bb07fe2b0,,
1093,8b48c767af9bb73efebdd338e8f07891,,
1094,cff9b114b19d84d141a5c84dc930627d,,
1095,c5a32c937e25c87604d960166767411e,,
1096,b8affdee909004e05802b957c7d6e61c,,
1097,e03c2b754bce667277ce38e552bd81c9,,
1098,5a6125bdeb2906ba9267a26e98de56e5,,
1099,926b6d653f692d2221544f859d5418f7,,
1100,b10037ea8ac8060ce3906a9812f32fff,,
1101,e610af2c9bdb892102c1c239c836121f,,
1102,66253c7fa7849f5a932348a44c21b903,,
1103,b94e363b5500bffeb841e2f5ddaad50b,,
1104,530d4ae320630f972f49d861a4724fb1,,
1105,479d197a08b7290b7c5e1a44da8759b5,,
1106,0704a3d9638d1657d8b36968ce2b92f8,,
1107,49e6cd04adcc98a79f3d8ddb894b65ec,,
1108,f4fb736869313562fdc74a65b7b9eb2a,,
1109,644009d197e73a26659353807e116e84,,
1110,24307a99905df0ceeb4e945c0b876d16,,
1111,4599ff734c6e613e38adc41ce8f798b4,,
1112,9f6fcbd6ab5f8b996cbd99d795b8daa8,,
1113,afa5ed8df00c981e8e4db6ba7799472c,,
1114,49cf4320931ec7b716d8782ce29c4549,,
1115,8a50e044874fa8db8fa504e642d694d7,,
1116,96dfad49d9f2d8eebfc93fa5aee86b42,,
1117,7d67b112699b40dba45702d5c93cdc18,,
1118,eee26d27dbba4e7dec07620c11328b62,,
1119,5c975e69eee9359ebe8da3f2a376fefb,,
1120,70f71c6fa7ad2baeaff157a299e276a0,,
1121,11c5d0603ad03546001b684977df9993,,
1122,5619a242c6ea14b4d3196f2ee86b5579,,
1123,0bce55d17bcc628e62c843a2420e723d,,
1124,4a59e501ec4f31216f6d08e5d4289beb,,
1125,7cbab4cb4f2b654dab01864409304a36,,
1126,c7f98a0c815cd3e5e2e84aa10fa08a2c,,
1127,bfc4d35887c4df323cfbe761d1f33c7c,,
1128,f3e61a3dec438a366b62df1db47a4cd3,,
1129,375771fed439d26b5374aae3f6b1d653,,
1130,3ae66332c2dd50c6ce458937d49f8232,,
1131,6dd17a51485e289e4373d5129cf3cc6c,,
1132,431054766be0a31b6a652aa5d1caea41,,
1133,46be6e1be662bfdb29d5040f980a9d1a,,
1134,e10ebd20ef424d61222ccc5e97dcc76b,,
1135,8f01bf374ae51581432658526d895b22,,
1136,a9e7790493c9bba62098adf8ade8c2cf,,
1137,ee4ae1f43c02cb515484087ff4a5c300,,
1138,5f45418a3b57cbecf56652b63ce8939f,,
1139,bf55f33acd7b0809b48cd8a1372b7c9c,,
1140,7b7884a293fae272689b6d18e245dbe7,,
1141,cad5e47cef74fcaae1ccfcc8a268e4cb,,
1142,d676b91a71d8ae3b864b99a331d04377,,
1143,0018ae58b01bdadc8e347995b69f99aa,,
1144,93eaef7c97c70876d36d656b675de171,,
1145,57d5a6b61ecf835c28863f3e6e2e4fd0,,
1146,d1d01215e79310f53de9ccdb32842e4e,,
1147,ee84768fd0b939e9fc7369652cba4a35,,
1148,40ec1569058af6c26f95522ccfd30693,,
1149,0df6fef657c83392baa2bc0c89880615,,
1150,e8ab164f380bb0c78f7566623bf5c8b7,,
1151,c070301c3c6b834827e398708c6481b5,,
1152,d415c5d834b992fdc0ad3bcc9fdac22f,,
1153,3b23e245e4e96ba6f40da04fce214731,,
1154,a3fcf7e4e09f8910e49ecc061b5d8c17,,
1155,1d5db12468b623f2e6f9542d6b32920f,,
1156,0dfd3861c03378ff72a1d6607ea72829,,
1157,1d7f8f1abfefa25cfae8cc2ede5d847b,,
1158,1bd7ebd175fec439e449bb17786dd824,,
1159,9852092e24db80fb70f6fb0b4b8b9cbc,,
1160,14be156bb67b73f034b0c326e4b973d0,,
1161,c086762038676658afbb3e39432c049a,,
1162,9539ca1c39d9b6ff86f427ccbb0966c9,,
1163,5b439c3bf2ed699b136dc5ca939873bc,,
1164,2a006dc0297080f9f6f23397b180a889,,
1165,501e4c383b777dd289d4e4f49a6bcf0a,,
1166,622e036c40d720a7bf557668980ea1ce,,
1167,738aeefd8bc05ac71e2ea552828e97da,,
1168,d3108b3d03032e09e9c1f07492c110b8,,
1169,5928bdfc6686f27736c3248c3e4db6e6,,
1170,f750891191013386453c29c16670e951,,
1171,003d4dd6bd61221ebc0bfb9350db333f,,
1172,d9652aa1aed6ef06e2c1f8181b734d9e,,
1173,dc4034659aa2ae3585cdbe6febd3540b,,
1174,61d53ad3869b865564520488312443f2,,
1175,8c2a787d5962f32f6a0356b298c6b9d8,,
1176,9c04e2858149df8ba60cf7560ef9d50c,,
1177,a2876051374ff6110f7572e64013441d,,
1178,507ac341d0a68f80c382a8f1b9b2793c,,
1179,0b6d642c9b160678dcfff095c21ce09f,,
1180,e9c30a0a07e89ca9ef91a04558d0318f,,
1181,dc10e42ab879b08263be5aeb03a764c6,,
1182,16e1c7937dc0a2394bf82f863dd1a25f,,
1183,b9b23d4160cd6061c6014a5d77dcbfda,,
1184,dd025ef522443f0f1e0f2282d7145dde,,
1185,677998d30fbf0b08e100dc31f2fcc0ee,,
1186,e42a5ac349ef287cdcf1ba47281fe908,,
1187,4b6bda9f84d5ceb4ba81db95e382933c,,
1188,a7cfc2043ca954c4295c895a39c16d58,,
1189,5f23bafd7474ed18a65971a95048c1e1,,
1190,eda92317b583435a810cac1dc7bb8025,,
1191,8dfe44375f062a6de5aac69741ae7dbe,,
1192,d9c9948c3c66446410dfc95adcafd115,,
1193,7545bb72e9432d63018ce7cc1c0ad80b,,
1194,b28cbb288d6f8bb2f45895287a621f43,,
1195,e1cb7dd62d9f43421d5a01467307b98d,,
1196,516f93fd6b07daa49fb374122d2664c3,,
1197,13e54c704fc23b77d23ea515c16bc955,,
1198,3f3aba7575fc6aed6c5512cfa3c11e86,,
1199,d4abab1f8cfc6c65c6d4f0e5b5a74c03,,
1200,0c81adeb18c3a36eebc21d53a2052798,,
1201,29fe9e445bbf0c9d84aec6799cbba4a5,,
1202,5cfbe62b74360ce891593fba8a876025,,
1203,eff6063a1f4154bdb706cc022b3e3bb8,,
1204,80175c7d26a0677a08f54c5b66af1555,,
1205,95c2d3c62a1958314c31967600e736ee,,
1206,be95b2d37a7c10e553e074ad4cc98f78,,
1207,2cf0ca3050e57483195091e21cfbbab6,,
1208,c37c0f37a50ccbf5e51b148a28055111,,
1209,e0ca5e9b18d9d563d7b6a4fe3d919f89,,
1210,c176d5630828984c57bf0c94751145a8,,
1211,4f0d03d08a5583138eaed5761f895d28,,
1212,6e60addfff9ad2999bbfccc14dc2d6bc,,
1213,64c46cb52749df98dafa527d439fa606,,
1214,4c060e4c59fc571888ce448963cfa8fc,,
1215,1a47516a42e7fd48f8a05253ad26ae62,,
1216,5505327aa083e92dae34a1d58b04d5fe,,
1217,b39e17375ec90340ba1c191716858c65,,
1218,d7f293887ea70c37b1c940ba372e1a2f,,
1219,faa2baaa5df5c81c1de248ad7dd11645,,
1220,09a0147a0d752216ce2c77c828bfc14b,,
1221,99061fca83e817915e3e20536bf9fe39,,
1222,095fc465913010fb51c3499000813454,,
1223,160a477ebf1063575de0657e87aee1c2,,
1224,fd9f0f26e419167b09f3ae4f7a46c9fd,,
1225,8dbedd97ed2b7b01525d6800d52ae073,,
1226,9cb1fdd0889a10da0497afa89ce2cd98,,
1227,d10444705e9e97c52affab94ba03f7be,,
1228,a7f12fc7f665bc039d7eb3c4b08bc1c4,,
1229,63e602ffc3e1fc9e5f05e13a74999f02,,
1230,baf9c1de83433004ccb11d2756d7f61e,,
1231,57fca8dcbc2f311382970f20842a923c,,
1232,c3fbbd442c89676b42a2f49ef7428b30,,
1233,d9b76603ea5a351942248655981b90b0,,
1234,7e7c7d39cc9b962c510facf7b92e676d,,
1235,fd8c1f420a7c1c28bab654d0d8d3a6ba,,
1236,1fa229ec96b3e350801aae58f0628023,,
1237,fb1336e0bc56fea6baea814470f3f4cf,,
1238,a71f5c9931a10907ca1b1fd09d5b0798,,
1239,23f4b308dcf9354e9bdf5886c7f6f36b,,
1240,eecda454c4630e9571a784929938c3f5,,
1241,a733ebe1241b7fbe187b49b7b5853f7c,,
1242,1aaa3e8a1b4a738cb9a2d358dd45dbc5,,
1243,e9809d14f4bf44dee72497ad9e863f63,,
1244,fae6996aeed84a9a75cbe726be46bab3,,
1245,afcc959577d3801b2e2ae0762347f1d1,,
1246,6b6ee3706f0b7accf8dcb4d85ed46975,,
1247,6c99a5ca4d6c8a76c87d2fd4795cbf55,,
1248,5d19888551175c95a3b3cdd5da9dcd6a,,
1249,85924446350920fb124b657160c966d7,,
1250,68a362123aff27d79dbc5284a948030c,,
1251,531ce6a7fd3f8699de151e1f07b57970,,
1252,1ba43868a64036f2ad3b2cbc2a982f97,,
1253,2d1024edfe79d03c55004ca2be624d6d,,
1254,7569c687588682f6eb814d95ef223ceb,,
1255,46139ecde6bc5abd09e0dc4116c85fb3,,
1256,4fdb930e10a03f26ab85cabf770b5ec6,,
1257,115bd4dfe4bfd01f17f11c13eb61a77c,,
1258,f6c0aa4b8c3f21c9077ea8bb373b4c84,,
1259,7746e3e26cb571b77521d430398c2cc0,,
1260,03cbca92332795356adbdf4dd0c15578,,
1261,dc5d3a5a2d4d114e5e4f3cd07fb55fc1,,
1262,c24b60c2684c21b33a3b88942ddb91f4,,
1263,d8f6b2a76413e5b03d0ee89d2792e610,,
1264,a51ad75de73b4fae8900363d758bea87,,
1265,ce6d24c6c8eba65c1c0329505c6f7eb6,,
1266,68e6f2bbdbb308624ed004484a1da2b8,,
1267,8143e5473a650fd79750a6b4cf7c52e1,,
1268,f3354bb53ed2ece1ddaf09f3e685fb73,,
1269,c395c14a570dd884a3220879d8c37f5a,,
1270,e33f022f319d81b60bc1fcf1c139a0f1,,
1271,b0ab4a0b140dced554f47ecae7a62859,,
1272,b58d4168888e852385cc411b9bf9b783,,
1273,f9404d959c3c8f6ece797507374dc386,,
1274,1eb9fce2fa50f42d94899fd7fd83326a,,
1275,40ec573c084bacfe58e8f073660c2a30,,
1276,f02badb2b1c69c914644ea89c3c5846f,,
1277,8e8067699657d35ca314a76b3892307b,,
1278,e5875827ce9f2f526f46eefff35ab893,,
1279,b2ada20a8d9c8430f1fed224cd0aa33f,,
1280,41a67f858d0135f033183c8f2955e79c,,
1281,b463add08c217ce6678245a9873e38fe,,
1282,34238501396310a6512eccb0120bd85b,,
1283,8b1590bb6429c7b3bbbcf0a420fff72d,,
1284,aba52f1d32ab593c075801a10a98938b,,
1285,81adb00db7e7b3034900a1f95a4dc257,,
1286,e9a7994951a592997e163b5a236496a5,,
1287,785b6f565b34da9587a5fc441edbd49b,,
1288,146b34839149849ceb98aa7b9bd7edcd,,
1289,93f72dd7ec242504056611151fff2dc5,,
1290,f157ea3c41b34368266d9f802814292a,,
1291,671932297b6d1cdd3155c01250f62d5c,,
1292,098f7f7024f5c0de68e771c7273fc273,,
1293,0c33f41946ffe30ce79d576e30d7c842,,
1294,1563523865810e5763f7f1dd1a30da85,,
1295,b3ce3505c5d58e3d94da9c662a2f04cd,,
1296,e8efa9929870f9695be85d3ee7276518,,
1297,285e28ef159dc6a54e18cc1962136596,,
1298,96976962491a0fc26a1faac09684c990,,
1299,63006577b07056d2789dedce40da466d,,
1300,92ac748f5a590d8cb9862869c56ce0fc,,
1301,7f153e8ad8fff37222bb530d9bfb3a23,,
1302,b0f2cb16755d46186dbcd813ce76ea05,,
1303,95628b86f92136292339cdf12e2b8c8f,,
1304,c1fe7ea9e72f3e8204169b38c5df317a,,
1305,62b7b103e94ad6c24140203cd105d387,,
1306,00c52cb4db1c7a5811a8f070a910c038,,
1307,e891d0d99672757464ee838a0794f424,,
1308,86c36106feb06bb5867255e46c7a73bb,,
1309,9a6168de2cb3b67a0473fa5a5f0d9115,,
1310,ae8eb40dd6bdc9fbd6bb30d0e18828a6,,
1311,8743d3eac43f246d21385f3070901b05,,
1312,9fed5cc4b3d6dcc5e0bc4973e159cedd,,
1313,fcf3f8be11a2d67438b6fd39ce1015a5,,
1314,d91b799dcfec74a8fcb96a53f2022274,,
1315,5f0f7d362bd640eaef0be4076229a7ef,,
1316,572dfb66b55586fb4a4a2e9322130928,,
1317,a48e97856c956d50cc4f522574cd37fb,,
1318,cb5ce5e8af1a91fda5efb238e2e54f58,,
1319,99ecaa4a61fc527057721723247a099b,,
1320,df37b8ec68090eec1e663b71c5ea6371,,
1321,e8d2f499e64b8d562838572bee7ea53f,,
1322,bf6671ee64037cd05665b5e51a9063e0,,
1323,21715a3b533e4bcdd9f189bbd5c234b9,,
1324,13fccfcbb4f797bef31dc3411881bde1,,
1325,665fcad8a2159796d111633809f6d0b3,,
1326,2bae80bd95f31d80a4e101ff44f4c0e8,,
1327,e31d9b2e94f0a5774796a8e8affe0180,,
1328,4329ecc226ab6eaac30528500da78995,,
1329,cce758a516c17f64403e0550afa13705,,
1330,a4514f8a6800bf122ae746c4f573ee6f,,
1331,cc1ff189efdd483f831fb118780026ec,,
1332,9f94f5b3ae0b2cf5b345a46ba1a32f1b,,
1333,26d4882a86307bc4701e0147738aa320,,
1334,ef3b99675c116b6572cd8694ee1dd808,,
1335,d931f2fc50aca040ea3fd6e917666483,,
1336,df6ff40fbec6619b935d8fa3f6b9ac39,,
1337,6a20f367061abe2487a85af7b42e2d5b,,
1338,56aad0a72d0b575ed7a7c10c9a6aa0ed,,
1339,8c29bd4a2c7e20e6fe58fea5bb27309a,,
1340,b616fe31986a6609e8efdb30885abb5e,,
1341,a4edf7a1424c33511b31ce8b541c76e2,,
1342,27e5bb4709a5b4e8dd9f7c7a3f45fa2d,,
1343,3ccec5ef9dcb8b71c538f0e893f1d563,,
1344,65eeb8a6bb20edfef24a0a9760336819,,
1345,622fc40ffe3f5307f850d3e6e3e738a4,,
1346,96aac9c3672cadf72e9e60d634bb145a,,
1347,fe5d75959ab6290565b739951f2b8e1b,,
1348,5ebc2544193fed9aa6e846641a8d8f1e,,
1349,6ac9e66e78a3eb76259395c7b3ed8dac,,
1350,a10e936390d9d140fd8249c9098f024c,,
1351,cdf16b2ead8765e75813e2071d14965e,,
1352,73ca95633a46136d909f5ad45c7ddda1,,
1353,29902e0468255fe761c664658ec3b751,,
1354,7ac75b11d166936c552ce33e170afd4a,,
1355,b7dc4f9a9ec64ab4f96f58bcca916d51,,
1356,ebcb278bfb1d92fd4d48046fd697e2c0,,
1357,5892b3113aa9e0decd5dc15c74c7b1a4,,
1358,267f0ec89d4c07f0a113e4ebceca7d54,,
1359,687d89772580c411d434b346e1e6c505,,
1360,fa6f7b3a6e9c17919d127c670423774e,,
1361,f29ba486c7737edeed823f93b9fe25fc,,
1362,137424bd3da854f6a78b917324fb5bdb,,
1363,c35e39e522cb0a93ecd114c71e72af05,,
1364,913a2707c4014d58fc950f0bcad251e2,,
1365,63b975bcb48f646d7d48bcb0d5e16b98,,
1366,30e85f5810d4b790b17fa0c3b9ac0437,,
1367,31bebafb463103bcfb0d5be7141720b0,,
1368,9ad778a5756c42441beb803ad8318fec,,
1369,c51bd12d683f6307a8e906f214fd5125,,
1370,2569e44ff22ee25e44ae31cafe6450ba,,
1371,7d80be46df79c4afb186fc953f934399,,
1372,25c2b08a48f106eab07ae2586a70a5fe,,
1373,a81c58ea428c6c69d39e3555c2ace373,,
1374,f6322c89ca7d645cd03e90e33d717a83,,
1375,f73951fddf77034c9fd44cb19f5fe6b5,,
1376,cbf4271aff5c3365e6d9c7de7e49468e,,
1377,aca61df8852daa183fa8cbf30a2e8660,,
1378,604556b258623f461eeea2b9e46bbeff,,
1379,80922d8d5c237f957f5ac4411943758e,,
1380,82f3e320faea249555b7b85c7cb4d071,,
1381,20c05ea5426b6c50b857057ad0ef7126,,
1382,ae1c6bd846449adbde74b0cba5cb7a19,,
1383,9aa0df0ab8a359bb619a18dade394912,,
1384,164c55e525662562a2cfdbaad45fdb75,,
1385,ea2f3faabd452477e8f792ca02925cd0,,
1386,b97714e3e07e57a9bfc005fc830a1723,,
1387,fc3d822559662122337f17910e8ed922,,
1388,3c33af33f79ee32f52a75558d96b2482,,
1389,7732735eaffbc56feead4e9d2e4663f2,,
1390,84788a5d87253ff74149afcce0a4edb3,,
1391,1aff7ddcd1864b0e2fa4fdf61e965a83,,
1392,9fb37ce7f60b8395a47599f2b2def47e,,
1393,886f91a0a9f9a927fe33dbd434397ae5,,
1394,cf71025291b7d039b30434e6ffe94272,,
1395,a9602c1b9f465f9d3ca9f41084a6c64f,,
1396,a07104de6e1e00d2afcec36c7879836f,,
1397,f6f6fd84d5275c9f2caa8edb15141607,,
1398,6c568690f107432f5666cd298c7a9014,,
1399,432589e7402d6d79d3d37131db002d54,,
1400,6540bdf21df5d3694dc4d3165339d8c0,,
1401,787b336dec5e8a7dd9d993a9b23b773c,,
1402,117683a5298a7f5f8832b85c3e827750,,
1403,cd976ea28b11b8f19b4c1b3eae55efa1,,
1404,514f894a5d88a2f7b8a36109c0caa4e2,,
1405,b25d89f0b0cfe730c74db9e616b95522,,
1406,fd412a8f537036702bb0e3fa3160f336,,
1407,ad7215256adde5b4a70de73d561adbb8,,
1408,00d8a8c04886379e266406fdeff81c45,,
1409,8b53e39fef183c0f3af56a47f42177ec,,
1410,0efdb66c93d6b474d93dfe41e40be6ca,,
1411,85537a74e1872569f03e0fed5e8fb9eb,,
1412,35e9245ad46540a9485b220e4fd16ea4,,
1413,3a8216ba5ef23e99868f7c17e8e64411,,
1414,20bfdfeb0d070454d02b2c98e351e5f6,,
1415,d439005ae0aeb218bcc014e67c92aba0,,
1416,20f78bd7716dd352981d93d2fe7fd178,,
1417,71648d6b0b10a8c08da9934785608b51,,
1418,84a64d55903e7dfbad5e59693be25669,,
1419,f944e46987d2a4e424c34b9a87ab7d99,,
1420,2f9ffca172b0c51947b406ad19c4ea94,,
1421,bc3ea73616f606f303527da9e52796c8,,
1422,d33bef726e38ebeb8e7e3c0ade1e27c7,,
1423,99a799d89d57d1dd0b40728a6b7796ee,,
1424,771d1a07ddea7dc129a58d50f749d042,,
1425,1e840659f5bfc1b50403eb1f2743c632,,
1426,3b343b8c4e2a854735a82bcebe482a14,,
1427,1e73a4d3e89de944a6c309defde99839,,
1428,c211d5549cb4c71c25ebe6ba79ba85ae,,
1429,e55a0a59287bb3e3c51a6775a3ef30dc,,
1430,b68551866ec91a3417b5c51a82f807bb,,
1431,50203fbd5de280144cbb16749814a3fe,,
1432,3795ba90ba4303d37accaa4eaf82c747,,
1433,313fa90b9e772c45fd3208fa562646ea,,
1434,ccfca35fc6e072b7f53082fd5aeb0e86,,
1435,e2138754f55ba87cd4cdd2ccb8f0721d,,
1436,bb6a5808a184427408654f15790faf50,,
1437,97bf4d65f07954809658e01478408637,,
1438,b13de5e3add05a187e393d0eef314891,,
1439,257d6a1beca738d4411347c728f5bf7b,,
1440,babace06b99077eb1b3f2c5d77418656,,
1441,90f27b8f8e4c1ca220df5e199f7f21cf,,
1442,3af3acea1b27322f4739f69684830d32,,
1443,79c8f162b231aebb6c639afa3f4395ae,,
1444,30e6954a2b038cf46b628bbbf6cd23d4,,
1445,9800153dd8ccd37fc5453f60e6c77a78,,
1446,29d2f5d94f7b35edd1df65bfa6cba406,,
1447,c110e92d1bd7fc97dde4c8027e3af439,,
1448,f6224279854d1b5e5b41e7cd3182caef,,
1449,00c15b23b30a5ba061358d9641118904,,
1450,84b003f61775364863391f586bba7c6a,,
1451,1d05f36a330dd277b194f98a84a08ee8,,
1452,814e03e0dabe52a24961a88e331c43f7,,
1453,9b420fa839c2a9e3f03836e9b1b6de4b,,
1454,58a3583e9638e7d7d52d07587216c616,,
1455,45910500e405b732fd6c0d50c921e3f4,,
1456,f327a26eac60aff04d28d21df275b52e,,
1457,bd794a0fe18a2b0705a024096c77bac6,,
1458,f33ee63b980e520ee01b85dc9edb8fa4,,
1459,3901caec5d914bf20a44f176469b0294,,
1460,fe309f77902a9790166ad50bbeda0eb5,,
1461,845f93031768557ad5c0948bf08d043b,,
1462,cbf05dbfcf24b4fc7dded902c1ac37e3,,
1463,6e9995fa4c8db46c8bef5798eda91bbc,,
1464,d3e23bbcfec0c78ec75c14122e7b7ec0,,
1465,479200a381febadfd767615fbe77c3ea,,
1466,fedd0914fb849d76b0fe96e1683bbe55,,
1467,ac1a8cf1f24d7640e0817d1f9c7492cd,,
1468,63f857539684850528531dc73ded627e,,
1469,98437e99d54122b62bedf58038f1db93,,
1470,80e4dd1d33d2559f42068e45284d527f,,
1471,081326594b296d372b9dd3e8af82350a,,
1472,a81d768e9eacac29f12201fbb1ed93ea,,
1473,cf7f123c8b625d018cd97190a3fb3d51,,
1474,90fed309bf399bb521519199a45f09b4,,
1475,826de79f843dfb942a48c539249aba71,,
1476,a92036b9e0cf700c508bbf54f21cb4a6,,
1477,09a9f7497e6ba14eb0a12388ca17540d,,
1478,035587e63d72f8537b3fce5067bb18df,,
1479,f11d6a6a4644cab41b87e6542be7e407,,
1480,4a17b334e64ab52c7861d0b251b4fa34,,
1481,00ca0c23961b5510be46c917be11c43e,,
1482,1570eb633e568a39a3da4477f9620c5d,,
1483,7021622a31d3753956d55704d2073c2e,,
1484,9c6d3c38a62063c543bd502409d69f12,,
1485,e424946aa014c140468320fda4683cb4,,
1486,5a43ead356b201d82362ee5af3dc8364,,
1487,fd8e22703f13041daec8ee1e560392a9,,
1488,b5d4713427dfe4ec5f0315f0724d69ea,,
1489,e36919a1456e6464c4163f905accb5e1,,
1490,06ef49a7b77e883f089cfdd80642d6f0,,
1491,259e66de7ab753d9c36797b831ce518e,,
1492,1ae5bb38e69e00f22cb087a4d2237b43,,
1493,3d4cd7d76ac3fd28bcb64af6e7a4ad9e,,
1494,5beed3b27daf64fe7fbc4d065883826e,,
1495,243d8c9814f5982607fd7297137bc801,,
1496,b7c1e11deb6156a5a79298b14669b4e1,,
1497,0ebca9447d84a555740f21ef4c585bd6,,
1498,66bf5fa7e14d885f38e3dc61a64f41ab,,
1499,17e370eedaa11c265e5cabb3601a2fd2,,
1500,29a1168a223e589bb808ac09c36c1d56,,
1501,c7781e276fddb4b7a9b24fb9ece1b219,,
1502,2071295e7aaa84c087939f5017e7f7b3,,
1503,1f60da87c3550bcd5f66be5f76416113,,
1504,12493fb2b3ab6e3a628dfff875cbb335,,
1505,e2319f2602a2099c2e64ce1c15ffef10,,
1506,f0185737bdd21451a34f41515395244f,,
1507,5618c8129a6db9d5d94bb26f2b58fe4f,,
1508,3ac1b4146a8bea81e2ff2b1f2c0bb0c8,,
1509,6e70fa6670bda66963853ad613e8fcc5,,
1510,4ebbb0e1da2ee61497432d8410567368,,
1511,7011aee2bad0c61f658a9e50aa0469e3,,
1512,d0cf3aa67b62f08fa1493ace45df7843,,
1513,9921310eb85fdef96f5ec4b5bea102c5,,
1514,134160267beeb22f782f92b728cc5abd,,
1515,7bc0cca2cee2bf4522192fd5ba79347c,,
1516,2f5c2f001402c02682217050f718d375,,
1517,bb67cee6297c4c76b83fff361350bc23,,
1518,eca419aaa2639a18266ca5458495a594,,
1519,464cd07657f6695896ac14c4d259df5f,,
1520,2285fafb1f76a5c4fc268b08c7e8ff9b,,
1521,32d22cb31348b9bc05db98b08da8c867,,
1522,24059c009e9ce9f671be3182eb6e24e3,,
1523,fb63da75bcda973dcac1418b7cca2078,,
1524,6f310463d3868e86be87adddeccdde19,,
1525,f3e8edd7c718b29a36bf112db97a55ee,,
1526,330823f8120df480aefdbf1d107747ba,,
1527,5b503f5a5b80bbdd98128d346e9a72b7,,
1528,fc6d9110164633d2618a8df18fec8c2c,,
1529,060656fabe162dbdef7e4c520068d2f0,,
1530,76541217a60105571466b759358ab8df,,
1531,9dd4dd4673d2e20545ebde6e94aaec87,,
1532,60a15dda8570e347a3529a062fb1d5c9,,
1533,db8ff1904b4dbb6dced48061856d9849,,
1534,99a7a8c490db6494b855a35f3f248e86,,
1535,45f89ece67e208657282b2dd46190aa1,,
1536,5401cdaad5df404dd6eecec32235f58a,,
1537,0373ed8a095e0a283da690de360ccc21,,
1538,d036e5b82131663ce9713366f9285063,,
1539,2d5d881e4abedaf2afa83807d93d18b9,,
1540,f7fd70526fd4cc36b348e1231cdab33e,,
1541,963dbf9f3a2bbf5ba88eb0e6e15cb628,,
1542,72bac273a1df78ff5d3c8628a95f8fba,,
1543,13aba34105b637fcf77e4efdc4ccaef4,,
1544,3424fa4daa40e0bb944a1f579ca895ca,,
1545,6029eceba97e1f924eec2b51df4f8daf,,
1546,6e4122eef9edf14c7ba932cfb9321788,,
1547,99c859ed54c280bb910ae90ec68c228d,,
1548,a3619255e4582f5d99537a251e668d35,,
1549,af79e4772667773474dea5134a7d006d,,
1550,b53d843700d9665439ec8791e4024d70,,
1551,0ec1b37c75064128cfa8381a8d7e5d72,,
1552,fb4fc6ed5524cdb6492d80bcc0a8f6e4,,
1553,42fb5621a7efec257508e6b08d959c3f,,
1554,5a06d394902b921255cce2ed1bfd2f57,,
1555,26ca4dbc8c6f341f304cd49e4fa0a215,,
1556,c93b8d5f45fb7dea353560cba2eebdde,,
1557,901d2acd51382d7568fd83389f704888,,
1558,91af122d94f80bb3d32eaed47bbce034,,
1559,f948e5f2b0a49af2c0a7f3f74093262e,,
1560,425d3b83fe4750a2ac67b978263995fe,,
1561,b02d2e1a8b84a4e0786a8fbd2775d767,,
1562,7b576fbb0da9890869714dadff5226df,,
1563,04198f362b0329843b23c5cd236f765d,,
1564,1f8b5cd484f0cb5965d03ca696ad0171,,
1565,3ec6c7eb5ad53fd8a1641433ddf33eb6,,
1566,7339b4fe01bff9be3c2326e47ede6ec7,,
1567,608f07ff22fd563f5562c3d11d1dd602,,
1568,38ed9636bac9547da263faf1d068dcf6,,
1569,3c95f95c1e0ec8f7562987dbf3cd1d7b,,
1570,3421d5f3e6fbeccf4ccfc51ca0e7e911,,
1571,fbee536cc1352614dda57bcf0786f387,,
1572,8d14e4160147a34111189383ecae42ec,,
1573,3ba05196d5b6bd5c9c9955864a0702d2,,
1574,fb6ce8bf80f431fc63a72a6e3bd94901,,
1575,7fb8cd030a3f7a8f3c5e75868f703acd,,
1576,c59fbad418d8ef56859463c22c4fae79,,
1577,e976c3cf104dcc86cee5a69421bb38b4,,
1578,139e1e89bca7897799f80da93adcd3c7,,
1579,e175edbb01ee93372ae54bdc1734bcf5,,
1580,6800198c5e3658d6029ae8a8337267a9,,
1581,1757a80843004abda5b946918a04dfa9,,
1582,0cc35bc0fe4dd912b20f72d66888fd49,,
1583,975e3dab22e437d040f2fd296a8d038f,,
1584,4a13ec6df5b95b9161b6e4c9ca8de864,,
1585,4f7b524ea37437c9dc146096f3494928,,
1586,fc860f59830b4295eaa563554b16458a,,
1587,78f6d025609979fc48e7b705561f21ef,,
1588,2fb49b4bb80d5c1f3b5b2fc44fa8a763,,
1589,6b356b6a114a7663f2dbe960f217601c,,
1590,e0e1f1ac8a06766ad589c311f2c34fca,,
1591,487dd5dc98d2980278b5be229dd56e60,,
1592,19057c319689cbcd2d3f4453be1d9c4f,,
1593,7f4419ddb342092c27f745f7962fa7cd,,
1594,c79d24ced43aac04ce0531e229f62f03,,
1595,fcf3ef06a3601448061b7b1adda97b89,,
1596,e80386a9191e95c3547600d94dd3e3db,,
1597,bfd9cfd46255e953b9d62ade1f8b95cb,,
1598,8423df90dddd142668c18b6ab5ff7f17,,
1599,a0714e2fe169ac0e6bfcacc028a4f391,,
1600,168105faabc838069792b436feb6416e,,
1601,c2265a32286d90695745e411d313b694,,
1602,2c251997e95187c5f5471f125eda79a2,,
1603,db5eaab164a4b81f27444d1c80bc33ee,,
1604,8e24d78eb3a2e377b4d169ad456fe5a3,,
1605,f999e08da2e822cceea24d7201eec2bc,,
1606,5aa4b7f84cae372f9ee6d63e32c964db,,
1607,037e64a6aaddb326a8575de52771064a,,
1608,1abb6882a5cba3d9c166736825bbe101,,
1609,3115c635439ae18f4a53ba3f91f7819c,,
1610,63af8bc50ca5f1f8b8aca0a46a7fc428,,
1611,96b8bc9b8128ea796e39a4af6eccdbea,,
1612,c141ed8d4226eef5e743d77790063398,,
1613,5e79a8e720579946198a701deeed3a4a,,
1614,e19a84f7ffcdd000dd94cbdee9564a4b,,
1615,4a617782fe5e92440236591606d83bef,,
1616,b22d5b8aa66214eed40ec49516bcf442,,
1617,da396e7a0a8a7c46f3e10c1ecf71459b,,
1618,abb213da3051a8ef6e482b3882ad9d4b,,
1619,3b89fac978a021d49806d2f75cc9f4c2,,
1620,e2b242d5b7d9cda026d5d1538a4618d5,,
1621,b84c958d1f314cf598e6c522f6b24994,,
1622,b67a1f72157cbe1386b5b159d3128173,,
1623,06521bf2287ba40f046dcabc6c9dddc1,,
1624,548590e1e989bb302539aa8ef1e9809c,,
1625,c1313ee5d78612ef92532f89fb3e4072,,
1626,6392947d42a28861f68363b1f2e536e5,,
1627,ef20ad4052dba940a75b752f48432737,,
1628,603d87fc24c27eb0abf8d363b2fba941,,
1629,56534311eef9cf28c0271eba2031f260,,
1630,548a1b47c6c3d002e1fab2d2959404db,,
1631,3e82e6ca41e6bb8dc98c7006d5ccdba4,,
1632,b521d20219d57de33e48f6ccda6a24c8,,
1633,a5a27468f2a7a299cb8b952abb941705,,
1634,030de916cc0f437f63eb815c1e007caf,,
1635,b3853701d3e05b29f0e2c2bc0f85bd21,,
1636,49b5f3ca83f207b2848770101cacb82f,,
1637,21dddf092fce415496c5870a23e3266a,,
1638,d2a97eb750bf080454727f8b67a69d92,,
1639,8299e52f9a53b39407d0950456562add,,
1640,a09c9526e3316571648552d78ac37c2d,,
1641,644fd820f63428eddc8e4f180e99c345,,
1642,12d5dea1bb9e690b0a7d2b541b3d2145,,
1643,d5bf3e7b1d30bf762b03b60d88177b20,,
1644,27556fdb820073abe367089a67ab87d3,,
1645,cd5000b5145431a1c0883b7753df9c55,,
1646,b610eb6e68c21ac91a0ffd1005035715,,
1647,4d05d7ab251d8f7aced4193b9f2a66ea,,
1648,1df857f30247a04b2a529e8addb5f3d1,,
1649,5f5fa1cce0a7969903073b2d3242eea3,,
1650,4c21e2684e869a2ce2c3444d36193e8b,,
1651,10cc280acc57c3653201a07bc07ba6a9,,
1652,56a882d88e118dcb77a63bfdbdf0b716,,
1653,111b574b0f3bed1be6764860d7ea7adf,,
1654,743ba77cb6d84359b3d3b4e8553b57ae,,
1655,4d13e4678b695a9b5e8793ba8ac8da2e,,
1656,37eee15d48b6ed3bad02ccd749c2409c,,
1657,6ce1a4ca938bc0c69967999bd64b6588,,
1658,07aa4a923f58d02bd7c43c50491673d9,,
1659,8179b356509349b2d8ecae80e6a4a826,,
1660,f891dd5e1bd40f5d223dca5673bbf182,,
1661,e68f28fd854c35365d317d513ef5fad0,,
1662,def34835d0079f5fdd5bfd81b01ff7ee,,
1663,90f40766a31a51bef3e27e361a65fbd4,,
1664,49db41e3293630f0b1a566d7c9a8f07e,,
1665,736b0309ed30e790642114825ed25f7b,,
1666,3ea446fb35b118a634e5f5ce509f672b,,
1667,700a11960e7458ed75689c47eeebe141,,
1668,ff10f937c3d52eff6ad4dd733f2bc3ac,,
1669,e9df02bcca00d27da3a8088ea4e8b56c,,
1670,30524fa719ca467beaeed0879835ae7a,,
1671,e7638f9443ea67c64e7befcfb52d35f2,,
1672,26f2d29004f336693739d11c4047816f,,
1673,b1fbe9701b14bf285318abcbf002d5ea,,
1674,ea035a96c752f59a4934a91068b318f2,,
1675,673c469c5864d8d50afe935a7bdc1935,,
1676,75e0312b501f37b88a274858cb8e7275,,
1677,4d24fcac403f5bea73a53bc6289d9044,,
1678,92a7876fa3e636c7cae555a615c6c192,,
1679,9e3b074837049467ea4802ae9815ed2d,,
1680,0ef695aff0f8378645f8de807856cc0c,,
1681,4730b9f5b855da483a7c7a18c06c3366,,
1682,375b2c9501320b35ceb638a3274812aa,,
1683,fd2c0fd3dccaa4eb53ac8cae0a366969,,
1684,aff0ff7d9ea2579b314c0f0ac87a9772,,
1685,97bed3de5c372f3dc9ba818cd5e97369,,
1686,cb109658cc3e8b87465e9359425e202f,,
1687,18ab344517b07a6fa78f38b9839fed98,,
1688,6b47d60ee262e38e5bf082837c3ca24d,,
1689,19f3f3265bd80f1ee68cff968541639a,,
1690,f339d9778d8f95bfe372acb04b0c2d7a,,
1691,5bccc3ae5587647b3f6b3a1f807bd9ed,,
1692,00a26aaa82c959624d90dfb69fcf259c,,
1693,72ed5caa64960f0dd8bc85a3c83e9179,,
1694,8ec127d5165fd03111cf492b0161662c,,
1695,93f366029ac746d84ea2aea80cc998e8,,
1696,b9d2a95c3c0787c9faa9901d5b86c5a1,,
1697,d38023a1ae94edce5f0ef2d2043bd17e,,
1698,fcc6696218319355da02c834a9389d55,,
1699,db14911cd56305234f105cf952dff9b9,,
1700,21708bb4798bdebb4bffb7414bce44cd,,
1701,7df851526f6b96fb36918417d70c559a,,
1702,336ef6609c6ce4ca2663aee82d9de63c,,
1703,872242e82c92ca733eed12510b1295a4,,
1704,1ce690a5968d81df0b732a157625c112,,
1705,30ad3675c2b49fad2eb54c57bd76b791,,
1706,204a1ddef1580e571872b2d4e424b4fe,,
1707,5b9b36cadaa3ef1d6fed33305e8343e4,,
1708,1af7e665c7903097d0805cdc95e9656d,,
1709,124a0616099409f5b9aaedfd3ac3ab6d,,
1710,8d24346bac57fef32f520a6d5c282032,,
1711,8893b376a419a07361f32d06e42db79f,,
1712,4ecad8aefbc2ce6931baaee0cda6955b,,
1713,45536830c0c451c9397571656c5f36ce,,
1714,3539c3b891f836b874775d2b0fa36fe9,,
1715,ffe236a25d4cbed59438220799920749,,
1716,9e58c05c9e897384e5984a01d95ef6f0,,
1717,f55f2ee739e6885b33a64d5171b7706c,,
1718,209e212fd587a016db5b429425778aa5,,
1719,69240805aeb7c006dffd474b1253139f,,
1720,89ed4340802efa3106d6aba76341c180,,
1721,1ad3541a3fe674e74dba9b3507eea0d7,,
1722,5f40e0b339592b1b70f17134a06abf98,,
1723,70bbf2767eaa120fd0d4c12c9f598bb8,,
1724,ea9d52d65500acc9b9d89eb6b82cdcdf,,
1725,eea0cd8ab449057ce50b7d411b63d6e3,,
1726,f8398798a9dcd88e7475154488b11a1a,,
1727,5d5ba6a776e985a917f0028258d6593a,,
1728,fe5717205561fb01917f7e1a27ddc2a9,,
1729,d806807466eed0680d0cf5e73056567e,,
1730,3bc54012b4306e04b9b157811d18c1f6,,
1731,4e92c661eb2a8fc107c4a69fcb72dc49,,
1732,cab0adfc6e551c4cca471512b2e200fd,,
1733,44bf5f6b5fe8e1928f3a5037175b6972,,
1734,567fdb50cb0f006c8cf5991b09f30c35,,
1735,dfa98f57a4842a0f6d78d0c9e59380fa,,
1736,9f0d890a2dd6e2d2acde15c1fc6e649d,,
1737,e46980d2dd4b7f4178b2cea4c4088014,,
1738,25c2e6b1c5a915c24df1732d4de8e435,,
1739,326a42dac78dfb195f986b348b87c7ba,,
1740,d76180b527e1b7748a99fc37a005d45b,,
1741,8966778378acb202c1d6686486ba6039,,
1742,bc8ca8636656c10658685c587f893dea,,
1743,2b943dfeaa727bb8c9a6d8047350f57d,,
1744,c6d41e8b7c2c101b9a927d4f403ec451,,
1745,d49075075de98ba225b3306bc8cfca44,,
1746,0cb2ce337d1a2073f68553d15eacb3a8,,
1747,1796a7081ed86d83fddf677904d3843f,,
1748,f86f614f61dce71662f527ac82b3170b,,
1749,599648926096c44487968b630f9b4fb9,,
1750,bcfe9f95b00f5e94d7dce184cfb8b97a,,
1751,3166c2eecec00b44f1ded2a024b93240,,
1752,13676e50355c7661e2e2745ecbe2cb7a,,
1753,b24d10450d164e8d0ec568628e8c95d6,,
1754,0ec18b204bb91f36ae7367016df623ec,,
1755,29666407d53a57a9dfd417fb75040f8c,,
1756,5088ad926fb0b20d97de089d851dfabd,,
1757,8af8df8099130fb4d9667e28b0bc0049,,
1758,025a65c53cd655151b9ff1b9518aa27e,,
1759,3f09402aa669e0e9f91b7f158c8708cc,,
1760,db197fde0bcf98431c68e0d443a88fe4,,
1761,9829d40987b54b96a0c2a56db7f4a45a,,
1762,fbe139b6227a1430960fe9359826cf89,,
1763,6890c90884c340a88a661384550e6339,,
1764,3ad48056423f5a0710d13d943f112fe1,,
1765,82e256f4d2c2cc281dc0492a68137c3b,,
1766,6107645595db6058bffe3bc4b260883f,,
1767,2caca376bbc989ff677e3c82928b5fd2,,
1768,f7b22b5c85c38e708ca713769785a502,,
1769,028dc05d52d1dd336952a437f2852a0a,,
1770,eec264acfa54ae044fd3312d17f62ffc,,
1771,768d55de89f45642bc028f79b39ceaa8,,
1772,9a1c6404bd6a8c67ed463039c74a64de,,
1773,88591e92de81634c6b9870259b25d59c,,
1774,dbb61e609cd4e8bcd8d56db2c7cb5df0,,
1775,22cfe834f8eb30a0d2af73cfa957e555,,
1776,3edccb2b905b03511825b5413f1ddce0,,
1777,7df260d73a124534f81a62768190ba8b,,
1778,6817ba26ccdc4d23fdfa89342dcb4782,,
1779,8f16faec966db9516e180adfcb7720d3,,
1780,c4d2d58ef1cb683c9127bee14ad23e6d,,
1781,1438f19e07c389b47fd5219ca62f9f0a,,
1782,17bf343efd84faecfcdbfcd7eda18280,,
1783,888f79c029f30ea78bc955396a17b233,,
1784,40d8910aae2678a68e643f3e01cceb1d,,
1785,da0c4c33709fb5d3372c7e0685b6a767,,
1786,30dfff7ddc76129a2a53329c4e52511a,,
1787,639dcd07a4de787c02b44b26a984d202,,
1788,d19abb9c2a1826a5aae68c21f97def14,,
1789,14820c513b48eaf1025e6d876ea87d52,,
1790,e4e49a91640feea58d109aff11df4197,,
1791,c62f9e66a9215d21cfbb9f5ec9f15daa,,
1792,f2d2bf5ba62bbc2dcd973520a6953f57,,
1793,3e6e9a534a8d92999185e99dc4293bee,,
1794,248fc842149898be28b346ce1fb15ab1,,
1795,eebbd95489903a9882da3fc42426d001,,
1796,1fe0cfea7347950a76bcbdafa0ad96ab,,
1797,19840ff5d82db210608c67b2d2d7c96c,,
1798,a59a439b05a88a8ed3210054269c7bca,,
1799,64e7f3ba0ab29790d1ad571eed45f655,,
1800,f5bed5601a8e1f32043ff77755d957d0,,
1801,a440e5380e942333ce9d94d229b7a935,,
1802,45d0ddf0aeb9b7f3c8e6c19c4405ac99,,
1803,e8d76da2d567c88a5f7ea429e58b74f1,,
1804,5dbe471927123756883dc4ec6121a72c,,
1805,1b323176137e2d3b0fa66c691af7168e,,
1806,e6e365522c68d41ad595fc1b737223ec,,
1807,91e29de2d26bec1ecc377921c0ff0a50,,
1808,92d9151ac1696151907d63db1116efa1,,
1809,5942e1016b0bb0a5adc8f60714cb5b51,,
1810,c93c708e9176b80c362a02eecb638821,,
1811,d784ca64e4f87b880806a766f47119f8,,
1812,8bf80024b1a7f12ce52136af81a930df,,
1813,a1dcf957066abe4334f9706a224ba3e2,,
1814,7eb16e2c88f31a9d758432226a6727e0,,
1815,58e94ef72ca17c465d4702f55e6c0751,,
1816,f4edc6dd9136cf963f72a57efde4cfb4,,
1817,665e359d9abe8229729cbbc424466f6b,,
1818,3efcd150bd22aecb8a7d7899dc11b27c,,
1819,b4375e422395f7dfdaa2619d18929446,,
1820,2de16bc6e49ce2a2e371f01824f78600,,
1821,3d4cb6729fd4c519f65029c56605aca3,,
1822,a0e79ca3b7a02a0d6c5ed69ab4a5c8b4,,
1823,c756f85302c24df011743d63b5282d58,,
1824,5ade4e241be260978daf1da130754c6a,,
1825,a1e2f28549fb41a84b04b8022f285a7a,,
1826,6c2022824b8716c8e152df5830db229a,,
1827,47170b061a28c7ed911a80bc733b7354,,
1828,6a145f3d5ff13433f0ac7a92a7cf0bee,,
1829,69f0dfb6f42c910861aa0bbb23a12639,,
1830,3fb4a2a819569ea4605fcaf4349bd2a4,,
1831,44299aba6cb876f916033c3fbba60ea2,,
1832,1a9f78cc32989e67762cf35090a6319f,,
1833,289b6b44f1e8014f82a8eaf8dd9e480d,,
1834,871709830d72446075ea1b7f0602b1d7,,
1835,e8baa3bb9dcfb9cef5ca599d62bb8046,,
1836,7ea51e31d596215a29b15b7c2127365b,,
1837,e1f9d5200c94b8f4c5032cc4753136b2,,
1838,42da4d27484cbb016c77518091277d7e,,
1839,78501527e96d0992e314221af62dca45,,
1840,5a04db2e75874b0e5c55ee71692ea92c,,
1841,c44346e3cf95312b241df6bb578ed119,,
1842,7919e7ed6bda1f641e5b7918d793edd4,,
1843,16272df65f00bdc126b5ca32de2b3a6b,,
1844,3a307aeade076ae4aab09ae25a5d30b1,,
1845,1d3f9e07c7f7765e2d29f64ed733c141,,
1846,a93b3dcce91f31062dc01695f43cc8ba,,
1847,d27cfb2b30e4b435f0d0e38997050988,,
1848,0402b113937fa2d9ed77d3dcd8b6460e,,
1849,8e244ea370ffdb16c4d50bd271c538a8,,
1850,5f171365f520e179ee080df12dd0330e,,
1851,5ac73737e95e35a36d1cdeb5b23cab12,,
1852,c45f0dc57180a2b709e13178001268ed,,
1853,2f307cc31799996529e44c0bcc87b9dd,,
1854,caaf2645fd3ea43541dad8081e351689,,
1855,1aa9e4bf5ddf5317e7ff4366a56a8fb6,,
1856,ae1c06e88f2823b7d13c453e8f1e2756,,
1857,035b1edd3d1aeeffc77ce5d248a01a53,,
1858,5dfb4fde4486edf9f5863e61a1ba016c,,
1859,04e1a953bceb9b1a0a5bf8840614aa04,,
1860,c7a8e1aad9f0b62c62895b91f14f3296,,
1861,f3e01d9db68f7eb5ab61db395fd6d18a,,
1862,698b4103a9f029886d32065d2ff436cc,,
1863,c6112ea98e3420ecd09ba20275a4aa21,,
1864,f308d9aa90c2f978c32978a71d039574,,
1865,c1f555f3260b361647b7084898613037,,
1866,ae0dc2c2d5aed206f4ce5c529684580c,,
1867,9e3e3e78c43a9efd53e894e069ebe753,,
1868,d20a7257f89745f389a6dc98b6b4df7a,,
1869,55c29d1ac14d39d5efb42fa48d98a249,,
1870,a05ded7fe107cfdfcfc8f644fb2d7313,,
1871,f1e4ff27b4e88679ebb3a4547c9a5a04,,
1872,e59296cf7a004822a4cce233bcb221b3,,
1873,4c0d7290c72b5495df6c337b1e5dee88,,
1874,29ff1c9442a8be9179e198c0c82f2623,,
1875,1dfa9e0e91f817fbd98ae93fc20d6255,,
1876,54ccfb9ba6a20816e744a59e99475ac9,,
1877,630b89cbf5bec0ab752aa3a8688930f0,,
1878,418aa1d085fe63ffb9c5510a9075f8e5,,
1879,d6948dc2044087d9b547df183328084f,,
1880,d5e5a96868127d64112701488904e65b,,
1881,d72d765ec852ae3f40b39fa6111aa1a0,,
1882,f5f823a0cd8f5dc53c9a6b7161c1cc02,,
1883,2fb191421a983123779eb773b89c0df9,,
1884,072c26f55ed2317ff8d27d8500483121,,
1885,e8b082dafa2bb1a963ba88aec68d4465,,
1886,421bc0d45878fbe83068fb1923e3bffd,,
1887,6df7a3d8b4955d162fcc11bce003860a,,
1888,ac32c2c755e496c5e7bc1949b78d36c9,,
1889,89bdb0f20bb2e4b15583af626d26ad62,,
1890,c9011f483369ca7cc64fc46259b277fc,,
1891,73df680f7884e13355a1f1fc2bacc3a4,,
1892,a00844370a83e216bd79a161d794c423,,
1893,6a452b5662c18fdefc5dd4c8669eb781,,
1894,462839866ad252b9bbf2c34be653745e,,
1895,4aae2215d4d4ca911f61b2f159c188d5,,
1896,876d25db23f2f8ed17646186a30bb263,,
1897,8ff2a1df0aa706eb728a63c4724c0e87,,
1898,2baf0e44d4c112ec9d268029638ea7f8,,
1899,7544fad7b4026bc2d67c7ef68183abad,,
1900,c66e1872348e07fc4f01feeb5eecb7f8,,
1901,7ff087f115da59175d26c39b123e6162,,
1902,6bdd4158abad8cc5af266f1845eb065d,,
1903,19e4aab3fa00eb67e72d400fedae03a3,,
1904,ec1a371b933875ff0a2b65e315838294,,
1905,9cd46c6f68b4c67c06e48fabf85a6a45,,
1906,27f7f9411439cd55a744e007227cb76f,,
1907,98a4ecddc18f1fb75a9eb0c75406c278,,
1908,0864ad4232a64c3350f7a0c5f825ecf1,,
1909,3e507aaa776e4fb7b43b007a45656067,,
1910,149013f5cddc13244ac55531bf74f8f7,,
1911,539afe8ddc8d58e7a0c07463298fb019,,
1912,9772f0e2dc3c38aa876aa4b6c4c85377,,
1913,4003370eebb3027fb2f1213afd7537af,,
1914,7097af00518c3d9b003a0a016f358990,,
1915,9762f8802af1ea235bead734d59e6c1f,,
1916,78ad8ce5fe537a97afaf19db3e99628b,,
1917,d3abadcb28a19cd4c68edf9be745c4b6,,
1918,f2920e8b3c4e7dfd3680bd19cb10846d,,
1919,0bf60b57d6fbd60feb3923848bdc720a,,
1920,71e7c927ed3da27ceae3de5699ff2f86,,
1921,230181f28dca7a3923e3f3e224464a53,,
1922,fce245d75cbaf17b6ff941791ca92987,,
1923,2673584f9398ce0acb21a86a1a711088,,
1924,80b59404657a6290a06e8902430be7fc,,
1925,76c4369a05d0822a0f8280b70f7a179d,,
1926,a7eceb34129047ee2d36352e12e12fbc,,
1927,32a8d32ea13e14000f83964e0af6101f,,
1928,89572c5f93eb8b635a350d9fafa2044f,,
1929,773997a45c3f0aa4f7483f3972e4b53f,,
1930,673449b5e46a844b12b1599781684591,,
1931,f1a65bcc3e01e8de90ea405984c61c4e,,
1932,64b859c64c4dd2757cca89e0fe1043b3,,
1933,bd9022853225c1e8a46bc9eca27533f0,,
1934,2ebdf4f501a6a50b16697d8f1b864791,,
1935,e8f7e16be2dbae2d6ac3cc218d9adb7c,,
1936,dc28657d68bd4a5a387a0460de8db3e2,,
1937,c867630b14137ca898056cb4eefe1696,,
1938,3ca86b49aa2b914b30f2dd25c0431b9c,,
1939,49f57da1e460334f4696a25245933d30,,
1940,a279b450a867eb7acc4d2ef0731b3352,,
1941,44fa7e7bcc30222e8313bb28bbbf3b73,,
1942,8bc15e3da3a5793c473465b6a5e709c6,,
1943,9e9213d0c9892f89ef7fc7f841e43205,,
1944,333bc859088cb64ca1d20af155b8bf57,,
1945,ff79f700dc97b2fd05d92e56f4b4a815,,
1946,776c22e2a5be1a676091f53a3aae0afd,,
1947,774c9b631a29f191836b1078a6c3a67c,,
1948,cddfb3fb31fdb7cc00a72c4fce6a1a15,,
1949,c07ed66dfd3256b0d3500d8e46c4fd58,,
1950,6e492df128e671c548bf49fd855c42ce,,
1951,94dcdaaf4326572b9ab6402c00a73c57,,
1952,7bed5662489bd913da7e9792f715c1ed,,
1953,9f526a7b7baa089ce9dfb5c7bd4e7250,,
1954,90b662751c94e02232830cc4b5d2db16,,
1955,98b0be22ce1333d629294c2748a81ed7,,
1956,9af692888cef9a1698853f1424cc6fe2,,
1957,2665dd5db932525f171f931c16112c65,,
1958,3e0ffdd220288ab384e08bcb9b46b843,,
1959,979f42afe022114e140788f39ff17ed4,,
1960,e9b8daad505cdf8d12666cba8517c8f3,,
1961,deab20c8aba3a3b09fa8f703b6b50453,,
1962,da15226ed2a9ca5a83e831a9c57f5380,,
1963,d8a2411e48aa5feb4fa2ef30d0d7b4b1,,
1964,ff0cd440f339e63b75eb835431a593cc,,
1965,6f164921ffbb37995b6a95a0e94ea892,,
1966,3e732d5a09c2dda7ecdedc6662475e90,,
1967,9848ee7cc45f7cd373b155191085f06a,,
1968,3046035f348012fdba6f7c53c4faa16e,,
1969,860689fad4d59ab424ba43eeea22ccfc,,
1970,291b2132e1fb9131478b8d691406874b,,
1971,1f547d9613e2a5417d94bcd914f75f09,,
1972,7b845b428b07584b93d5d07a1b0de2b6,,
1973,eb2f1b1d27fbae69c7467a6bfd0ef5a8,,
1974,254fbd7f21925ba7732800213af7ed47,,
1975,b5fb7cc092dd1e0eefe0ff7d11b9e139,,
1976,1afb7eb814308f8491a88398a6068422,,
1977,f699fbdf8bec0b3e390edefe41976d15,,
1978,251e12eeb15fcbbd0a39cd7928c74345,,
1979,d5b260922fb628cf83d7960ef02c4e60,,
1980,bd70c30d44284585a6de70e61813fa4b,,
1981,be21fab0928a4da30fc59cd46063632e,,
1982,276fe273713496862d1e614288e3f670,,
1983,5ddb273c1966b8e5849a9292ed4c96ae,,
1984,72e64850d127c65815492af84473a26e,,
1985,e1131d4413228f5c89e0d2732f59e1c1,,
1986,5f6b700d24076d52b81361befbc88af1,,
1987,bc11ea87ebca072c04df741c44aeafb6,,
1988,bafd986d05ece7f6ac85544866c21877,,
1989,e02a4e6752db30ddfe21a7c2cab7470b,,
1990,fe592036b5e1fe67c781f61e6afc2e61,,
1991,83300a2310d4bcca4194a54e5c276af0,,
1992,e9f33468a68c94621a437aee8674be96,,
1993,9f465a610ff3a6712bda746f7c624dad,,
1994,660731988fc83bd94ff232ce81367420,,
1995,ab756d70045e2af65e394f378afa127f,,
1996,5b281fbdb595d08a630ec51d418a3196,,
1997,f56b848ef716237930644c45b7480b09,,
1998,fec8271c64b26205d7fd0a18f2a1dedd,,
1999,1f22040fa64f8ac3d16c27f038b07e62,,
2000,f4579a30dc195784ed21d13c601a2677,,
2001,52ebb96589e05091e3ec2376f1e90e2b,,
2002,7a4a98bfcac87d4496e2b182a4b1a293,,
2003,321b013478d7d444ba897b75e9f71805,,
2004,6ac47ff65ded3ec22e05cf158462c9f2,,
2005,c0fccd51fdd784f9f0d708682293ed14,,
2006,18533bc08197fa92ff063ad89ceddc89,,
2007,98c4b11e03783a88e218d5c041215b8c,,
2008,ffe06afd66a93258f8fabdef6044e181,,
2009,4a3e6e77b42a7e8f8b2dec472667bdbe,,
2010,841cda49712806a307dc8fae931c2732,,
2011,9b42c63d8a82e49ae1c724f5d58fe304,,
2012,464d35ac0644183c0891abde15a042c7,,
2013,1e3f2e4f52aca18239a2cd611fc23f38,,
2014,a63b1104e5fba617aa8262d8a58df325,,
2015,5d1e5074e39a21c5b0d4abd03157b0f1,,
2016,c5f3124ac85ffbb17d23593c96f96cb9,,
2017,7ee503e117d755f91a4a5f75f643cb23,,
2018,3a88831048e734048b59f99f3e2e7133,,
2019,5d13a41bc7d00f8f089392106b073b3e,,
2020,cda73f7fd7553122c26a755fa35b63b6,,
2021,0684ccb184e2d459dbc06cb350da4293,,
2022,62e36f7cc417a5e10b21466267b327ca,,
2023,aeec9f0bc83c16e7128b26e41a4d7ff4,,
2024,58b63fe9e72cabcf0c934e745d942fec,,
2025,849ff9e1d95166edd8a36277c5487567,,
2026,94c205e8b05cf240044de9c9a13ea071,,
2027,20a39638af25bbc0fd5ee384b9af48a0,,
2028,00a7fb880dc12c5de82df39b30533da9,,
2029,3a851ba3a38cbaeddb0d5dc9bbe5db3c,,
2030,e041b17de0e6fdf460f0258253cfcd98,,
2031,eb1f095d4c42b43b2263dc50203fb26c,,
2032,b4e0fb2f9fef51df23589ef04c578b83,,
2033,d5c40ec532586debe95b6ff9f2233f0f,,
2034,4bdfeb052093c3152b15636f2500e369,,
2035,75d32a8387f978cdfdbc040b14265ce5,,
2036,8d0a5af2726888ec9012768280f0837c,,
2037,125ed8b10ae6c064811a76636e949515,,
2038,8884df5d60449673685793c63b8d4b33,,
2039,51c3d460a2f37b0c8948478f702bddb4,,
2040,b07c8235c0ffccec16ec7caa70c1d4a9,,
2041,62f8a7597b348cf04667a2e5c597a641,,
2042,b2b496615dbf9fb305bbc7ad5ac399c5,,
2043,f9c0aa4cd5ad8ff43fcd67fd626964b0,,
2044,08347bf830e78903e36a81168c4342f9,,
2045,ef528624c588c2f9d04c79d400f1aacc,,
2046,86d4f3bac81c1929300eb270c6aea4ea,,
2047,c86b6c1639a1fd21df1e5b859c6bb228,,
2048,0a75b377181b60efd8278bce0b6260a5,,
2049,798bad8db4b90b6a0c012465a8fbc344,,
2050,c484a9ae47f9d99bbeb8f249cbdf4b88,,
2051,ba878aad9541312659408b23d590d9fe,,
2052,afc78daa6ddc6402ae6ecbdba39f427d,,
2053,26346b4e789c4f7c871f5f0e689b41d5,,
2054,1748c4d7cfd4014f04809b6371935286,,
2055,3ffc717414973b70eeebb9fb3d273c5d,,
2056,a7af860641a927a5b59ffead7c595f1a,,
2057,e4368e6ebbcd17b0fef1f385f33fd5e0,,
2058,30c978d8a7cf9d17410584f1fd4bf5ef,,
2059,89cd386b165497663c49aa6f416d8dbd,,
2060,011d38d07a0d228d2d3f8433ff483738,,
2061,6f23c9de94899d380bd7a075209ef415,,
2062,647f4dabc53f943acbffbde9db87e35e,,
2063,06d4ebd3d0ee6d3514d07ccfba615def,,
2064,d5cef9fcc30f71c7d24d00114bcfecd5,,
2065,f4629ace176c759f45b68bca1ac2971d,,
2066,22e86f6f501c3a922f756b2bca597a01,,
2067,9adf250ecae0407eae54f26e12b4afda,,
2068,348acf4acd24d50bdbf174e29d4e7309,,
2069,0c184eef4691e624de23e7b3d6a50025,,
2070,7e5edcdc4718c09f87a59d4d10ae64ec,,
2071,cf330aa80b0a7c79250822622cef45da,,
2072,51cae066e83f4428d6d3c60d7543a105,,
2073,19e5619ec8b7da130f452bb71f8953d0,,
2074,f20ff8d9b9b0f5f6df241672541dd9a5,,
2075,9cc0b83fe973227ce03e633f5c6e5d8b,,
2076,a28e296c8480489a03db3731aa364183,,
2077,aa176f6d6e5674ccf6e19ef3aeb3e243,,
2078,e9193d66b4eb4c6778efdeb776c5caa3,,
2079,9e9c36a50726e766d79a3871e0fead40,,
2080,b0404032716fda7bf95526f298822900,,
2081,952354b1360e43574f629bc9fd33279f,,
2082,8af21cee20c50ca357ddc9e145584c15,,
2083,80c45d3afb5da26d7501c2520aa6fe67,,
2084,fd0bb45eba479a7f7d953f41d574bf9f,,
2085,9ffd64df055efd697a6974c5dc3eee9b,,
2086,4393d46b83d4747ed613d11040dbffed,,
2087,f9c3775b0d8868f38c4f86ca51ca84f6,,
2088,e9a4f528b33479412ee019e155e1a197,,
2089,506eec1a2c0a806ef10ff76a9934cfe0,,
2090,71680defe4772070e47b0b407ddccce7,,
2091,2f305c85a7bb5ce4ea89ceee84f17f6b,,
2092,738c961280912c67a489723fedffe882,,
2093,8b4f2bfe25c190c76d74ee59725a99e4,,
2094,b3d0e115d7b9381d5b40960ce9702b4f,,
2095,fc7ed93be0f56dad8a6e9d2951ac1d01,,
2096,95781af679bc9da8eb878cee3af3d158,,
2097,afeae451e576086d10c45a41545f7212,,
2098,7b4b413b17b7daed18c55ba3c75ad036,,
2099,1521d8add6039d68060e919270448018,,
2100,0af9dc7262948b51596d3305675e4a37,,
2101,56b528601b6b868a62fd4d73a1a0d74f,,
2102,08459aaedfda0679aab403ababbd6ece,,
2103,9e91403033e4553daef286da9884d860,,
2104,89312c1f707db54b1efe684669e62fe9,,
2105,3184f4b67b1ab07cb39e2e3e4b381c16,,
2106,c2ee76e04263e6a702fdec2fe7502cc5,,
2107,2b959b442154e1f4627cb95d04c31745,,
2108,6deb79f9bae408e2b5bec3b5bb5414dd,,
2109,b469e5dc0fe1674e4251027393658f1e,,
2110,549d801ed6595fccfe5a7087c35df1f1,,
2111,c1273fbac7df8d2188b1854ae6584e14,,
2112,825c8dd05f247898e8a10cd19118805c,,
2113,02e57c6acba29013ec3f1732ec373afe,,
2114,a2cf43624325e34ef78bde7b66a36db0,,
2115,76cec2f8a10d68dced78797110cdde8f,,
2116,b36b56a7df47298eb36c6def50c76ca1,,
2117,3cf6ba5c92566d079b14948153e756da,,
2118,d1ebc07cf1375909d41a2021249820e5,,
2119,57ec54de3a7df9a08cbec3834fdf4105,,
2120,8fb9c792bb2152a5f3e2c60728be9af3,,
2121,ebd3d4bfc5d1e9ce090e342869cbdefe,,
2122,fb309a153bd6130905df294059e57c5d,,
2123,17abbd0b7b7c7aec53ae4e6e14ddeaab,,
2124,a1178eb5d4b1c938ee9fdafdbc85814d,,
2125,871b51f7bba1b86959706048ebb3707b,,
2126,98b098ac7f86f041aa737f9eaa4429bb,,
2127,af1411aecef861c7f39555f2a8b0e0d3,,
2128,89d1f67fd7ccdaa64a4438b0188a0253,,
2129,40a7138f52ba6bcb66a4cdc432280261,,
2130,6c8b94e99dbb1f65b73e1e8e32469689,,
2131,31e2791b5cab69a7ad81589bf9da9c4e,,
2132,764e8e5bd4476d6859fae2b16ef6e2cc,,
2133,7fe61b9b65a634fe07f56668f51d1d91,,
2134,c614dc18ffa37f8007c2aead39e65342,,
2135,b9af529d72fbbca473b126588296c1e5,,
2136,fd1257704e5e83600a3f480a4917ceb2,,
2137,fc5bf532ce01b1f52f38d5e87bebdb17,,
2138,c5b7afdd9e4cd1b13dd545fe28735620,,
2139,62c9db4e05a648c8795ae51a49003906,,
2140,acfc9ac341bef701316ff5a73cac6b0f,,
2141,8116486972d43f65f6d2c91f0312c243,,
2142,02f35b793b4fe3032ad6d91f181e391c,,
2143,60f316434ad13b545269024f949698cc,,
2144,a762752f39d1c1b4b5c0aa7cc7f98364,,
2145,c49e42400702d46c33351ec9e74ccd30,,
2146,97425535f7cd9edbfdcebb3d9fdce17b,,
2147,65ac6785f8184368e0a4a2e031b048d4,,
2148,242184480428879aa2b44933fac0d491,,
2149,2e0132178e80af8c343a19317589e2fe,,
2150,8062ef2efbbe38879dcbbe93f69a9e28,,
2151,ee607b2abd1f6a721b4765ead3fe7aeb,,
2152,cf1c7e7e632db44c5ca6de473da247e6,,
2153,04952a4d6f0309a8a317a56ad88d9145,,
2154,addfcd0294884a0539e9e6a39d07c7bc,,
2155,28c34a837397ac08f276bfac99af6daf,,
2156,a11991dab102085728874c2f348eeffa,,
2157,94dac5d69f50a3d9966c1a5ac2ebc6df,,
2158,e300fa3d0d231de0f5c533900bd8108d,,
2159,88ecc79a10ff8a1f201b73b3e82a4648,,
2160,d1c85d62cfd6732c83b4eec70cbfeea4,,
2161,eeaeeb45b9c6217ade693af47de610d5,,
2162,8582b59b41635fa38401d1bddad66707,,
2163,b63cb3edc68d3cb04a7b192198db420d,,
2164,b49d1003ec0150bba48386cb761c7975,,
2165,6549ae500a4a645d44efb7a611c5ab21,,
2166,f2bdcd0529edc4f24290b17c93f49743,,
2167,ec31746a04ca87e961b4b9d4d6f6bd60,,
2168,07106a451fdebeaa73f2db13f295bfb1,,
2169,ab60f4ef0811fd3b8a75d257189e4662,,
2170,f853a54b8d3ed17b396f75cea1c778e6,,
2171,0859f6978ecda3a70941d601287ef6de,,
2172,2e2d3ed2069dd704dde97c3d6d194b94,,
2173,30703edaf3bf39b0d04685f0f0a1d43b,,
2174,80fb86c27e472624d2f8f5a457da0aa8,,
2175,f462949a2cc511afbc4e842a44cbe83e,,
2176,d1c137944db51061ce5cf3ef82b1d8b5,,
2177,52ac318ac783a2d2daef8aeb5f5f9a7d,,
2178,64c7193405afef922cfda4c959bfd28f,,
2179,060f04c4f2dc67635433dc0c5b878265,,
2180,98d7667df6f6ac24f4308cf432868d80,,
2181,a17e3c28db1efe5c03c927e64399f6aa,,
2182,4758f0c0f3fbcc8dee2d2c898b4c40f5,,
2183,626469f984e371b3f674799c022a64ab,,
2184,24dc089d3fa302b5de69d63afb22b32f,,
2185,aadc8c10f196efb7e460e0c424aec805,,
2186,063db632c0ad279c9602070bea1d8dae,,
2187,447ecc048098b19ca337690c94c59f0c,,
2188,dae39ae3951b77dc5f245fae8b5a0f92,,
2189,f19fe3c267aa523b6b96393d698ab273,,
2190,c1cc617e20e6874434d99256cdeb719a,,
2191,f61ec97dd1808dd49436c25aac6e0c4c,,
2192,3516c82481d652069ea4d5ab5e082041,,
2193,213e65c07731d28dae53ba58fbb85889,,
2194,73cd33025927b81dd36dda93a35b93db,,
2195,4f050d873038964b8be2a72d0d67f465,,
2196,10a8a9a745a971ab7ed129c6283a3f7d,,
2197,f317f98d0b35871e4363580090ed2e03,,
2198,b4543b24750d5bec27fb4918d0a4d543,,
2199,9b5d5449e1950fd9a1cf794574c56a4e,,
2200,35e09396b1a536c593466d45285c7d85,,
2201,4ce48c81c3798a282d027de3a13cb9ad,,
2202,6b44920a6758d2dc91635ccb975b3bb7,,
2203,c88c9fb51014147f35ff0030161fb90f,,
2204,294ceada24790459c1b9d4392fb07f4c,,
2205,01f25f6392771aa0895dbbafba05054a,,
2206,4abd945d8f4651d4c8c8204db470a005,,
2207,bf76a6ee6ce516c2222395ec55e90917,,
2208,99c6eb1d87928dfae4d098276b85b98c,,
2209,6bcc8593ad6683f8edf4a39cffebc426,,
2210,8596a2f7e68a0e11a5653fb2457db08f,,
2211,4ed67b0a0bcbb6d69e596f84124a091a,,
2212,6b118d99ff206c8660e79fa075685713,,
2213,6e4144e35f78acb00792c409e87b308b,,
2214,b5af75ebc10b07f27f4d4c50e9f1cc2e,,
2215,12625a6ae522d7d2168049db06b4a86d,,
2216,48bd47168b46db9cc22f1c4cdc1c0ade,,
2217,31e5f57adfb53bd852426904fce70247,,
2218,c1816758539877326f9021819c223f72,,
2219,8dc97d161e376446e0f2a80b6dbde788,,
2220,dfece00ee9036e6ed9c7ea770987e1a1,,
2221,f1a4cd89870013b5ce65a6cae77a6b0b,,
2222,bbb2cb27e4dde35199f7bf86bd845018,,
2223,7d237dfb2b906349ba5d437a383b869b,,
2224,c5558a14e481d86827dc3703fe087f44,,
2225,cef9240f1890be3b038655d71f74fa78,,
2226,aa01c9186774a385e42095c28d3f12bd,,
2227,4e91bf38ee93ccd817df1e1bf599e095,,
2228,810146d1299127c8a68efd9925fd1563,,
2229,ce4673bfec443f9bace55ef83279518c,,
2230,e3825a7f76088246ab312badd5f135a2,,
2231,82b6a503020b79bec7b2a5f981a0a915,,
2232,a5be9b704fae4da3e8a8fcdcf17973e1,,
2233,d2029423ffecf93f8114770e5d061027,,
2234,f36f5d64f33b3a4d7d9756bbd0048cd0,,
2235,507bb5873324858d94e7ea6bd043fa66,,
2236,c2e7580519b62b7183c1924211ee8603,,
2237,8a766e821b28f9c9a09125370180c5e5,,
2238,55b2b9388cfcde42069bee4804274884,,
2239,94ad34192c1c300da99532bb24fd7bf3,,
2240,b987a21400fdf7668214076d0ba9b34c,,
2241,20340e3ee5bd16fdb06dabb63079c835,,
2242,c63361a19fceb15ebcb5340a5712fbb7,,
2243,a2b8cad572d92f6e24b69495e3b961a8,,
2244,2b0e9769c35027a1d3a0bef42da767db,,
2245,3474fd9accd7a2a6e537b295161930bd,,
2246,27fc326a541217b0ddf54ba29ffef99b,,
2247,ecad7ce730fc63ac02df4a9da719fa1c,,
2248,f6c9168b817597a74b8e4e774988d698,,
2249,6f412ed9fa15d7b5c75bcfbe1fbb5b54,,
2250,bda0fab1431ead234fcca4d4466b12d3,,
2251,af9e760beede5c77eddec0aaf70fe197,,
2252,0b4fba162fc179a4cf63cc986f72ac4c,,
2253,97ed26d2c626a5f6200d2f6da1a56ae5,,
2254,d41a958db22d495ee02e9672d1a3e532,,
2255,0e5ede875ccdf25c8f1cb9b26fb64dc7,,
2256,c3f5378fbec18534005c2d1e46f1cdfc,,
2257,5a807e403c27e184ab85c9f1b339a38b,,
2258,a2847e414d4c2268731dbfe0281c0123,,
2259,80645c22c26e113e14fd16a0fa837f54,,
2260,eab8adbbf4def0220b48bfdc525aa866,,
2261,deda76da7bdfa5c258ae29399f217640,,
2262,747573e239e3461456074695b68c1524,,
2263,c40ecc03bad126cec601b450b1dc8571,,
2264,6f362845996a98fdde62e6399fe1d097,,
2265,ff17b5e40b6243196d7c47b36efa4646,,
2266,453e291d3376b4563d711e4c2208cd0a,,
2267,fa443a89009d726aafc74f439dcda7aa,,
2268,ba42e3610dee7ac11740da6709ca5161,,
2269,6999be089c587ca5e9397fbe7638af3a,,
2270,ab4a7247e87d9cd8b7106a64b3dda927,,
2271,5d4c1d0660adfbe7f9ddf63432709eb1,,
2272,dbea7c288aa2fe12ecb79d7138ad5896,,
2273,a02eb88c0bce1422d1173ac45db29666,,
2274,445cf98409d19e5044546b0a46e5c4c8,,
2275,5a559062e13cda0bf20a0cb475a11daf,,
2276,8b7c2c4d3c69f89b0fb709634e774d22,,
2277,2dfdd6b4aad360a5af8a9615b3964b07,,
2278,d1f6f641995b6e6753793d9029339fb9,,
2279,f31359d4b52d6111001bd6a27a216821,,
2280,20ec7cf1e184baab03dad85a1a601532,,
2281,3bab742acf3fdc581cbc57468eac9603,,
2282,d8530375294e4c94c9c2aa2c7f79c13c,,
2283,3cb832450f38c16278b3c78d15f7be7f,,
2284,00c46b336b5b06423fcdec1b4d5bee06,,
2285,04875b8121c928cc022dd6f26a307d06,,
2286,6cee8aefe85e70aa49fdfe196270dd5b,,
2287,5546f7cadb86a731b7a1591070316dc0,,
2288,e03c543c7d61b179d0cb66f8c94f80cf,,
2289,363858c33e69731d7916333c5019668e,,
2290,b3c456ccff7efb1395391f6aef8d3c08,,
2291,92da77a0c27bec421940eff2cf7ffa44,,
2292,6760ab28d1d6c11409a0e285bd82fa78,,
2293,dbf5972f6e8559cf175c232310070b6e,,
2294,1d1163f720942d79ca68721d8f634914,,
2295,ddbeff8437def5f80c4890b394711ec2,,
2296,5504b8b281b572e1da90774ff3f207c6,,
2297,aad4f67da18c05c09584db6539fded5d,,
2298,463d78544902aee6b2474a5baec29f9e,,
2299,7e33e3ef6468638fc307b42f5b78e98e,,
2300,9c86cbfe613e532936220f1c325cd108,,
2301,ce6affc23b0d11aebf574b6d14e26b79,,
2302,e60d83653ba08e579999f71505107278,,
2303,35e310aa5194c62964c02048ac88ca64,,
2304,d353010d2782836025f7c2451458bbd1,,
2305,f332a3076891e25ce5f028081614f5cc,,
2306,f666a00c76f56bb6a40219a3da6e0ab9,,
2307,8efdb7429bd48a9e77862d5af5351267,,
2308,3ea2b7849d7ce4fccad168565e8e669e,,
2309,b09d495590251a1a6abab4b781265a1d,,
2310,fb43ecf486bd7ba5e818be2e68f36a4a,,
2311,a17c932c887c075dfce694750276088f,,
2312,50e4e960102369eb7b271d3afe227ef7,,
2313,9b24d12545a72daf963173a390f5bf72,,
2314,f3ce2fe86e455dbc9fc1ddbddf94c827,,
2315,b8375d0d9e6a0c25de0da5c917e11ad1,,
2316,cd40065527f49b4473f05e0db148d04a,,
2317,c0fe8ca3041bec9fb48e60537e3ab02f,,
2318,ad4ae9ebcc4bc991de15af2b0dd5b994,,
2319,22d0fa89e2f644d9c6ef77735619d760,,
2320,0b1d4a81985789feff2fd66bb2d5b760,,
2321,3dde322f1be699760d69795509fc8ea0,,
2322,c449f43f419bef77e8f8569de2858199,,
2323,3516d06f3dcb2e9959661efb48cf081d,,
2324,cd9465086595101ef9564b9d8c303c38,,
2325,7e26b6fec976755158177577cf4c9183,,
2326,494a1bf06ff096d5949754b5d31f6805,,
2327,42f8d6266e08cbeedcbb480e77ca0ec3,,
2328,c40fab4c4c3658f40cc9a73c8602d8d0,,
2329,e0c98a507ee52f1e87d59390537298db,,
2330,26bc992079d504e172e50fb565915bf7,,
2331,856c81d50be37e58fad595bbed320f0a,,
2332,a0e3ae771cc087ecfd5251a95043f1f0,,
2333,f5675cb89a120e225ca8929b64a5af79,,
2334,22cae767983c100daad0bf1f8c87b059,,
2335,c33af8c4a420e085d513136c23876dfd,,
2336,5754cf219e01bd9b8bae58fcdbfa9ce9,,
2337,27e9213748b0ca86fc5c49d1279102ee,,
2338,63e71c21ffc027a4b9f256840072e28f,,
2339,c16546e5849d9f71c87530af65cbc522,,
2340,13181ac5a364d28673e6bbe718133c71,,
2341,15b607e8ee4ebc4809b499b7b7699bec,,
2342,4c7ab20052bb5e2a11e998f4b8936898,,
2343,8c2de4d3ad43ab2d960337fe7b14f0aa,,
2344,6d4e9ec6aafe17b5e3b2845905610c2a,,
2345,f084bbeecf2e9590bbdf2c5b48708072,,
2346,7f736bb8a20752cb2b2ef3552b84c763,,
2347,33988246de7efa7c24f3c2224cba333e,,
2348,889806fafef98aab5c400f36dd30aae2,,
2349,596e117592870bc53e8442cc9ff4dcbc,,
2350,761c220aa5e231d8b570d0a7d10f2517,,
2351,28fe202d59a8ebbac9bb63ea093236d8,,
2352,147c2ba0e69a12aef763162255c73e90,,
2353,f16f7b3c4a274f17b2f1fad6c37714a8,,
2354,33886505edad882dfed435954e9723e5,,
2355,c5e43f6957d317a37a98f97cb2b855a1,,
2356,06a0cbd8fd6320ef1aa6f19342af2e68,,
2357,c5e5d9d8b234a1c1d0503f7598fb5777,,
2358,87ead124230cbf0aa13bcfb238b7dcb6,,
2359,a6567125ec06dda3533e654d761ae78e,,
2360,0ff2c672b4f6838c5ae4d69a32d683ec,,
2361,fcad09ea1c5ae52d28fcd345c0a30b34,,
2362,528114503e2cb700bff67662ee5dc9f1,,
2363,c8ea4dc8fe6c8348dcc4db4d01c0c84a,,
2364,d067d3241f1340c9c54c1b78a5a780cf,,
2365,aa9be7d9f82e983d21e2746078b877d9,,
2366,78138d4fc0b8fceb04138cd44d4a4fdd,,
2367,d82ed201dc437809e5fb20877310bedc,,
2368,765f379ba8bbc988d29c8e706512d053,,
2369,044b0937a90ecc3347acac21e9cd39f6,,
2370,72e6fcfe23c7eec6a0474b9d86c2f506,,
2371,9b1ffef735e7269deed27dd7e8db6b42,,
2372,aa5f6291ddf9631c11f89925308051ed,,
2373,c7579439b6073eed35a3df5a541b3949,,
2374,0536843beb45cb6d5d7db5bf576a37af,,
2375,42a4d1519445a251149be56ff8d9ed12,,
2376,21d90fcd566bcc6dc30b056ba7675a32,,
2377,719a8909e15987594a62462fe4fa60e9,,
2378,878e0b1bbfa299387e3afed9d7c372bf,,
2379,55dae64aaea4bd532b6889d0632517de,,
2380,78c5e472a9d41b66a53ac0d2b9be7cae,,
2381,c4b1a10db8b0cdece7a1498b2fcbda7f,,
2382,3353690a5d3c6a384c545ef8caf56f95,,
2383,85696dd6d6be278037fdca733e136f2a,,
2384,8546b73cb1496ba85aed909ee151290b,,
2385,9f68d1f1028d1c00612bdb13e20315e0,,
2386,fd67c6c0edbe322bdcfa0373f38d1693,,
2387,a95da88c722c175fc8bdfdd1959cf111,,
2388,51614a1f724e95ac43d0fcb6e990c759,,
2389,ec3f8f4e374dd25c308d7c4081c720a4,,
2390,980f8fd33567de616b236e564de3330e,,
2391,49133c1015b7f1695b6225f4b0f1985c,,
2392,b9402571270ab62c1e0a690fd33fc9e6,,
2393,e9e062c3fcf872abdf5f44dc2c55345a,,
2394,57ac237fd7804341517927ced4353c71,,
2395,e9b16b6a3206f9a26acfb6fbeeab0458,,
2396,af9753059221d85c645e3e0707ba3afe,,
2397,122bad4033a205ea7a3963d2fd585e89,,
2398,b5a7d649e169bf6e9c7dbbcab7354c8a,,
2399,cde6ea7eeb1b6c4fbca3c85f430b9ae7,,
2400,54092d5c32d1e285f2b39d91515592bb,,
2401,4019c455d02fc04d8b1ce42e32baa71e,,
2402,dfb94f6d16ff40e04681be2c2fde7fcd,,
2403,8f08fea7cd2b67c68a1b388b197b6ff1,,
2404,527282598f789e5e0854a7f208016533,,
2405,3a90de04c33ee7bfc0e4005323f1f202,,
2406,9774d47c58f7db77589b87584f55aca5,,
2407,05657a4cdbbe3bd466402d227bf0b2c7,,
2408,77de0e765d8729e7386589f21961279f,,
2409,b770d7a72514c3f30684c4e632580b6e,,
2410,57ece2e44e184e3a8d376f118bdf2ed9,,
2411,53c8c3db02019962528b008bd8594ef5,,
2412,16245569965bf8a154f6bd2defc8df7e,,
2413,661fd3b4006818c649c405972229bd67,,
2414,275d62217ae06ac7e773c5cd2d568832,,
2415,a8d65bc90e175baee47ae5b445ba2476,,
2416,846a48330c171d2fdeef2b0653ca8e07,,
2417,e9db6929c47c3ce5ea489a1187e7e669,,
2418,f48a0a2fee0dbba4e2745c7037a366ed,,
2419,ecbafab43eea3abffc6cd89c02592e35,,
2420,bfe60c94647ba0ae7fb7da6f6508c42f,,
2421,15740c3d11b760c261e2afb76df75501,,
2422,f3276b69be32b65b65d890154839fdc1,,
2423,3bdd92d91566a9719c76ca639db6a143,,
2424,cec98ce225951b05451fca0914d7f426,,
2425,64954ebb400f1081a5710905ce114a2c,,
2426,899208b5b6d4e2244928c3be37ca1a67,,
2427,8d58a0c1160a5cea99d5073231becd89,,
2428,f82b48c5ef63a291660357ded12a7ab1,,
2429,fae4428cb40950b27cf533531356ffab,,
2430,1d645028ae7e6bb2c83f3b6207d074ad,,
2431,8e18a003593e835063a89a8709df3979,,
2432,9d362cc6fa6cb21f94c2115d6704c72e,,
2433,4c5cf9ea351bb8d1e584631a4d0425c8,,
2434,962731dd6f931030e2e763c9fab4fb7f,,
2435,cdddbff5034599ef91bdeb764280916c,,
2436,bd3c86133e3a3a90a1cab3b738753ffb,,
2437,23145eb40dbfd7033b4c21e7a9649ca7,,
2438,f85334e801a490f557571e1ee2ec7a5a,,
2439,ab9b00885d5960b51efd3aa59cb95269,,
2440,9380b3a7b261bce9b376b110aaee787c,,
2441,7234d2bf2df91f65e94e9ecc4ec5827d,,
2442,0cf00319764b0a06dc1b0dbdfe877c45,,
2443,ea6b2ae44450c9d6f1df788eec496694,,
2444,3e5bee4290a7ad08e44522df7ed98763,,
2445,48ae1bdf69446ba5fb0b7fe8fc2863c5,,
2446,dc229a9490dc183a1b2ac09e66cbcaff,,
2447,63e3797b14a1c9dbedcaa4c5be4b9924,,
2448,ed3028d82ffde075540a2d54abed2b15,,
2449,b6f5bd8eaf13e4fad8dc583faea86484,,
2450,7c8d19a02dd9c17f67f97a1b5160ad79,,
2451,39f36065811dabb953b5fa41f826f669,,
2452,7d86f8993e77d4f99ed19b2965d5067d,,
2453,48440a60d18ab8e5a6f09de20a50bb27,,
2454,7bd0182b68e2eaafde6ed8ad0dd6e3bf,,
2455,56deba64468141b0968ad8899b121b15,,
2456,62bfdd9e66e2cfee7f6e69c7d22b11f2,,
2457,9a132baeb5431f2b38862baff1c367c7,,
2458,f2a41d0bcc37df0b70f2a002317c1a77,,
2459,5e9265276fdaddcc7b37bb29f1e78d04,,
2460,846118a1d2e2fb16ce4553ba76bd3b57,,
2461,34c3b4aca1bfb10df42aff5eb5f87281,,
2462,255b7b763760bd0cd6774aad75a3e0eb,,
2463,04cc6bb8a2b8b3620e4f1b01af1e8269,,
2464,e92dfc70e301a7e97540ac17cb56cdae,,
2465,f72a292af74d5f53b5908ab094a1301e,,
2466,f7b41d0ca05e2d1de4fd4b3fd0ae4ef7,,
2467,002a4db09dad406c85505a00fb6f6144,,
2468,765b21a22c0ced4bd463ac18bca81705,,
2469,fbc0c3145008a420b3b038e8820aba1b,,
2470,883da8599360fdc5f7ce01ec771b2e65,,
2471,acd9afcc1ca7c5ad56bf3a16f831b291,,
2472,a5fafb0a3acf7f9e59d4a2549935798a,,
2473,f067f6f95a07384e9a0b2b213528e54a,,
2474,668c4850b2f821babc8ff8c7e877b9b2,,
2475,ecd4174fb7dfb4ccad0e382aec7692ad,,
2476,d5a0675bd4fc5ec1e7f4e255da6d5ea9,,
2477,e9b23d50388ce76955b95f482e892f5b,,
2478,76b8865c3acb3c9ac2d796f523bd2da7,,
2479,63d658e884c126ee082316a9b764cc0e,,
2480,29f797d63f44138202a45d24a32de5eb,,
2481,b245cf055b22a9d837cc4f5c97b63a8c,,
2482,76646d841dfa7b647f6034e73417c1ee,,
2483,82736c3ebebcfa423b30dd9cdc048e22,,
2484,86d82664f0e63cf73f03404507a6e3aa,,
2485,febfd4b08450491c1cff519f9d051da2,,
2486,362d30ace92ce17128d176137362b8c2,,
2487,cca2cbc5a43349c6e79201e8ee02660b,,
2488,0b90de9a5e884982c165c6f2a46c5762,,
2489,ad52bc1015f33bb777ea49504f87988a,,
2490,2b340c9844077ddcdf641adac5f116e3,,
2491,961ddd3709d84bd6dab09205a1cf5606,,
2492,8b1293493098a9bd999ef0c0dfdee134,,
2493,cb3da5be4fa20fa73ff61d8b6f7d3492,,
2494,2325cbe32251cf6efe75a15e756493af,,
2495,eb341a42f1e27d3af125fa1bcba8c799,,
2496,8c8fc85ded58f6e097a0aca8c56c35e0,,
2497,fec79645cf3b92343f453b945916af29,,
2498,4989c79e165ce9eaae95f44820c11b6a,,
2499,44fe9866a8fbfc80642bd800e2e4954b,,
2500,a1e5671c0ba2db75e3a16f55e58b1e7d,,
2501,91256e6ad32ae5faf424a89a30b7a849,,
2502,fa185cbfa3c6bb40a7dd0397b88539d9,,
2503,7982c501352a5974743b000378f161b8,,
2504,c60902ec1e420b572a0ed3fb7ece0142,,
2505,7d7bc454fd3133539074f065037ef04d,,
2506,cb7cf64e17227693849d113793880d11,,
2507,d70e54b1282d3c53ea346ce70d480d60,,
2508,0ac4677348cf4fc1ebe354ba1037921c,,
2509,1fc2550b52a90b15a9b20484c012b6dc,,
2510,902c91b64acca0e23028554022413337,,
2511,7f728a48a92ce32c073cf8d68338b2a4,,
2512,130019276ea41cbc9c01147481b1d6db,,
2513,4556ea2541ab33c9fb2461d1aeed2bc6,,
2514,1bf0cb1e3f0b2ce35b9b0a406cd225c5,,
2515,60a56a0ab535c04b4f4f39955fc9d268,,
2516,432757c5b256f8e55d71863b486c89ee,,
2517,b55cae845662dfb081970488f46909fb,,
2518,0b0b9e3cb8d9172d8fdf21d096ff93ba,,
2519,b9c08ad54a17440c8901a5d5516a53c6,,
2520,3f6bcb7f394cd841f7eb69b7d0786f9a,,
2521,3202735e79f54cef6981c1b481f18859,,
2522,ffd2841373b39792ab0c84cccd066e31,,
2523,75d610802826f390bbda0f4e11260a56,,
2524,ac6ac43819c3e01b53b7c63fc4c4c24e,,
2525,b9d7f39fa0980b37d7c53d01934695f3,,
2526,5ba77a03901ebd78457cafea98211001,,
2527,8f2fc01533c47283b751e802f05c920f,,
2528,ba8bc951801ef17040b62f984c291d70,,
2529,b283f2cca8b919e83f7cba1bcbfbbefb,,
2530,0b73719f81c77051bb4b0ece8647a48e,,
2531,421f3a986df6902d4d872a71bf93d6c5,,
2532,2929fb804a8ce7c6e2210e0e5710c243,,
2533,20fa7333809b2501ca2be700cd046c00,,
2534,caa14fb2f0bbb55d6718f0d090752a32,,
2535,5bbfd8d8ffeddab6682224295a180bb2,,
2536,a6c30b9c00539ff6e70c8fc774232c61,,
2537,9698217c3f36f906a5b44eff5ff971bc,,
2538,cd382fdc26516c634b2314aa870bfe80,,
2539,310c3c470ea8bf65581df6c9e49262f9,,
2540,746223e2679f7697dc6b6aad326a01df,,
2541,f9ebb550f242d03131571173a2d9e1c4,,
2542,7f50cd92c0f5cca94434fc6165354acd,,
2543,1bb0fc2e65f114c35ff38339c532bd5b,,
2544,9aa7af9abe0bb29823762cb8aac52db7,,
2545,1496bd10b5eb474af7b764aed67309ba,,
2546,b8ba92b9bb392f06962e7b205709caea,,
2547,1bdf2c81b6b6aad6aae2818a844957f0,,
2548,d6e746190b273d090aba70ccbdcf503c,,
2549,389758c9e3aad00e774d581150f372db,,
2550,5ef24c35ed7f184da05305d08ea1fd68,,
2551,1f16f094f5488694af5785d517bda17b,,
2552,8aa35680beee94df712c211da5bda211,,
2553,64b85f161787d11d1c292f8a04aa9bde,,
2554,1216c13ad2394eb1dc3206c8622418f8,,
2555,6c2b1416fd7b6b544c7c60f9b8d2548c,,
2556,65f9f4aad5855452508f02e119fea859,,
2557,517b74706538c339b98d3d94e15b6499,,
2558,63f8656a7b3d99b56154a4098568b894,,
2559,59c0c23b3f025bbe58e86162602ec4db,,
2560,92d2a85fdb81d51f59c5781eb2c5d0a8,,
2561,008069b542b0439ed69b194674051964,,
2562,78df50e8abf5d8e54049be64afc39e92,,
2563,e4d64940de65dd5cecc5c7295d2bda1d,,
2564,06cab87cd7a132bd8eaa30aa1ea42434,,
2565,7d75d4e19e3190f348b45a143b777862,,
2566,53f2d7fc3b642a8b6cc2d2780f6bb48b,,
2567,ab119bc53387c66615f88239738df2e2,,
2568,b887c69ecbc724b367ec91bda0b3d34e,,
2569,908d0fea96e1e85c8b7c772b397dbe8e,,
2570,8a4f3f6ba6b4107029e77e1b1b75c069,,
2571,93b3300fd244ac326a9f11a6a47ed016,,
2572,c712026c5327cb58b470cd7e97982427,,
2573,b66a0fbe0258c696b784cb1425be4720,,
2574,86e8d69d149316c56146a31733406a3f,,
2575,589fb4c43782864aa69fb1b7d08abe1c,,
2576,5028df90f05b4843e904af64a32e3653,,
2577,203c6d9817fc00d1b1fdcc6eae2118b4,,
2578,5bc396007c667e5fec6587d07a9af93e,,
2579,8c5c7ff38873658e6047f7bd39ba0a98,,
2580,6e9b1dced21f3757410975de012f3a15,,
2581,36b55596d75cb210bce9db1166353568,,
2582,b8c6eb182fab355d181d222b34ae9dc1,,
2583,499ba86dbb86a2bad1ad16fd7e9dfdec,,
2584,4840094b5f83d841f77859ed1ce6865f,,
2585,f954a72d94691707e9bb0a0173384b73,,
2586,e32178802c489afe52393c91ea6db85e,,
2587,134b29504e8774c3d38102d6ee81cdb9,,
2588,6e7e839a427aff65b8016470ca6c8997,,
2589,f0bb29042dfb17421aac02138f8e9d20,,
2590,b2dca2c953d270bc78478df8cf5ddb62,,
2591,8adf4d491430a714d8654e3fee4483d2,,
2592,1dda4dfc7a97b5f37085727da5852db2,,
2593,d3f6434f43689a211788c03214c49a8c,,
2594,2e334c25ab0f1ca7dfacf732073be953,,
2595,6129f36d2604ad122625914947cfce61,,
2596,4f8ea724680d43c27a0a2f022fbee4d8,,
2597,8647686bb5a90fd797ab8ca2b9e40e1c,,
2598,4edba0c8cc0e39bac58aba99442b60a8,,
2599,c796147977f93a05cde995fc05fca861,,
2600,995b9aea3d7f6ccda0440b9ec2bfc058,,
2601,e5c110d0ec8087bc89e6f6a528a690ce,,
2602,14b6e5e738edba8fb2a18cb95dc9af6a,,
2603,6db274a56e9de1e7a876bb1b53aa8eed,,
2604,3d1e7a445ec9a7dce5e55abb78781577,,
2605,d22031e32aaed68b8e5119271ed8b86f,,
2606,e9fd78dde89577dcd1c091b96ad2d51b,,
2607,01d20d68bce47bec01d816b893630f18,,
2608,5670a325584c3bd7c9f2bdfc128e2e67,,
2609,95ce176e7ef187cd2c11c424802156f0,,
2610,a606428bb0598bbd68851259993bb7ce,,
2611,eca065b700e4e44681c2b3d45235a6f9,,
2612,2530082d8f4b3eee15503339398d7fb3,,
2613,184a184ac82d72d499f99b67d6a1c631,,
2614,e02d79e8c9f355639c5f411470899d40,,
2615,0ffe691b5af61da422c79762c902ba78,,
2616,c3145055564aaf6c2ecea73a04bbe476,,
2617,ba63dbc59e855af29d4ebab53063d296,,
2618,b0602c9c2ffe204f7c0ab9b3386dd35d,,
2619,f776385879402e2940d3627015c3a58b,,
2620,a4a074975f0b90dc193b712d36a38e0c,,
2621,a2f1af7bf2b86cdabfcffe65d8424a3a,,
2622,794ae0323bf83d25bc4494ffdb1a8a45,,
2623,e278dc57dacfed61fa504133fda2d8c1,,
2624,f220cd5dfa5321a4f3a29ddfb0a775bf,,
2625,cfc8739fcc8e3d89f162ef4718c4e4c5,,
2626,596ac7795d35e94f080254e0e405c0d3,,
2627,a383c97bbe2095ea5d4a7c33a35b2c4e,,
2628,0501146a8a4c4f0f20309ff360059862,,
2629,a456f5100bc16e29cd730f2f226755ed,,
2630,03881bfd835f664da3e62ce6ea025046,,
2631,d5c07be135c27ed55327536e81fbb1bc,,
2632,7801a3c5f22f0e8e303b27f61059063d,,
2633,af0ec460089bee815183685c869f8631,,
2634,f2d4965abc424e27c5d482ac0155ffd1,,
2635,314264cd7bbe279f88f6777fb1f107e8,,
2636,8b6bc283a0d345aaab935989639523eb,,
2637,c7013ba37688f54052b39d045dc07e2e,,
2638,750cf428f4f94ee2c4142320505b57e2,,
2639,39e0f864a25b0498bf35d6d27e36d4f3,,
2640,6de7abeda98b497eb609d12abf4c396b,,
2641,1b537a80f1e8a878059a4bfea02a7a6b,,
2642,12949eee9c2be841d54a2f25933396da,,
2643,ea2dae3e447871d311e907278a85cabf,,
2644,272500bbbd8c3ee4e2769a0e2ecf51d0,,
2645,e45a21f6937bea7ae6954eafe0f4d386,,
2646,feac91652a1c5accff08217d19116f1c,,
2647,be56b8fd2f70cb10e72deae6baedcd51,,
2648,24f81c84fd8d2d14490060c548f7d9c1,,
2649,4674372bd1be97535314d987e253a6c5,,
2650,4d9f14a6dab9f3df7a12bf708cb4aedc,,
2651,87cce4cbe31864141051ce2018ed29df,,
2652,59f2e4a9a209e933826447819f890aec,,
2653,82c5a0e06d697ad6afa1ddbc67c08c46,,
2654,c35a5c6dd47f3c37f339ff296ef1c6fe,,
2655,89fdb14bb802adbc860aa258fa4f27cf,,
2656,b6f1c3c748055235a8130ee71f4d3efa,,
2657,4cb433e030dfd0340d2bdced51425a4f,,
2658,3a07181ebf2769bfd8c47dc46046d64d,,
2659,c4536651e1072dd41bc9366cf256d70e,,
2660,f83625741b5c20294cf356bbb4060927,,
2661,5667bcf82d6fee7017e4435ba066e1f7,,
2662,de7e58180a6f2cc02a6f4d820783bef5,,
2663,f90b38ef792d1763de8a25d33fdff1cc,,
2664,1879de2690c241fab002235b2d6e0d6a,,
2665,cf7bed5666c8638e33d0aa9d39d7a5f7,,
2666,1aae086597a13b31488027e734c279e3,,
2667,575d03be6128742107c98cb96c2a6f57,,
2668,3381ea445ec8554a5cb3e7d3153fc0c1,,
2669,14d4d7374400dc55ce7cc8d184c9a4c7,,
2670,ded8e9c00e08496a44415de2d959ec1a,,
2671,294017fb97e4fec299eb8e83fd2d3be2,,
2672,cf335413f10f71bb6f69400ba4d5086c,,
2673,80bcb015af8cf6373cb9fca64c15eeab,,
2674,7763fcb754695bb29ee869566c18168e,,
2675,a08c211e99f5213d2c8e93e39b02cd8f,,
2676,2daec36424a8f2afeaa4aad3d33a1589,,
2677,64f10c850ec77932295654d030ef330a,,
2678,cec6d31b042009cc924bffbe794b1da1,,
2679,5d471e95d7e9cbe886f2ecc902db5f0e,,
2680,b9e5e4b2c9eed792755f7a3d47340552,,
2681,3881c52ed1b5f133d47b3120cf402c44,,
2682,1eee3477eafb3accebe157a47112e8f1,,
2683,3659d03cf49bd6a1f648edc1423c711b,,
2684,7dc96e4c875886e486b787b3787249ac,,
2685,5c5a01104830e536fb03a7eb9bc02045,,
2686,b13c24842ac86c448a3c9b846a1e13d2,,
2687,b722cd84457f0bccaefc5a6834245b9e,,
2688,3118e3e9bd7f836ede5bc6e3cb0cfecd,,
2689,c874de63fb72b5c081bbea4a5a7aae65,,
2690,b526ea7d50eead8c02fb3a4054fe34e5,,
2691,7e6194d098fcf07efafbe3803cb4c321,,
2692,a181feea490b34becd1c7dfa775bd941,,
2693,8334f4fbcf2dc31f0142d5b66ec36400,,
2694,52e91bbb11b859111ab98684c53451a8,,
2695,f7090307815e24ae36ef9c66d063015b,,
2696,19963a5a3c42675307056e0be36851cf,,
2697,19565bef71aac6c8e9fa6638480c8ecd,,
2698,fd03054e356d9e95da6ebba5d9c7fb07,,
2699,b5d27a874ddb2c49f7a77e70b97e0021,,
2700,e9e02b1633898ce8d73147ff8017776e,,
2701,40d6e4442b79b10865ca062d189c8913,,
2702,d73e0b560ab432a9606ecf0ffe99b67e,,
2703,f99bb1daf05cc696e2e8af6898c89069,,
2704,8fced11c69f98368c493a9fdb733544c,,
2705,fb74231594a6b93c552c5bbb3a6bd699,,
2706,e90c8fb1ab71a448843dfec8f21a15c8,,
2707,fee448fd96ff07c374c19e8349baaf06,,
2708,8bfc4eb8d494eacb561c26623b3581ac,,
2709,2108712d16ce155cbeff56ce3bb3105c,,
2710,5bad1f2f3c89c27ea00d2ed6bd8e2de1,,
2711,422b4ad7f54156241e47124b3c6e0756,,
2712,75a60b119d3a12f697976603962372e3,,
2713,cf80de78a4b2fbf446923732c1046166,,
2714,2e53a31a0727921e823b781914782036,,
2715,501403e5c13c7b86bc9312d087a6e490,,
2716,0c6c14ee4d822472a576f1f6650d79f0,,
2717,fa741c964934cb194701d6630356adb0,,
2718,bbfc17c7ac58d38b5eaaf72c53ece10d,,
2719,0838c82917cd9af681df249264d2769c,,
2720,87d977502667eb1d44ca13d5b658dc3a,,
2721,df02f5c5fa4e85f143fef3593167ce62,,
2722,317dd757da6889845fe0d4dc109d0485,,
2723,d98de7b36e1362dfa74903ec96e53c15,,
2724,2641b27c17ee58e7da17b354109be726,,
2725,770821ebd320060e08c031bd3bb60ecf,,
2726,d8887d39c2b13ab34daf2806ab3c8a5d,,
2727,a3da6a9b33b3bbbbc3a2121a06a75ee3,,
2728,75b0ca283a903e85a9e7edd122435bf9,,
2729,d227b2a18afb71ff3a163bad22e090d4,,
2730,e9a5c52a32318ec532027258b3a84958,,
2731,6867352b510c7caa78883387fe000b87,,
2732,738963113c79bb3c8814b06224a263a3,,
2733,fda6868aea710b2e286d1b575638050f,,
2734,585bf47f399249d4bc1e18a0aad69d2a,,
2735,b162d746859235b3c48c02bdd503b8e1,,
2736,57ed01ca752b76a1a02348b1e4492565,,
2737,fc07f0ce6d2cdff9d65591e94fc2130e,,
2738,db1d65d349a617c13f53307435d42113,,
2739,be02458edbd06696094ebb229a9d0d37,,
2740,50d2485d0802f6b27cff432ed6f8be70,,
2741,473fe1a74a91897154a200ceaa48b4c3,,
2742,2985752de460036227f56e8cd0796f39,,
2743,018eabc8f4503ab89d0725b430e4808f,,
2744,0cd5be1bd117769faf8325db00c3f5eb,,
2745,288a512bf5affa970a81d9c553feef40,,
2746,91f229c6985c3c53afcb9e14a6d92e9f,,
2747,208025030fedd3a2e858890eff150f36,,
2748,93c3721f35d6693ac28d99f530b78233,,
2749,0d11cd4b1285e9704ecd9fbee3ee8544,,
2750,828b6eff01c7a265a2f6812b89744860,,
2751,7a0a50d6ea7cd7654369f1ec71f93db3,,
2752,0593354ca8cb549c63f547c29f3a7ff1,,
2753,ed6df9ab166f61c7f18725ebfaa893f9,,
2754,2c80f3b5b711c0ff847087a5c154b5a0,,
2755,79e6f48335f8260876bff6941eddbf18,,
2756,e06fe6f8da1f7a47476109e82548cd94,,
2757,80eb4ec9097d28e851f5ca76c8a69732,,
2758,3e52207d9b9e15dd09d12b56f67d00b4,,
2759,2be8c910fac204ab798528ec628e7495,,
2760,3e96addcbf4c1869d8f520348646cd60,,
2761,2a84040c18505be27e6eaab8b2dce6cd,,
2762,0b2cba7e97daa7f11ededc2ec7d67045,,
2763,423cf46064b2e83b62917b06fca7057f,,
2764,d00cd9f041626b029b2cd3b49b765c6d,,
2765,8e8cadb3e802b1f008e5f6034d39fb1d,,
2766,366cff575902d8a3e43cf0634e05d96c,,
2767,3539e2470a916da8d98b749d89ee69ce,,
2768,efc999f01b27bc25d9a75a5583dbd938,,
2769,22756712280d5fcf0c9ca638fdcaa661,,
2770,c4fd2900adfd82ce1a09f280fb00710e,,
2771,623155cecfa8cc671054be004d6cb2cf,,
2772,1e5b35728a6af734a4723f480bafafa9,,
2773,b93fe47e90403bccd91da0fa479dbb2e,,
2774,2abb253542077998ae8734508e256ead,,
2775,5aa7cc54ea328d8b61385a4cd2ff2352,,
2776,a4c28ba06ec2c15d2bc4c9376e4039ca,,
2777,5fc5347c2d73fe6ebe3f5dfd6d8aa923,,
2778,2dd9b8080f0f72ec8521d3d72a4bf018,,
2779,bfc0f3be45e3eff66989c2553cf39436,,
2780,c6fa52130011bd3d19b0222fce73ecad,,
2781,42cb31b9fc4dca6da8112c72600ce8e3,,
2782,a43ae1d4fbbb8606f3e38d2f21824b61,,
2783,5b78d822442ace9831e972143994d548,,
2784,bd1a900e27cf317aa19176446e05df47,,
2785,7db9ca11d85a90fac1eea60ddba3b881,,
2786,45a7e6d72747faea42960c2f8d8b87ad,,
2787,c8b125a6ec7dae848e5a0617cbb395f7,,
2788,8fb59dad9900993009ec713ff08f7a56,,
2789,da781e50e8bab82212e5724e387f49f4,,
2790,6c8072d548422d357e97a528a9ce37ec,,
2791,9359e8987975c5e0d24dcb18e41270dd,,
2792,d7638720ca4ce4fec6b6afbf524feef9,,
2793,1b875804696c16df1c91abf6d16a7b4e,,
2794,bd9f6b90049d6a63c66147e140bbc9eb,,
2795,279a99068552ce9002067ae78064169c,,
2796,8e1caeb7b30b4cf3b1d07e777aca6a67,,
2797,10d6b8614b2c6daa7335f6de0492b049,,
2798,3dab3238ef15a3c5b3d43e0b777073a5,,
2799,82dae0379e4a414709c98eb12dd5e711,,
2800,d15706b4cad3b7f87dd260aab604b25e,,
2801,2ba44e7f931c66cb48e41c58bdb25c89,,
2802,dee6f372d17c4f4457948f38d13970e9,,
2803,d97f89398bb6e6e441de40a85a55f762,,
2804,949247a2b70a0976687f44de498ed601,,
2805,bfed9b44a06d5de60336ec6fe0365361,,
2806,4bd5c18dcdfe52d9b4cdc9a85199f5cb,,
2807,2364e13161b373f7d463220e68eea803,,
2808,34a98ca2d4eb1a91e428bf2112e26543,,
2809,337be23a5a57efd390460172053fe5b7,,
2810,e3811da9eac68c6758fa4f1d904125bf,,
2811,186792e327f31fd011b9fced9de8f667,,
2812,ffbe854e810d4e4db8fc4acb3ac15333,,
2813,3d05e312c2ec21ab6826e0e3c729bd60,,
2814,6553fc05481b944143ac4db2446e98b9,,
2815,22bd68be2b5e83226add4783a892a467,,
2816,b4c996e7f07d1193217664a4fbbfa704,,
2817,a7f9d0f2300b4e56333bb7bd66457267,,
2818,995fed12984c02ca98b247732ea080c1,,
2819,be58ae01e2b2ddc28eb6673aa7e47819,,
2820,848c7be5504d4f2e9ba4e949c619ef62,,
2821,f3d92b6ae8a2ad0325d714b395229e79,,
2822,e52c5685f6ebafcd377918e583486cb8,,
2823,5b6880bd0d0243579b07908e268d76ff,,
2824,04b66a150ef667f328aa378e1ee8d750,,
2825,554f99db864d559fad9886b122c11566,,
2826,fc99a109bcf480c5db49ebb368ab8eef,,
2827,4993f42b88cc2805541ac6c9fa444227,,
2828,30515517119578d33d884c8bba103079,,
2829,40518fec8d209aefe091ede58473d00d,,
2830,8c85b3c695c3a7ae3a9265cd7aa68769,,
2831,a76cb105593aaea1617759e233fb226e,,
2832,5153df72c43ac1de852e734075691c30,,
2833,ec357f56de67acf8abceb244a2cdf49b,,
2834,607c6585bb0b244506f16da4073ef12e,,
2835,2eeb91e9fbbcca1547ed12e0705ff377,,
2836,ebbe1801ed68a97e435b960a9582a39e,,
2837,d50739fb64a3c3678a6788c43c0784a4,,
2838,189d912db86a01560ba6bd090e06034a,,
2839,c2701c13451133bb51ae89e03f77e88d,,
2840,5e95f26615d4021740de50892e57e565,,
2841,7aa2c45fdc9434e85965643dbc10093f,,
2842,2fd1c7dc4a0f3a546a59717d8e9d28c3,,
2843,653c264adcf141d83e59f7f0a9c9bed9,,
2844,60b1e0a6eb4de198026b8119e7543a8b,,
2845,5ce3c1ea8008cd274f8a9e47537143ff,,
2846,4a2a3bb75dc38efd9525cf96c379feb6,,
2847,4d6ebb6d0906239b4a0836e250fef3b8,,
2848,86d57d54f0bf4d5a091aaa2d8a8ed9e7,,
2849,7e8136cda906272497595cfb2088f4c4,,
2850,96fabf5f28383a649aa86ffbacd47a3a,,
2851,92ac26cd740768dd6ff5f648f2bcf618,,
2852,bfa8190de9b3ad6628dbc20140a59e1b,,
2853,e19325ebb64adc3293f7173d7a337409,,
2854,ab3b9c0f10098b0f08c7ea3727c12c13,,
2855,0c625807666551dc07436779d1969b24,,
2856,4d6ba6a91775bd4f88b2e2432daaf829,,
2857,57fd690ca9f2b48043a41817b1e43b19,,
2858,5c3aa6266bfcbf2f9bf057a0a5e39520,,
2859,fe01b010f147bf3af7740f2f52b45da9,,
2860,77c6467a0d8f88ea46a6544c06b092b1,,
2861,0c086008cc6c8c8da93106b67d336b8f,,
2862,4d30d4e5e4ad03b56b9125263caff7ee,,
2863,a2fe40846d781b8b5e86e87da1955a8d,,
2864,d7d09ab8218cfe95d21ff22df45e75ff,,
2865,13813facc985c2ea007fdf764ef98a5a,,
2866,629462b0eeb5ac0ac86c52d1bba21146,,
2867,9ab4806f720670ade4e94f6085f36e9c,,
2868,78a2c729590d6919ab84be24e27c94a1,,
2869,a6dc33bb603930579b430c76162a7a4c,,
2870,b912445f14c14f0583f573db5be18d7a,,
2871,3444f3932c7c9d04bb8fcb095037ad06,,
2872,cfa2929b3aca993d085fba960b7da156,,
2873,e76cc2d3737dbc26679c44b4deb9ba94,,
2874,281b5e3e80477bed6206fad69a470756,,
2875,008308f099f0c565fbc024ece6b8b08c,,
2876,0200fa88e8c01546663b9db1726936ac,,
2877,625629beeb87ce7468d505457108da69,,
2878,17e7aba72b4614e4c562c346e3ca2e28,,
2879,15a3396c7f121c19977fb8cf543da766,,
2880,b56b08ed50b28ecd0762e79512d11516,,
2881,d313b85c97ec5f0a01d507f162665986,,
2882,db9ab40f85a838fb688892d9080a3560,,
2883,89a8c3dacb902dfad95f51a5832d238d,,
2884,06636cdd43041e78141f2f5069fa62d5,,
2885,2ce7388467758e8e5f310aba63f87ead,,
2886,3a6d539ff2b274703bf4c8b50c6d599d,,
2887,8f390d3f70eb8c12b3e56bb1976c71dc,,
2888,0b373388b189bee3ef6e320b841264dd,,
2889,ee86db1a059e9a7dc5a72eafde4cbd69,,
2890,ab3c5351479e3e58b4feef80e6f416f3,,
2891,163fabe883fcd17de4f899ca8ede45a8,,
2892,63980763840312073acd55d24fabdcaf,,
2893,1de948cc0f1296a7351a00312f501f62,,
2894,da998451f0bdaf4e16b7b41c0881fcba,,
2895,42091f4eed10b8f1e636ca353955c086,,
2896,c5ebafd955baf6a9329a821547cad7c4,,
2897,eaec64217afad712384c73f33591e422,,
2898,dd43c81a6e0d49daefdbaa069e2bb095,,
2899,a7542dcc3123f9cce837cd93f13c0a27,,
2900,f80e5b2afa3ebf635c446fa08a3d7a45,,
2901,2c6daebe0963942f9b960aa3814b0b75,,
2902,4dcd3e9109bd390a86bb0f72cfc80a8f,,
2903,54ce318108d4c1b9a721ecf571400f1d,,
2904,f21b4874e7bf5b2061800096e9a080d7,,
2905,14dfad45a9eb1e87d8828514d293a558,,
2906,3fa1e5427fd312f27072d99cb14a63d3,,
2907,ff1258923eff48a8b6882d1a06d4f0e0,,
2908,08f12f69f71b3b4c3c45eafbd710b156,,
2909,c0f9ad8d304ace3f08d367a0f088d2ae,,
2910,db63c8584fb19a4425c8c80d86217af7,,
2911,f46555b9ae9ee3f8b4897da358e2094c,,
2912,5eb0af050c28a438f143ddeed00aa8c1,,
2913,80382f4336fb1864464fd41d53696289,,
2914,4ef1c36d1a970ae4f2aeb47b14190afe,,
2915,e97f116751795bc832eeefae3227ba0b,,
2916,725fc40fce67c6980c56cc17eafd0eb0,,
2917,f6ffc86aa0c22f0f0e6bb3b5c3dd79e9,,
2918,545063a5e1917a0ddb4f48b99b40142f,,
2919,77bd87b225a08ba9983b605d2801d2bb,,
2920,059cbf902c5e42972587c8d17d49efed,,
2921,fb80c40073a4016bf384f408ec048f55,,
2922,968d10296da91899ea751f24e5d97465,,
2923,e34cba2807a8776c31fa61f63ac567cf,,
2924,ed35861a0e509708086dd37a78745967,,
2925,1dfdeac1fc181e305aa85de148f0c60f,,
2926,60a69fdcc33d3b859dfc2a1cc081254f,,
2927,706a5789a3517393a583829512a1fb8d,,
2928,4f7748b6eb69e97cb9c7d4c00cf3a1d3,,
2929,7bdba25e2792ffaa6255a2d4914efe41,,
2930,b6cfaa5506591d265e3a6202b4b30310,,
2931,e7ae2d3b70141b5cd11808dcd1f84148,,
2932,8ad2547b9347d850bda6e43eaa3a0026,,
2933,94de92cb54c50c8f9fab0e17d360041d,,
2934,c7e159377563c722314bcef3e9537c10,,
2935,8db3ab06b4efd9c799bb2eb1e3e0289d,,
2936,4f97dcfc7c82a6a16f8fdf3668ca22df,,
2937,7573282cf721d6997937fe8eb05d5c5f,,
2938,cd43ed86eb797297f895d4669c114ea2,,
2939,107694232cb071255848ddca5efbe061,,
2940,89f2a2a4e2924dfd716ebe784b4b1b72,,
2941,a21de143bd5da5e90b185bdd8811a535,,
2942,2ff57a1bdcf1e23c8a7ee5b37e4c3aba,,
2943,9888f3ac3710823171421e5a5164b8de,,
2944,dff285c9260f7f68f4e97fb6abd32043,,
2945,2b59dfa72ed1fbb3cc1dd6be9b16ae76,,
2946,372251c4bc2f7c3a0d1b6704b0cba28e,,
2947,085d3e58058fa98dcbbdf64dacfe51be,,
2948,6ebaeb1925943ae96bec6be4a370dc8e,,
2949,8421ac14e6120aeafee16003f19a9d76,,
2950,8352937c62fad694f28fdeef9fc8c464,,
2951,cec81433693d2168ddee15f9bb37dc19,,
2952,fe1f503420d2d5c4a723ef6c2e7efb1d,,
2953,1c691c8c6fd05875e916519e1dca50a0,,
2954,88ef695f58a55195f0730b4090583f4c,,
2955,e956c0c77d87f17644ec64ccd2abd66a,,
2956,bb492e6591b672120e827dfd3f6be873,,
2957,d54a086123963adeb84c160160bac353,,
2958,ee38373d970014e6676ebbc782be6b4b,,
2959,5ea330d8b0924c0a4d0619ad49c6dd28,,
2960,5f30a88461b86ff36af412fc490a0f69,,
2961,0b750909b5179cc92b2082a6c5e7ef72,,
2962,446664c5c1545096585825aad5bc9310,,
2963,25637fe69d28ce0cb944c631222a6b52,,
2964,d6a8117ae79bca1cff29c52a10436da1,,
2965,5ee927ed5d354f5f72e5d341276eb5be,,
2966,5764f6df31c3c05b73dfc0fe5c7bad04,,
2967,62de6f2b44980a0b7d2a926f828446b1,,
2968,ce5a06d88462ff9e8838c64c748ec9ab,,
2969,dd1de3a4f68b088865866c04b3917f85,,
2970,95d7b143d6b7882041810a4b445a7553,,
2971,f0817b0470822399780fe7e26bd32e20,,
2972,6ccff9b19aed0779af75101e6f468dfb,,
2973,81750e90bca04910ea17513321e4a204,,
2974,f4fcb9c0c46099e045a0fecf20a7843c,,
2975,bf7d0ac2494f0521ba444a5de2ab587f,,
2976,52d9b14996bd9f5c59cb765cd276f111,,
2977,01065a75c0dfd95f78893ebbfd3c70b3,,
2978,23629ab626c0df37b8194538586b6674,,
2979,4035885f764d0e277b0a7f058711c6ba,,
2980,fd3bab570d15a102802e5b7a73c95e56,,
2981,84f400518ff3cba2786849ea4dc3bbfb,,
2982,64b7fa539fe4647b60c3e25f17732a5f,,
2983,ac8682bef4c6309210b50279feff0a83,,
2984,e8b5dc4dc51b355c689b8bed7d8cc7c1,,
2985,8cc1c091533e03551a86a72173640d9c,,
2986,86ac44c7c69cbaec3cb234023c436341,,
2987,521da07cca3ad8a9615ad591d9375538,,
2988,9f90111d4dd5c7a7460f83b4953a8a6c,,
2989,d3a5775345ddc4976944ff1941709ef0,,
2990,961cf0025e9a8dc8906090034158dd18,,
2991,41bfc11a16555808e8ddf2af836e6943,,
2992,a1867f63370ccdb636e2ec006b5f0a6a,,
2993,498406f8f2e057bd58e5ec040e78c3ba,,
2994,4e043062905b6c64b1835bd9b22321ba,,
2995,42ed3236c832fa436b51d774fda8f3cb,,
2996,68f5d0cf51594a0eea7f8d19447d4d61,,
2997,1090bc9626ae4dec99207c3b64a1a050,,
2998,73e92e6b0a791d808d9767aa3d0750f2,,
2999,c2189022224390d6a8ee1f192214526e,,
3000,0a5b11fe9c149f5e2e41a5d16dc5f314,,
3001,b04286f0122e84d441129b1cbc2fa809,,
3002,e1ef8bc2099822e6b6872bbbf8b601ff,,
3003,56c263aad2786ca2d7247e1b57e32705,,
3004,ff1896ab1d89b36e8de1922feb21fa8a,,
3005,1e6f80037841250f61245102cb51baba,,
3006,c47cd88262e0b75801a3aa1bc96aba0a,,
3007,613d47883d333e9a07f1347ffc64e7ab,,
3008,2a8e0ac626666a2e86b868ff22249946,,
3009,20295d0f4917e297c4827296397fbec1,,
3010,1eac3c664f2d65ed9aa575797fa5a682,,
3011,66fab9d13c7a0f1e81b77887bb8a535a,,
3012,18e2d22113d3bf1ef0575c90cb22fde6,,
3013,699aee467d028cc39214073e2da18871,,
3014,815cdf5c920260e8174242bc3395b527,,
3015,b376949adfafff2fd24c30c4cd27dd58,,
3016,170c91c206648c545cfe69c718c059f2,,
3017,67b316fcbdac6392f500c587f2cb2b16,,
3018,dbe7f4456dfcc47d0f380de5b31c5e87,,
3019,cd9b8f5118bb6e5bf92edb4a5aed4455,,
3020,fc276eb59d1ae3212d411c903167ea00,,
3021,901a4d6d3cdfc23bf94bc1cb3e03fbc5,,
3022,ea7279a8827f8457425682d436da34bb,,
3023,636a1fa2cd4d66297c4f63eda2ba16d1,,
3024,c8face6b1ab31039272be44890fdf35f,,
3025,a7920e075a4c8784da50bb39c8414e92,,
3026,f8bfe4f06fbff1742696513467bc7ef4,,
3027,48176351db9eb0d9066ac09610039e6d,,
3028,e0fa5cd8786faaf7c24639294783fe77,,
3029,f88c1d0470a3d754ee8bfd47f5fa1ab5,,
3030,15f760b0ede8f90ccc5327ccf4b771f9,,
3031,ae70836082d20c61d8dd1f1600674698,,
3032,8bc819037a6ab2932c227d1ac800102f,,
3033,31dcc24ac04b9c4b00e5b898dfab4c91,,
3034,f8fed3a0a18e9073248eaa126fd0a208,,
3035,f8d2f911db5e10cd440dc1d92a7cef36,,
3036,8ef6bc4f6251b850e1b47f926d50968a,,
3037,0446851f36b7a60cb971e05365ce0188,,
3038,8e10fdf7cf892cd38ba41c771557b0ce,,
3039,f4cbbd96fcb39c34811b9323dad237fe,,
3040,372a24a9557322762bb693777a3acd8e,,
3041,235c5e6cd107a96be0670d71e72ebc6d,,
3042,7427631c3c24496fac0b24e07bdaa4b9,,
3043,56cc8c2d96c1c1589e7d6e564f14c174,,
3044,8760076013e08db5fb4977a7f5df18cf,,
3045,bb5e9c142a265b251a4d9704c7ca394d,,
3046,492bf65046ad2ac9f710930418b15a75,,
3047,4cca009687e182cad33fd58da6a15b1d,,
3048,5f223137ea4f913a22c5a3074195d37c,,
3049,8022e1100531e89ce625f6556730c162,,
3050,9d4780682e3ea21c145521716e1880f2,,
3051,b339e44aaf55e0e76d307ffb21ad5eac,,
3052,99f60de23ae443fc267155050cf905eb,,
3053,39aa993dd0320beff42381bc9b6b498a,,
3054,564252dc7eb1c27099ab70a95e189748,,
3055,9ba74a2d19c4149c47a7c6661fb7eb5f,,
3056,7f68f25905c0dea4a017fb78e1c61b21,,
3057,2ef63698c41601df57031b3e1313bd0a,,
3058,914d7647a5387102dc4dba393cd092d9,,
3059,673860524a7cafac29eac8977227c665,,
3060,397c0d623c94677ce5c1e836c3253eed,,
3061,422d0aeb811f23710ffe99ecc5233a77,,
3062,2409b82676fa73d6a71cde9839222b4b,,
3063,fb7d7003654f2a3fd68efea60e915edd,,
3064,fd3bf77d72ce527f9c9cfa57f6cdea8a,,
3065,13e0eb0bb20ae07ee32ce2d6a70ed9ff,,
3066,9d14c42db92e5ba66f97630b55e1724f,,
3067,e919022fbfe7c9ff599a866aa0be352f,,
3068,2ee04159001b56e9f28dfa9541e1b9fb,,
3069,1e23449104568325e9c5a032351dfdc6,,
3070,5b92b41e8e37f25082dc3062de44c504,,
3071,3c71188a45f5bd87ff4736de84cad35e,,
3072,b800f38e7f2bb9751e332a03e92d2a1f,,
3073,f0921067172c8fe3062cfb2b77a9a549,,
3074,941c5c00aa0eb23c7020f46bafffc062,,
3075,5044f516918074e89e36e0461be805f6,,
3076,27b0d570a40d5c3679f508e9bc181e8c,,
3077,23a463a806c876003a02dda580ed37d5,,
3078,c0e652d920384bc328d1e1283178b566,,
3079,9d36aeb4b4430baae6853ec391168e4c,,
3080,fda9062ed96a20721634b82e5751c559,,
3081,be8d828b7d90bca42ca4274f57e70cf5,,
3082,5d3fbb68cccb100204a57b1b80b3171b,,
3083,1e781756a0e97724ca9592a7a9d8623d,,
3084,25961aea3db8652eeb0bbce7b0b539e0,,
3085,feef5163846ed7e60b2faef14e91de09,,
3086,06aae0772aa5f4eecbd806ee0558fbda,,
3087,0e1bc26d651085dca788335c9f3b8dfc,,
3088,da5bbea85af39c137a264ee0bd56ef50,,
3089,60b46e491d5aa1cadeac8e97ec073c6e,,
3090,3cea837349a8bd7fb89ed01883f149ea,,
3091,15b76986fa6a5826ed39c184aea31e4f,,
3092,473af71fb330ea26e33a3c24eaa14b6f,,
3093,48f2054b5ffbce7d1402c8a4fec625bc,,
3094,dd4b7951eccf92f36cddfb02de6c2839,,
3095,0abc61a1bc7abe47b9e44a9f69979eb0,,
3096,bb78a855048e4efc39c79882c6bd623b,,
3097,09f734438a9b2f3cf78c72eef5c45b30,,
3098,bf7e9ce61ffe58f2276a4689d00eddf1,,
3099,fd5de97edf20d6f2d0ea1daeea8315e1,,
3100,7c3ee27216049d5308310f02fba18dbb,,
3101,67e855cca15a9930d065bf9f14241b41,,
3102,72c00859044a377377a9caac31885e9d,,
3103,e71101f053a67bfdaa7a396a16bebdd6,,
3104,25c0f98758c3fb09bc2070d1dca0a299,,
3105,862f8e7fbc9b0d2eae3bb8d12f36af51,,
3106,4e11f7a0a2623f4e9f110e81c3bd9683,,
3107,d8e1bc485f60e8390bcef00dd924aaf4,,
3108,30b5b45882af856464150d2bd86668b1,,
3109,32eca7c7634f59e3b286e3a89461f95c,,
3110,13a1a0432b80f929411a82f275df7807,,
3111,c8de1c11089f06013182abb4b5bf754d,,
3112,3822f7eb7af4fcf5d490147fb171e436,,
3113,367107929408ad6c749310a0f665bdac,,
3114,44d8195408cf47c03270035175e63a05,,
3115,d807d55521cc50325c2cb0aa60efaadc,,
3116,d9471d56985f343c8f300d622628ffaf,,
3117,48173ebea068ee1f93d8fce98dce8e00,,
3118,1c0fbb1d600f761847294c4b8019edfe,,
3119,91afb93637f5f86aacf904fcbe2bf5d9,,
3120,bb8c26c5d0ec96b601d3ac2bd4fb2283,,
3121,bc6e1ebec08a9503689da9a095690dfe,,
3122,c907464eee427bcfd931eacfdf64a5d8,,
3123,a83efb2f72bce568e8500f7bce347538,,
3124,1a12bfa2c136b75f8faa911f625b2ef9,,
3125,687f0aaffbc0c082e7a01018e78233ed,,
3126,d76c8504812e17930194614c25ba21fd,,
3127,feacfbc5a71e6ed859ad3316770eab83,,
3128,1efeb4184829ebaa4d10c223e73c5d4f,,
3129,78b2a52265722810be3fc2f3a562630c,,
3130,2a8b2bd072020a502c3fbc8acb651172,,
3131,d3c7604d072872f207a5e4cf31678fb1,,
3132,da8a2cc5804ba27b9767059bb1a99e42,,
3133,54f5546d5e8afe397e0180510148fb85,,
3134,8ac5528e72bb7fb3e3b0be31ad1f0f20,,
3135,a9b04c7dad29444f8422d0c31fb678ea,,
3136,478261713d5379009e2f1be1ad3deb63,,
3137,94f59c80441412249d37ee784bbb64aa,,
3138,2caf855d25d357626f5ea914bdfe5774,,
3139,45f1e53bd73fd85469bf5cfa5b197742,,
3140,59a0932027596ac986f52a74d30217bd,,
3141,cdefc4649194000c27f3fa17f936d517,,
3142,41b01a396f04c9ad63b9382d91f05cb9,,
3143,47043e84cc443828de9fbf077a936303,,
3144,17f368585f7e3bd1a82bdfa88b85e5e1,,
3145,ba7b108db53cff0e6e5f04a51e11bac8,,
3146,d0b1d2710ec6d4e95e559601570dcb71,,
3147,e7d8c7e2eab5b6c96c52b368a416aecf,,
3148,91715bd01b55f5f06db540218cbb312d,,
3149,23cba918ca0d35e8c3486db356cc8c6f,,
3150,79c4f98b053a943b41bdc8d47ead9013,,
3151,6cd581a4c4e0314e1479c0c4a24f4eb3,,
3152,8d69850040ca70588cb37e7f0bc70390,,
3153,9868a54bf110a952ac11af9f4659c5e1,,
3154,74121dc7165c19a5d72bdbe3eaeb90d2,,
3155,30353f220e31776ecc7610f803d9b6d4,,
3156,7586acca9d42458aebf5dec54a544792,,
3157,f29a271f6d4f678495306d7db565049e,,
3158,fc69f56c44de0538a4de4b5d1cab53aa,,
3159,78c7bad2262ae25179e8cd6633648487,,
3160,511a33b7aeb1153407ed2d55cae001c8,,
3161,15bf6b34c8ce10b0eddf687e3a670e4d,,
3162,3482a1ac6b5279fb56a14504a6c9fed2,,
3163,7c76b2d2d594d18430096364ab23f9a9,,
3164,3ee71993acdc2ab83790ea25fafe319d,,
3165,3c2fbe79b388eddfbdb3dfdbc36eec6d,,
3166,8f68f6bfbb6d42404f399af5850d29f4,,
3167,e2a398c41516ce8ffc8fb4c1fb9a20af,,
3168,bb3a7b890dcf2383df0b8c6636100512,,
3169,e3177c4430b780c973ef857a320a211d,,
3170,2966dfe36bca2724806b2020aa677990,,
3171,339af1c837c6046bcf11ef8f6ee7a3c3,,
3172,f1cc477da5b2b0a5718a30ec82e3a0d2,,
3173,5c3fcc6eec3ed5f3717551c419a3168e,,
3174,1a54fe096ab9492e54984e3e4b3a02d8,,
3175,f2f9aa01d545ac770dce5e61e6d756d4,,
3176,9e74e07bb8b89e8dd32057c623238f98,,
3177,af71c423997e01b837567d16bcced649,,
3178,f02b9020d7bc40972be3d30d13b745c4,,
3179,77087895140c470801c962615845e36a,,
3180,96c62d8799651597247be49bf790d585,,
3181,142aba6117eac17884a4bb4c99f7b78a,,
3182,49764620319a820dfd2e6738861b1aa0,,
3183,cea19364daf850fbabfbdcd07cd145c1,,
3184,ab526f17170864dea67909338879b3dc,,
3185,69782ae700f84033ac9b654140f7229e,,
3186,77d849c7c5d20f1e604e304a8dd676ce,,
3187,f0098375c984c08db1a94086d80e7f27,,
3188,fb44c0094a19b950da9d6e54c6cc7748,,
3189,51b79eb617718f11e64587422e6877b0,,
3190,09af7bbed13916dc55c9b90279ac1cd6,,
3191,f919ae65f2a3963ffab277696ddad291,,
3192,cab39b2a0617d8bb4c0f2ae6859d2241,,
3193,f8b6b12c4ee64f1ab2ad35473aa137d4,,
3194,a067b076fca33e4b22dd6f1024bfe369,,
3195,f1f9aea9e0bb9845704f9871346811aa,,
3196,8f151ad9af432f235c2533cdd7942293,,
3197,2cf2371193eb1c0cf34ca2562004d5e2,,
3198,f485571aeef9888bc219a7a5f146cf3a,,
3199,a0b7d920c249437e4e7aea315df4a0a0,,
3200,1240d1d2b60f75c4aa51358b73ee3fb8,,
3201,4f24c43fc4538edab24c8a1b27c57e7f,,
3202,8fcc3efc049396629dedaf22cb4a1c14,,
3203,444ef94933b8b3cf2560688a9dadc004,,
3204,409d6815cecdf483be748a75c63c0b2e,,
3205,4d8fea743c615b679a4de32c4d8e87b6,,
3206,0dfaba8f37fac34150fb70ca8e425141,,
3207,6a10c173386248ef4f11ce0cedc0622e,,
3208,c04e3f99d8842fed006ee780528e3241,,
3209,7fdae33284031ffb88063882bb16d14d,,
3210,87667e72b7fa0491a09fc9555894bfbe,,
3211,754bb7812dca6a3fe59c3da1558a411f,,
3212,fc3c4b863c8e9defaf8f430cdee91183,,
3213,be314bf69cc2a23be07350850abb34bd,,
3214,a27ab1c1998e93cfb6d34a3cdacd1b5a,,
3215,71ed9d8a5cc6fb819ffe17b776310e74,,
3216,7e7e6dac3271a6cad2744ae393328a36,,
3217,29a913bc07d243846f4c811eb927a2dc,,
3218,bd8574cd5bcbedb9213ca45e8beb7561,,
3219,136cae2844e9f6fd15f09ccc9453e0b6,,
3220,ca19152d2195aaa3a4f61a2a1f9b179a,,
3221,d2ddf3569a3480f94bccb1c995efd8ec,,
3222,ff53524d64cae1675216bbda40ad7cac,,
3223,f12da90682826a7b149fc550722e14c4,,
3224,fa6569eb827fcd7108ee7f22dac0ea11,,
3225,515c5c3ca6c92cd2a972b7a5d73c6ec6,,
3226,9e0f4a948ca41284a9bfd7eedaa7aad3,,
3227,c3206e3a627cf34dfb2b013847b924c2,,
3228,4d3882bcb3cfa5661e84b381063d2917,,
3229,e2867d9af28a2dd07961ef9f5ffa102e,,
3230,878be7ee5bdda3b29e2417f6dc93af64,,
3231,b3b6e6cf4fcbf6e6b9812f6b1097d7b8,,
3232,b376a3dc044849448f2fa1665243a840,,
3233,9d22e04259608d9e5bafa6ee02bcd803,,
3234,d3bec5f291e147ae2527e00f897c6229,,
3235,5ee438137f5f797a700ba9a867b5e001,,
3236,54978762e0eca14cc62c4196d3e239ee,,
3237,74e62ea8e9e5c1a2f6081b831dc1535e,,
3238,9d98eb6c404f3c3d7191a8db379d2994,,
3239,6cfc94f37392dc3c9ef5d7c00e706828,,
3240,d85e14b5f57f220ccd80ca6f02f6b56b,,
3241,5558579da28c0c6bed9ec761982439f7,,
3242,847c0798ac88eb76035bab0da44cb71c,,
3243,689100903a58c5d137f281c058b85856,,
3244,10d22d845b6bdd506a53af379e7f0b20,,
3245,7459ad1c89716d7160c67bd1b7083f0f,,
3246,1364e13447099b5f287c9e44768e2c8e,,
3247,aadc1f380501876a1bbe46d2c617a12a,,
3248,04fb016f937abee73415638884ec0367,,
3249,e52afd1585ee4930b0005e42118a6e42,,
3250,b9382651da19808b3bcdcc9a4a8e671d,,
3251,25caa73d08a34c0bedd8034cb4a623b5,,
3252,04ecd322ee23c5be7654baad4d9fbc71,,
3253,a297718b506a50b158f9ef2f2bce9e58,,
3254,4b6acd6c2e0bbb54e988ca7093d312eb,,
3255,8e3e843a0eebb79b5ed06f97c078eb87,,
3256,f114a15f4c02900ebed9f638b68f42cb,,
3257,24d1d744c187ef83d2f29a2283a6ba96,,
3258,d0115a12026bc4b8a10ad05fe4992ded,,
3259,5968428558aa2438b6a420dfddb5829f,,
3260,5b01a2f268bd6365a7ef77b16ffd7173,,
3261,cb64b562b53fad75ad9a575bb9150c00,,
3262,d62ce3650d7f19142f16efdaa85d0c3f,,
3263,6aef69fc1907d69b998ac90f07528fcc,,
3264,ba90d2787827da36ae89c1512c8d5523,,
3265,6e79fc78cf67358d3d16daec5573b5a3,,
3266,844e3d9d86b7637b36d6893397861c89,,
3267,ad1592d1b4b1f734e59a92f5ebef305b,,
3268,d325814c0e52495c8909878358961df3,,
3269,8e9fa23bd67888cbddd7203f3a2db9fe,,
3270,410cba2621af8d087ca17589878129de,,
3271,53c13f2dba313251cb0e86eeedda6bbd,,
3272,bec17c112d594862438fd3ae9d7c9188,,
3273,8a5337e8ec132dc7f60b25764ba346e9,,
3274,db5b0d984c07017f0e8ba41d8ed55d11,,
3275,ac958e777983e02bdd9f1037e2cc3f1b,,
3276,777fd967a1a841b60733bc1b0679576c,,
3277,320a5a8ed48d1d03103a79659913c987,,
3278,dd918d3f330e54cd566615c46436495e,,
3279,2bf72532786e74021c1cbd0474890470,,
3280,0f39f5898c4efb71453313f528f70c9d,,
3281,0d9ebaacb0ccda0312b5fca401e699c1,,
3282,eb074645f3635008d749b5f03c1336c0,,
3283,d42bd4e73a676fe81419f7c9b499a79f,,
3284,9c1e528658246c5f5600e5a98f9ceb62,,
3285,4f7d297df486c7ce49e855d0471b7158,,
3286,915dd7918f5bbd16aa1ec7a677dcfe13,,
3287,e3360926180928287a4d96973e10926a,,
3288,6de4998fbdf6ebd012fd6b727890e582,,
3289,53fd8c8bf3e1a9cc53ee823331428bc2,,
3290,9d0a77ccfb9aec1bf877bbb23d703cc0,,
3291,1bad13504eda64538804494754164afd,,
3292,92c47e36f3e35b80eb8798558ad37e10,,
3293,0896c0e0ee1979a0075927acb663f2a4,,
3294,2b8faa47d6c6e03411386c4a68017794,,
3295,84ea71bf97d02addf393ea467a336996,,
3296,24db83be28dcd7f40d311c2b2cfeb78c,,
3297,ef3e70ea593ce6a058c14ee6037bcf80,,
3298,a4eca9510f704c55f2ac2cadd6bc2d6b,,
3299,0a0f8e20b1222b69416301444b117678,,
3300,ab7efde9d27f2e403ce778a9df21f8b1,,
3301,e73d1aad9bd7f12ae2d10de5932462c6,,
3302,f5e8369558d2238497eaeb1b6be9391e,,
3303,1d3dbba03eea11b79283c459629a8be5,,
3304,58476708525d4b4fb5308d069645e097,,
3305,dc2d99579fbc26a3f92ed835cc944f6d,,
3306,20f2fb898c462c1cb2104c90a0a73710,,
3307,b523a95fa8bf654626cf2a964f172b82,,
3308,9de809a5afc4db9addde736da4bdc9c5,,
3309,c7a9409b4cc4821c6fb23346db4c2433,,
3310,86ddea3d6e787b11f84309d8f1b69685,,
3311,b35fb32a848595f93b1d4b0700b90478,,
3312,d2711770cdfacb1f41296664d53a5c51,,
3313,6cfcd028cfca9fb39a8976882d0167f2,,
3314,e5a167f697628add6a45ea4e447465bd,,
3315,781406b2bb43d49316a967d4dad3fbb4,,
3316,59d833e569743be1b04d6494358ed3ff,,
3317,d5110b3363bff16460ad266f1ce4ea06,,
3318,bf5ca3ecbaa49be10b5d9fde82049434,,
3319,d60a54e0359baa5b161a897efa7e87ee,,
3320,6dcece3682e1f8d8772be8dd3649b1ab,,
3321,d8c4a0a75d72a1f8e94b0939fe27855b,,
3322,e8d79e4c9b85f70b581e3403241672e5,,
3323,c6fb997f235db1a874d4e4f208e8e84e,,
3324,2d4511f3f129efc2865691aa75e5eb0a,,
3325,5da72569e3908391620c3fc13b3fd821,,
3326,3a025fffbcd1734f4472d6cc8fbb7d0c,,
3327,02a7b258e875cf073e2421d67ff824cd,,
3328,349c0555d5aa6813c4faedb0e78b6b4a,,
3329,3ea2cc78e880904c398deb6d51adc136,,
3330,36531354b9f3353938e4227f7d8a3ece,,
3331,835c2db7726b399c38e5e53f1c326ab6,,
3332,e42266419ea81e25ffbea2954c817ad5,,
3333,adbfb2f1cecea96a904bd46ac74ba2f6,,
3334,efd993cb48dce20304958c45829a3ff8,,
3335,60d9a3ab35617fe5ff59e006d176657e,,
3336,d769521a224966070d505f330609eede,,
3337,2f0a9b15f067539455c1a5548a114f78,,
3338,2db3720a45f02467c5863f2755ca18e1,,
3339,50dca6da456cc4a4970e94207fb9e8d4,,
3340,8c357871e57c5c60277230412f2d9028,,
3341,022544d1446c2c44f8ca8ff53262dc5b,,
3342,514bd15da8c32fabbd07c8b00a147173,,
3343,9a9ca5c457ad34e83f7e83002c61550f,,
3344,e4e6c000a1fb5377541631b59e4a54a2,,
3345,9d78412658c86a13866f804ce8284f75,,
3346,2f36ff8187d5edeea79ad2e87763a89b,,
3347,6ea3b98851bd9ec5522236152b8998a3,,
3348,c797b20d6e8a04a4e33a55a8f980a9c7,,
3349,1b95a0c32503e4549326e820a57127fd,,
3350,3d334ec1be0544fd6fff794a77631eef,,
3351,edd408ac28d172e7c80dbe7aea2ac283,,
3352,665fd2746696d225966ae4f714203914,,
3353,cd19260dc9973fdc61691502ae1942da,,
3354,322fec2e148f8a2d3ca008e1cc20d8c4,,
3355,70f9db53cebf8b01b447b1a1de031eb4,,
3356,6453282676ea9860497c7abe7c368c20,,
3357,e7f434dd3d607e019828f9c1f0a66144,,
3358,f0f6097376bf887f51d552bd033ae5d7,,
3359,30fe4507ced857a7c09246018e2c0c3e,,
3360,0954f0bb123cf3be8b00c9c989dcf3d6,,
3361,6465a5ab1539fe69d2392408606dfade,,
3362,0497647d8124c3a7f498c89204b7afe2,,
3363,c0525532319412db3c662254463067aa,,
3364,5e92f3c50fdcef3ece4646e985bbb2a4,,
3365,02e7ef58dba5c2d67b6d3711dc081135,,
3366,eddadc595e0ea2588685f4ad22c3fe87,,
3367,7f46d3906c54e47d26aa7d3114b36a9d,,
3368,1e6417b7ccdcfe97f00fe41f8b25f70a,,
3369,0c88d7c7033e2048b1068e208b105270,,
3370,b428c7ddb14ad3f3ca9db0d3c01e8c04,,
3371,a3029b2de4339ddae99acfc46c29e11f,,
3372,70537a4b7d85e72fb377f1ced5ebd5a2,,
3373,cd6173efcecbac38897f78131119e59c,,
3374,bc34dd1d026bf547eae2a6a6bf6c85de,,
3375,0f5c20d93b7c6b92fafc26069ebe239b,,
3376,7ce456619c8710d5316c4ea4d03d31c9,,
3377,20b4e3b00b34fb10d8e00ab145d70692,,
3378,ef719b75e69aa49c7c5f11995f4a5c87,,
3379,d78288ac0177943bc0eead193451098e,,
3380,0a8c2bda6e00a040372185ccd9a3c4ab,,
3381,0905d7115955cdd6f438a64bf5061902,,
3382,3874ee8af95029da74a9d821d6ea26ae,,
3383,0c4c5c0598098cb221d34dc154cca14f,,
3384,99a77d8f5ae8fe255a58b1877015ce4e,,
3385,2bdbaa928fb1b06bf5f4cfb04fb57b1d,,
3386,5a7b17b308cc6118cf8f65df80de7390,,
3387,6b7687d8a3cec2cfe1eb5a07f7e3eace,,
3388,82c289e2fb53713789599f77cf368bc6,,
3389,9d0af138de2abfa5e43b475f941993a6,,
3390,afbd2c0c897b2a9cb459c5a598cfdd9c,,
3391,d08bd91bd82152478e446b6c0aca6d4a,,
3392,0716c93c57221da6de731b0df342a641,,
3393,f6df497ddcb8f033d7c28c05fe242aaa,,
3394,ccf1f6923eb620f03139c36f14f3fe50,,
3395,574b500e9f93038740f77f0dfa458c10,,
3396,66cad79a848b2b9476a2517a80314327,,
3397,cbd1cef3de1dcfd55e489e41c4ae514c,,
3398,9362ecc68839f01d586019a2782f3552,,
3399,97ccf4cd87889cfd0c918eabd453ace4,,
3400,2d6db0d8b5f891613239814ae8513a73,,
3401,9ffb0d108038b5e91cf647c4f4b61318,,
3402,173b9c70742ca8ab4fd17e0e6ac82323,,
3403,e11d21ce3b806da540de6ecb09affe67,,
3404,1a79038a91cd77e7bab291eef4bc5832,,
3405,dc5094c179f833d0d311307c65393d09,,
3406,cbe083d6541a57bdcb503b33d94e6d8c,,
3407,e43ae1ef2cda811070e2c0a6d6154150,,
3408,ec2657eff0395f0c0eddac5b35cf584a,,
3409,3bed1fb91d2096de25888d9e162254d5,,
3410,76c8934b7350a3ad777b94f624390dbf,,
3411,be9401af560205c77fd69612e607dbd9,,
3412,c5e6c3efbdf833673fdfa3db1c6c4b23,,
3413,9ba7f932ed3494e9b53913a57ada7361,,
3414,98e64fe16f136205ade444bb3cdfaea8,,
3415,10e8ee42a0d3052959f77b6c7d27dd9b,,
3416,3533ae4b2d7f1502831838390504af3a,,
3417,5972250394f2673e5a8ba5fa29cd9754,,
3418,31e5c663f99421030b778af7f2dfe339,,
3419,d74b496f014de5b9c4cbdc5524df720b,,
3420,92d2d3c1efe901481be93f2f1b4cc2df,,
3421,df41c0b953a75cf30e764321a0493fe3,,
3422,e66a6092ff332e6516c879a4986f8a8a,,
3423,1e80a4ca18e6c2d29e453893266da535,,
3424,944993e4e26b18e41b3693a4095cbf77,,
3425,997973f9f9c08b7eabd1d7fe09050f00,,
3426,e55a011bf1ef19beaf3f44e7d06fa0d0,,
3427,12942b14ee8cde158e33d537cc3582a9,,
3428,b44f323b60014eb06669f55be99bea78,,
3429,f4863e65c0c0860027cd2a3f34bfe1f8,,
3430,71f11949b427eac5591d44419969e616,,
3431,211a6f165958a7c3f77b5a9b83cb111e,,
3432,a45c077803194bf256f58964f457d5cb,,
3433,6d567f83ca7130da285fcb26d3537762,,
3434,22bc9ce13212880e57eb842bd19375d6,,
3435,0f84142b14d262cf937566629ea76c67,,
3436,964e3c2fc696bb6d6147b24dacabd54d,,
3437,9732d77870c47958a27d32126266ef89,,
3438,ad4a5651b91f3194db3ed570a0b80e84,,
3439,cbf2dd26a6026868098f999bbbbf7f9b,,
3440,2bf2517893cfca318c2ca581da3adec6,,
3441,3d7c76e3d1106d038356561b67b4ac1a,,
3442,9d0c3cf3ccfdc091564ddc91c3563bfb,,
3443,de1d4eda87f740dc0728868da31511a1,,
3444,6523c91279b338c2527c4fb6c80ab542,,
3445,7b40ef986a69cbdac10544f133832cf4,,
3446,58db174da2288d958afcc0abf5c6a427,,
3447,4d891865079692c7dafac84d6e422bc1,,
3448,ab1f4d1aa956de906fa909f5fee8fbee,,
3449,0c782b90b01085cd1c390076363c6fe6,,
3450,0186f4811c9d089707d9dc7460160d88,,
3451,e6906d39baeab552b6540499fb95a14d,,
3452,eab6d4eae42fed6ed8ce52aa6b313a1c,,
3453,6d2141c1c6593fc206e2a695cb591831,,
3454,feb0f0ab5eb812769d3a069b7be9dcf4,,
3455,49adfe9cc766f35827b1db55e01d8cca,,
3456,b1ce56fd6c860e726c622c3f6b7de421,,
3457,916fdbaf13e4d2cf296f9b4298509fba,,
3458,7e69ef88f9064f2df373d006968ca5a6,,
3459,f102169b07ee29e61ed6001725f076e7,,
3460,36ac72ab5b3b3b2febb4890051ab508d,,
3461,f02a67a1b405d1462ad124f5b03d5b4e,,
3462,e11bf0b85e05a02ecd2461c686fa2257,,
3463,6dfc6b0ab1aa81cb550e52ca291cbb64,,
3464,9156dc269872b5c1f832a6a71cf0f8de,,
3465,f70ed8ca14b13611e197cf07aae8f5f1,,
3466,7fea10a0ff2553d25f7e42f313da6cd8,,
3467,d1a3e22d389978f453058df5cbd76f1d,,
3468,d9e73507e94ba12a7c566087dcf8348f,,
3469,d2f0bee01d05f3df914d2d38ffae8b8b,,
3470,713f7390942cd359d21b5340f1508427,,
3471,ade269705aa33afafa0e6af6d20db6df,,
3472,5576eab39cdad6279ed218eb398d06dc,,
3473,9962fd78160191c674d0032acc13c4a7,,
3474,d9b2fdff45b816ec276306bb1ac2242f,,
3475,862919abd02ee14b4f8d87071fc129fa,,
3476,1f43e244b01c44b24a7086ed2dee7bff,,
3477,d40022119792db6bb90f85d2d77c4d01,,
3478,3f434f364fee7d817d8a7f32364670c4,,
3479,5e64107898d585bd15e99b0f8056138a,,
3480,7c26678aadba2c12ebfbf4dca5d23781,,
3481,205afeef1c18c6455b3a99703cdfb8df,,
3482,1cb70e0b07ae87537d5bc98d2555d7a5,,
3483,3d7a6ed3325520d2325441bb3ede70ea,,
3484,c67388909d55149c1e66baa48a22cdb5,,
3485,b7376a7ff7ba49a02361e8a6db3ec5b0,,
3486,467f8386fb72e5fe9970db33c8791302,,
3487,da8f1508f953b8a19ca027d8b81bee99,,
3488,ce07aae37ab28e6276bcab332a9706c9,,
3489,a4ef4e6aecb75b4af94a115045b0b0d7,,
3490,e5e5afaa4adc21dd69b387dbcb91aa74,,
3491,fc0109ca8340e1cea99e1a26e40aebd4,,
3492,2a0413cade5edfb4cf5b0d43e7346659,,
3493,0eb245bb330a149e1d1e821f37dd1b65,,
3494,e5a3fc40ca910bbf6c4dc912da522e3c,,
3495,2fb68d6713a52e322692dbc99ac82444,,
3496,616abef9b646a96fb3f9fa9171d98e28,,
3497,da2319b5a8f33c13bcf2380c25b78e37,,
3498,cbaaf646e582b153aa87262de00bd4a0,,
3499,1a1208999bac2b32bec7241bd5cec16f,,
3500,07697ea97bfbbac071d41a375c3ad036,,
3501,6dc69ba0f04d891e672278cb015705d2,,
3502,1f6a82e2a74957e7ad3d960ee0d0d6a5,,
3503,ccc36a9cc1e759ad828fafbb7694c4a6,,
3504,0bdbe5375568e1df2ac1f3aa984081e4,,
3505,0c77493e455bd2380f899c278052fb16,,
3506,f745878fb0158e4a39cdebce31d6c4ba,,
3507,71ba7fd980accf756743a32254e8a71c,,
3508,b8f8ccffefda42fbe46878921e9d1194,,
3509,4d9c3e20ad441267152a9d36f61238ac,,
3510,5895a94c14efb95f4a0369383f64f4ac,,
3511,64d89f6270efae268f99717bfbf288e8,,
3512,03692c5859b1eb7af0f4292e10586205,,
3513,c129618431d0a7f63cf0c8e6c6da82c4,,
3514,c4bcc0bc2da6444a5e4300f7bd2f577c,,
3515,8b63ec7d6571ecf9d1e9cb48fab4bb74,,
3516,cf19cb0a9afe665714916a274c300702,,
3517,efadb69675bdbc972dc32aac8f0aed11,,
3518,d0d12390438f3ed80f9651117dd961d7,,
3519,e562ef589d0784d8426c0209bc41de67,,
3520,8e773fa13d562c5774c3617889b1578a,,
3521,32482eca51f84c3b0e5729f68490fbb9,,
3522,fb61f2df28791cf878406496100a8c95,,
3523,c0270e947c993630a8142ccbda3dc77e,,
3524,b0ba9ace7fe4fb08dd1538d83425ec94,,
3525,2f051c3fc82f154a76189c707c3293ea,,
3526,7b4a519e6af8924b417bf72294067964,,
3527,50f2942a4d731666067eab3d0bf0011a,,
3528,5e165e0f062426606dc1b5c217689129,,
3529,ddc0548b91893ec459bac4504b9b10c6,,
3530,8afc7add70b4d06343b2b9f37f58cf65,,
3531,74d36d7627cf7642675e3ecc574eefa6,,
3532,c4b8e60fec9eabe9a9fdacce39f23d60,,
3533,b4320e9769062a33fd948fa2593b1417,,
3534,7624415370e093d21a25464df6b3fbff,,
3535,b49d54b4f7e73808440c36fa240614c0,,
3536,f9caed448e138e702ee5a2c906a671fc,,
3537,0e46418f938971abebfda741d6840e9b,,
3538,b6084b84b97f67f4bd6adbf1fb74f2d2,,
3539,e8c4df5d82b20ace2d04f178e70b6dae,,
3540,68825cc3e6cac82167c6c7ccee576b2b,,
3541,9b8a5982b7e917e82a0b0ae84b922a55,,
3542,4ec11bb76ae0ea613a8137379dfea508,,
3543,ed15d638e47b2a7c449674702e4d988c,,
3544,1fc02c67c10dae06aa3f259d8374a31a,,
3545,2a6c1b639b5a5d0f32b60d8874f517b6,,
3546,ff328f9aacb5c8844fb3907c5da69c77,,
3547,2c688d7d92059ab3bac7c190dd6e31cd,,
3548,85d99c61b0182b04d4c420e95c2cc48d,,
3549,35590689349e29d6540a7c14f8a3d42c,,
3550,fe2e96fbf3e76e9983d1cc4d90ef957b,,
3551,ecebd05f42f575630c79ca2c759246c4,,
3552,d02887ef5011de35ded020b2f1d6e922,,
3553,93e2ce38e743146a128afb9ff3a61383,,
3554,4b38723b387a432075f7cb3544172900,,
3555,2c98f05bcfa52796fbb66a10f15ad826,,
3556,6905286a3f8f3d33dfa27a738f2b7f67,,
3557,0c884ecf6571905365546a078c02133b,,
3558,e84880e9020070c9a79cb039d87fcffb,,
3559,b0fd3778526aec216e7db68d267c0897,,
3560,6f15b2e980b3551c44af3db0dbf45940,,
3561,30fe53074379ef47b2269368ceeb531b,,
3562,98e4e81e968d40a2b8999f8e6e945a60,,
3563,2287f90162ce46f3e2d211ca1f1e455c,,
3564,cdb645176929461ef9742fc6c19d9dcd,,
3565,917a41204bed06f0a0313e6bbe0e2743,,
3566,92d5a8e66feaffb190bdf88ea20cff2d,,
3567,7c79546e808a9c6ae95c15bfe3b4b590,,
3568,c38c3a03cb9f3f3553f20fb6a9a4c70d,,
3569,517132eda4a696009a058752af6e0c5b,,
3570,3e5fc2e7be262fb77362fb82e4850774,,
3571,6c35e7a35598c33026f7d5eb0edbaaf6,,
3572,a68c5b4d478d8764a78b063d073d3cfd,,
3573,ca83118f81f560d2f8a27b80307089c3,,
3574,56e3dfef73cd0b278801c47866b84a82,,
3575,aa3031e524c3e7ccf13c78910a26bbc5,,
3576,38a223dada7f3cf7e108d661bb19f6e0,,
3577,87393dd2d0f7be44deb5c4df03fe84a6,,
3578,979cf5a2fa4079eaf74343d6ff5e1b51,,
3579,fa2d82bc5c90ce86b88046cd216fc720,,
3580,d9ccb1baa42354825862d4e4b3e48507,,
3581,e27adea8dfb25a66578ca5211b62cc5b,,
3582,3cd794a0d73dfa57584678c555db2251,,
3583,905733a0eeb4e1e2fadca080fecd62da,,
3584,cc62826100999f9afbea8484e18dbf00,,
3585,3f47454ead9fcb0cdca1638d557a0954,,
3586,12e25a87792128bda9c444d1e1db5c20,,
3587,eb6d35c149072c75cee433ec81ba7c49,,
3588,40c4b095b9c36b452a0de20e95f04969,,
3589,6ad5640ca76614728d3b699a703ef3c8,,
3590,0bfcd33173d2b7e6ec7b2fafc20e004a,,
3591,83c2217eb9a431a577a83b606d5d24bf,,
3592,070f9f27db2db32b456cfc595f29c03a,,
3593,8cd17fa38b5f8f3e658bfa55e45f509b,,
3594,5364f9188bfd02fda039522d20a07eac,,
3595,c3c95b4f53fd0aed77316430bdc69f81,,
3596,cf0bfcef2cb5d92116a3d4adbdacd5fa,,
3597,52b260338eeedbc3f85c42d33153eb45,,
3598,3eea18b89ad8caf07946476d89a7aa8a,,
3599,e08993490baa242c3dd7438c518ac13b,,
3600,f9285fe284ce30f4d249635062db619a,,
3601,ff596d5292ab979e9ba7291d0743b3fb,,
3602,083ab9e2c95fb0ea2b999c592fb41653,,
3603,4f690871ae38d75644925db80178e0aa,,
3604,f45cb8552a6229c0bb65ec74d70c0146,,
3605,453dc2fc4fc4115d00bf6a44d4311952,,
3606,8e45b3d90a0b2ff168f2851d2b0efad7,,
3607,1df32b02eaa3cfad5d8c51a3e289cfc1,,
3608,9f572190657b6219d9757d886e328690,,
3609,555d77d0fe4570a4697b91b9608d325e,,
3610,f1f6a8a8721fef9d9fd6542f2ca31858,,
3611,49db2dc6d2b8ec83e08ecb69182012e1,,
3612,4c693e1a79d836ccf56cc3bb8fce8ac9,,
3613,1412a0c38eb545dd5eda231c3236fa9b,,
3614,c84a6b64601ebd34c101f2135be353dc,,
3615,6a92eb76ed79700e3718ac8754e341cd,,
3616,c0da73c46a21776fb36b8c1333521ca3,,
3617,f35466ac37a4bd2190e6aaf668f0dfbf,,
3618,d76f1860a05496c0eb2d8c6479f9bee6,,
3619,59750807e9d7869288cc60f7c318314d,,
3620,929cb4d0ec760882129e1853b335af17,,
3621,7c7c95c2a7c45ea08cbc04f296cefcf3,,
3622,3f1eb8236e85a6f701f658153f4ecfa6,,
3623,8369d7bac658189235a5d774d6ee5f71,,
3624,f09235b441d9c6e5c0164dcd37b0565a,,
3625,78a5e50e3af575d941eb26bebc3d2318,,
3626,4ef6decdc9422567eb07d8048f0febb6,,
3627,f8cf5c37b0ff4f0077ac57241fd2509d,,
3628,144128bf2adebe5cb85b76e0f94f3f01,,
3629,362766cafc41f19dd03cd605c9cb8fdd,,
3630,53a053373822079628726191fc5b76d6,,
3631,8649dd890dd9e3b689564efb505397a8,,
3632,23a080bdf72d0fcb4b804fd1c81341d1,,
3633,faddad3fc69d1d260189385b8139f91d,,
3634,3ed6a37e2e5a9a48ebfe9a8f6e2f1a39,,
3635,eeb26ba1afa30bbf4f88d8c38b42c313,,
3636,5af1d8e9aa13f3bf81ee04e9ad72e55d,,
3637,a2c5c5ae99d08d1397b05dc19a5b6338,,
3638,833f70fdc61fdab30bf18459fe1e8304,,
3639,3c4ae78a64e6f263d159a9fac556ec7b,,
3640,ac7b0dbd7220fa8abe977efe1030ddcc,,
3641,4940fe820c4c057f856ffa9618cb1985,,
3642,4203ec2a8c71bf1876526fb0111b8235,,
3643,ee7db8ef1100e67d619ca5513dd55d2d,,
3644,c5a99273bb6660706751247794c45f64,,
3645,dff1e0c2f5fb98cdf3f2d3aa89696222,,
3646,5a112beb1fb4921df86062b489f41928,,
3647,ce1d724d0212a81bbf8a7f9f52785f1e,,
3648,6232504a502236dc3e38f9fe46619308,,
3649,871f73f44e29b8f3da8048aaf387a673,,
3650,85b7018a9e5287342a1392fb02ce24a1,,
3651,3fbe2ab4f1952e0ffa467c88154b5b14,,
3652,355ea2cac2adcccab67fb784d5222461,,
3653,b70651a991d293e0fa741ebb1754e15e,,
3654,8ffe7685159750981a83f8d372aea931,,
3655,ba4f6a25420d095d6a28f15f721c4b5d,,
3656,88e8c1a2565db8751c65187bad6e3bf4,,
3657,f74b179bb617e92a6122aeb16d85bc50,,
3658,468a129567112962f29931a4f8131587,,
3659,fcd30c804d93d4cfa1f42e37c9c09648,,
3660,6412f5e8c6ee428db6bffe8d921b8be9,,
3661,1e01dfede475c7b0f80e89d31bb99f1d,,
3662,53b8f259c520cdd1d4b795642340055e,,
3663,a21ea7caca40bc45f043ed27ae2b573d,,
3664,dae6cec7cfe92958d8586bd9ac1d7383,,
3665,ccf41d11135d582d9e184970c7eff9c8,,
3666,1e1f00a9410f29e4d4c9920530d883c0,,
3667,82896ceb267497b41fe1d8271ecf0a6e,,
3668,9c37ba42f856303b343aa8b26989cdcb,,
3669,f187290ba0d588d11f47467ec93ce202,,
3670,4e95048eb0c0413e5fc648b1447cf651,,
3671,5f8e07348acca9f1d02c329f4efb7516,,
3672,45b722a9c968f995fcc13d1e59cbcc88,,
3673,7453f914420e9b89a68dae903210b8b8,,
3674,cdb85e317139cf608d514e1c8653d0f3,,
3675,c47bb0cc6fcfbd6379299ab3e6a9f07d,,
3676,d84c7a217e2277033342f89adf0ce7b6,,
3677,29bbcff6625bfabb9f01a0c3244980b3,,
3678,4a7a70d00251af024d70dab5a7e8d228,,
3679,27b29f95c9715edd273ed25920611a63,,
3680,933e0a326144bffd98a22ef54fa1466a,,
3681,6cbf008a65aaed806c3879e7e8f44d01,,
3682,148121423c7bdd1892bf501a2d5a800b,,
3683,2f4a98c5cb069aca8fca131da4cd7aaf,,
3684,7fb53b604b22a738ee3be852cdd84f14,,
3685,95e9c34837f160db3ba8e0eddc5c2e80,,
3686,9516b3bb0d6eded8a3095266dc373ad1,,
3687,f28d60a3f5606122a0f412e1092c94a4,,
3688,6e04223880c3cae8aa29366304c2bf7f,,
3689,bec80e876b9ffa8f24cf85beaa431667,,
3690,33be098ae12eeb17caf5658edaa6baa4,,
3691,f74aebdc286a55cf7c44be1f8b7e9744,,
3692,3c6610ef769e5c09d9e7b9d2c2fddb40,,
3693,e723db912f549d6501ae5bde6cc7c672,,
3694,38b53a819b584debd748e16db8b2c488,,
3695,adc1461503a7cb916665eb37787c4c8b,,
3696,78bd2af7d449cc2185aaf861f61531aa,,
3697,0ad349dc15725bebc39d343ef41743aa,,
3698,fb568355c1061bc87e886a18f5b4de38,,
3699,6af07a7340e7f59f1acc0973007d0946,,
3700,562465ae94b7c3c45a9a5bd4128cbae1,,
3701,9ec64c6c8719927e925732777d70254c,,
3702,b178a5e3b3e668381bc66e3dac6fa94e,,
3703,abfa36e4517733d5fe37f639328a736c,,
3704,4da76442dc5402b98d767140b2661a58,,
3705,85ca610ed7575474defbe00948444b2a,,
3706,dd5c1496860cb32e24113cba850fe172,,
3707,867bf41f609802d686b544b1f8afdcc2,,
3708,0787fbe4ab90ed76a34fb40a48a777ef,,
3709,24303cf860c2a29fdc618efef5da00ba,,
3710,0c52d7167d0b75dec868020c35f4873b,,
3711,2203dab5343f7f0da21b7fce128232db,,
3712,a3bf2bac9b14e00a95ff1714c44c8030,,
3713,c3dab3559def60da07e5e8417427f28a,,
3714,57cccd066af8374b532f812c280571c1,,
3715,40f620868c9f202a2cf669e4f20ffcf3,,
3716,f31612c68725d78ee2e9632017c799e2,,
3717,830484a95f45f28e37b68bd440fd9357,,
3718,b585478a061c648ffb68be5024574b89,,
3719,483aacf6bb16a630507001823262d1c6,,
3720,3094f0e7f338e708620942f9f939c7cf,,
3721,be636d17226e4adfd7ee577877591cac,,
3722,bfd646393bd83e42b00c235a1082a6cf,,
3723,e2578d331ae6cb3bc649027498c8ff8d,,
3724,fc8455773da14e90df050c6ce9f74882,,
3725,46bda1c583bcc95f403dcffddfbf7578,,
3726,8520e95c49091fe5676146fcedfb3793,,
3727,4d929aa6fe44ea0737891aff4f927818,,
3728,0ca1096422c8a8ef79428a6d8b2d2268,,
3729,c5d578a16412cb41d85b22c3c79f7d25,,
3730,10dc2544e17f8446dda51f9a9b05181c,,
3731,3f42a3c5105925a052581c70ac7fefff,,
3732,0a8bc9de5acf2d4a667a4528803d1f09,,
3733,b3c60fbbe0aaf63d8ca7ffd939643934,,
3734,a47472a2ba96c2936dacc23b938bd9b6,,
3735,60b7d512af5868f8f22923b4d70a4f3e,,
3736,b2ed25818b60032cf273066b9ae43c0d,,
3737,260f6b664eeb6504635f86287f781e4c,,
3738,2a837ababa0cb124818a3b4852244711,,
3739,5c2c7009ec9100ff2473a4d4d6c1029d,,
3740,ef7646f2fa166ef2b355a1efd19db77c,,
3741,ed9210596220b127753ad2dacd173aee,,
3742,e4018c330e40dbf522c073c22732cf38,,
3743,93757b4ce72684dad26c5e68b49829f7,,
3744,5983afd79b3d81e4fa5d23eccdcac8c4,,
3745,9693d8e04d91297655abf8424d769bef,,
3746,dab87401b1605f7d5eb9bf5a722486bc,,
3747,fe69363581685271a5706044447373a6,,
3748,f07384ef90c301fac9bf8fdc24cb88e8,,
3749,57d82e5381a64e28e1daae58c9806ab5,,
3750,b208b788a4b144436ca1ac84d99f4d7f,,
3751,9f183415180fe74f08ac54da7ffa8a4a,,
3752,322b308222ea34f31e3c1191ecdc663b,,
3753,f066af8d3d3f1eb3471b817d757f370d,,
3754,08134913a9aa1d541f719e9f356f9378,,
3755,0c86d570723c4f38b59a5e9678887eac,,
3756,e8112c562edb4b184ba3c05b3708cb95,,
3757,4109239802a75ae8b59ea12c6f0a31b8,,
3758,934b5d2a0804ebbf888544b5c8a178f4,,
3759,a3794ec31a02fbf429486dd464f83d25,,
3760,4096244b63ae69345283dd7bad8609d0,,
3761,cace17160395f1bffc45584c60a2e500,,
3762,6329256633b051f1e2b903afa9b5ef26,,
3763,6b551001da9ab34a28cf56529df5fad9,,
3764,a2a51dc406006d4c31f173c89cee7fee,,
3765,36e1858ce9463be49695c4517cc3855c,,
3766,7314acc5f6e8d42d384a13da803e10b2,,
3767,10d4b2144d1520bf7380ba99940a0093,,
3768,0fccc3f87b6c20d6ccc7e0df535eca8f,,
3769,4ba2c9a9103bbbaa575dfb3b888dc195,,
3770,b502324488d82fb0e428d5bc4e0cd36b,,
3771,817f50aeb6a38d67af64aec57dd3f75a,,
3772,177832eff75d0ffb22520e6c8a052e6f,,
3773,c9125c5d49123077ce43cc815e92af40,,
3774,192ef6b5c13cb775f8a1d3047c627d99,,
3775,91dbf33750e689bb6ed3c3fb60782cef,,
3776,8dbc8704ec25e7058252d987bb67b288,,
3777,e707ef8caf1f91a4aaee8231cfdcb353,,
3778,908f1b399873681da17cd24b94c85714,,
3779,030ca0cb6956ae6ec93a6fc83453d09b,,
3780,27a0805c02fc2d0fa9baff39ab5f36d6,,
3781,95a85a81c83b5998c80585869737df0b,,
3782,aab7d22839e8ac0821aa2cdd1650b39a,,
3783,65529d6dd8a2d9596cae939b6aef2c65,,
3784,1ef4397ef01bbb2381980977b361025a,,
3785,0325d6b779870b7bd216f3a81f6ab3d7,,
3786,df34f8f7d0a880466008263162c00d68,,
3787,cfbabe8f3c5c7978dc95f905d16914a9,,
3788,1d311ab3363fde90bede7d9f3919f5d8,,
3789,844f0c8d150040ab3e802a9e5df029bc,,
3790,8d743ed3d38796d111981e6efb41457a,,
3791,b393b5fdb1c3810f70c422cca50ff720,,
3792,139867ebde8b60c30e3dc6f6ae1b5a6e,,
3793,f8cd927bd23dd105b3594f28d16ee792,,
3794,07e16ae47a5154782affc9dc45b50297,,
3795,96a65a6ddc0ff8bac4231b50957ab64c,,
3796,fce06ebb6c102f4f526a09e8273bded9,,
3797,4f6d00fc5062b2c16038af6558fb2cee,,
3798,e3cde0808abcd5bdd1717815ffc002b3,,
3799,80dc4502ba1cff1616abf553065b6ca3,,
3800,b8e6ad3dfea934569a772b61c88202da,,
3801,34bf0923d7382e438664901cf794d748,,
3802,b74f213d6ea14c190b0f65a953d662dd,,
3803,d9a494fcb29c6ba23b0842b682772b85,,
3804,340236fc3587d38939e3dd669bbfe3e8,,
3805,3ecbfb149b69ee6e88c4d9c0b9e281a1,,
3806,00ee879798782aca1248baa9132d7307,,
3807,d56d1e479d43741a7fd063355c415577,,
3808,cfaf6eefcebb7e6dd2cf0f031b1bd8c1,,
3809,23c27ba471cabbfa0732dd9029c68ad5,,
3810,c233195538478fb7ec3798156104d43e,,
3811,09a6f9c1f4102521c8bd55871eb857f6,,
3812,63640094b0365a514d60fc15e94de729,,
3813,31dd790140f4ec6409c5117b15a9e940,,
3814,607afab0ebabe2ae01a282ebf467a7ee,,
3815,51b9b885a29947706f22bc545238cb84,,
3816,fcb4ae9ba7f26027fda8eb1d814a808d,,
3817,214461bdbd0837e1188244d0cad99460,,
3818,21fe1bf0d9c7448a5e010c024b13ceb3,,
3819,740977ee68851c61e48f108eb3e996fc,,
3820,a8bd3316f3eeb3613dc827e2a424c727,,
3821,b4265cba12f772b5bb29989f775f8906,,
3822,fbca4257157e8123cb38853b6dff7a57,,
3823,119182caac2f060a5385107efe4472d5,,
3824,d46d5885480d4773f9c7670e0fcd038b,,
3825,a9eb78153559e7daa9eaee25cfd43680,,
3826,80e3e86105889bdd720cc50a512cef2f,,
3827,186fb113fceed1acca3fba087ba146de,,
3828,0c74f7e82d446bd1cde9628fd6fa94e3,,
3829,221637f57fab333edc9e75bdebd06685,,
3830,a4a9813dc1218352743e38dc85c53f0f,,
3831,2905dd802e34908ca5fc64e3d08af1b6,,
3832,bd525e9a428797c9afb48a9ffdbe5160,,
3833,37d10efa4de1f3359dc6c41004764560,,
3834,234fc34638b5b9a3a3ba25e514fd47f5,,
3835,f28915d34c10051b4a91d30d2cbca62c,,
3836,f0b3a37f233c1a02dc1b7ecfc7dc61b8,,
3837,2ee68cce1ed0a65cf352ed55488979a0,,
3838,2a1618d215aa5f7b175930c94f46ac80,,
3839,8a992900f5746791539bbaa8a7b15464,,
3840,1f8b382e4b53c5c4b4b7d58cf28850b9,,
3841,276ed80762773462f05abc10da5228c8,,
3842,61f1b8c3e654e552dfa57b1c5a767666,,
3843,bb7a0a44e75f9a9dfe0676c2226b4e66,,
3844,c6d87f56f56c456d38f3b6967eb21eab,,
3845,bdcf536c984be757589271cd6a80066e,,
3846,cdf1f6e142dcabb9c481c919ada4a4c7,,
3847,e173f2b10faccbb5c9f5a0c38a2a1fd0,,
3848,799a3e6817e06575c4618ff9e845491a,,
3849,41da5a69cd944b9556aef7d8829db011,,
3850,4cbde67c6d4feb90b93497fa08b413f7,,
3851,76d8f3c423e04492b02311274ebc49ac,,
3852,939821c6b92db7fa382c47c1c5c120e6,,
3853,6303244b26eef8e081298bfeac827403,,
3854,ccfea5f117586dbf876845d5980ca510,,
3855,4639b28cdc127ee5809e2223d50035ed,,
3856,b673c0657c283f76f9020350bba98614,,
3857,33c4d18be1caa7b19589365bf1abba5b,,
3858,70256626a66f83e38b69a88a68967130,,
3859,382ddc25ec205c031a76956d6060bd2b,,
3860,7adbbe8f689e5d5c0593855b056f7019,,
3861,d30e752128d848c02c131360d06d9381,,
3862,05c4384280a459216bca38ea2a9230ec,,
3863,cbe148ca500ebddf00d28e37cde97dbf,,
3864,f3ffd2029fb675801fe3d8c39a1c591a,,
3865,ad530cee074d5002ff2f58b1e4433c67,,
3866,af9a7c64f3218dcb1ed01cc10d3f7e50,,
3867,8a327e4efafb98dee0f93c40e64d761e,,
3868,31c2c473c5f4101dbb928548bd176ae7,,
3869,c8a09a4ef05f4b37037251a76d8f5d68,,
3870,d74a1b24f9d958f9a1b28298afc95168,,
3871,920249b849efbeedab4cbfe37d735404,,
3872,8ca4eea53dab8fb41f2ba01deb4e84db,,
3873,7076140156bc53d5b1f3df9056a30568,,
3874,685ab779723fe6dca2f06e66b520d7bb,,
3875,239660e9bd9561c6167ab5b46105b035,,
3876,a19e008bb1811dbb0095b4cd4c3bc8c5,,
3877,ae4ef1321633aabc6147ea801df9aeae,,
3878,490bf9ff9c5e70a4562bc6b1ba33ad63,,
3879,fb5b6a4415b08f8e7e16acc50e14cf0d,,
3880,1da6dabc916a5258e4bf7b9eb425cbda,,
3881,fc6540bf872eaa1b8d517c4c51341917,,
3882,1b3a2a301b7ad171ab00b79bf7760934,,
3883,274fb123637904be69bad66bb8277ed2,,
3884,98c76020fd2e71039c259365994f76d6,,
3885,50ec3c5cb23d1b97d2b2566608d47c36,,
3886,c504a2ef9d6c2f6150037003c5cf3793,,
3887,6d2f29ca2f86b7c9cc2ce311df1327ab,,
3888,e1a521bd98594307f9b46be2b2d06d03,,
3889,4c2b7a2554d56944bbd074abfd206134,,
3890,7c064b4fa48467ba6c1ff3b8a6c28bac,,
3891,a338a8d26e5253dbe0fd5ee41aa528a5,,
3892,381655124cc7fc032195c4033e8575ad,,
3893,72b46ce40040292c972e5c8fc84f857d,,
3894,9bfcdc2688d900c09603255fe0acdcd4,,
3895,ee5e98f996430e0ba9152fafb562596e,,
3896,214419f1697f9b376b6f18b7965d8aa7,,
3897,4bc5aa61ba3fdc8c4257a621fda84e6b,,
3898,c29e03d8171d9e1b2ddafd0bdf8e6dff,,
3899,6d5c07d90c18669e961483005a6a8a7b,,
3900,446c3b4a2ef50d763c8f2f0546bac208,,
3901,b75dff02d2f6c823b0a475ce346be0fb,,
3902,5cfcd6a8451b2ed8355ac4800c80f7c7,,
3903,80705f12096390b55d4445485bae5eba,,
3904,3e41f9ccdb229ca569a863db0ba32278,,
3905,96907a7abf71ca7e5e48b36514d6c7f2,,
3906,528421f82bedbe7fa89705ebca3df38e,,
3907,07e5efeb3064dd07d6392517cd3362aa,,
3908,68d72c5e4c104168c1a12ef520fbed6c,,
3909,e5c785ab6b40b1dd870851b35385676f,,
3910,8a510d59fecf6f0f07ae5d6b5b83190a,,
3911,a3d3ad2b05d3291a3353f6d2fa2f7245,,
3912,f2b469be4f45cb95bbe43b5ba7f74023,,
3913,8d26d0a42e1e8cc6e77979f84c811ac3,,
3914,80a67cf2aac256ea365b1bff603271d9,,
3915,56bf991045375c78e5407cc03ebdb759,,
3916,9e0fa510b3e5a89ab765dfa48957a4cc,,
3917,c8a4a8a30dc11c1e306103cbc9de6a86,,
3918,126ab775290fbfe771a67c94c6d50799,,
3919,6c7c3d7b1d1fc86bcb91b75b18f67656,,
3920,c80dace671e56c42338bc77530d15e39,,
3921,a1674a5a1b9830d61c54d09db0ccf308,,
3922,6fac93d389a9e8d4547f4add04f1b440,,
3923,ff9392e744afa04771ad9288762e1b6a,,
3924,df18ac8990e89990e4b908f4d77c3aa2,,
3925,988c9deb4dc9996464fbccb6976dad1c,,
3926,f6e3e8828d1d5e900ed12cfe99a86bfc,,
3927,1d8de93e7c638323a0572bbc7e3c927e,,
3928,88059beda72a73582082613c21cda113,,
3929,9144106abaaa37336cad2f4ef72d3fdc,,
3930,a6a07e971c280f5cee808a92a5b06e70,,
3931,0d88608b8268cef169385e0d7dd43903,,
3932,1b965b82acd903a38a837ae3d80ce5b9,,
3933,e1cf55e522eb9b5a28b33c09e81e9da2,,
3934,6b7e34e1215bb1f304eb5bab0cdcf8bb,,
3935,f3273751f723042683d45d00d3880c8c,,
3936,72b0a410071190d5322512fdf244eec4,,
3937,56b4f13d2216fa1eeb2adcb1db711c2b,,
3938,38c6319c29001aba4db299be8dcfb874,,
3939,e38f5947aa294d2b77c418f265817e3b,,
3940,7b87b209b60e844a1b74a6e92edaa89b,,
3941,51dabbb3c216c71fa662fbad9f947939,,
3942,ea7dc37118dc98b179cfa1dfba70c14d,,
3943,b79a6f8a47e79bfc1dabc48c37d54464,,
3944,f2456762fdfd5be4de5c9ba4e64c3c3d,,
3945,230276c9065df9cd12014e93151dd52c,,
3946,df1d15665468688154a86a6b45b7fd71,,
3947,3639415568d06af82c3cfcfeeae5d9b6,,
3948,dd0790e07f87653482414f27785c593d,,
3949,9336705a0567f81bfbf9dcabfc4acf49,,
3950,368f2d81c2475bfa0c41755f4ca2bf76,,
3951,84ab35dab9c19149b6e2977d9e7dad71,,
3952,6a6a592dab4286783baf1ce2dbf2e8ff,,
3953,f9548e3d01a0ef3cf2fdcbc240884c03,,
3954,25a213edbcc763a0b37c60d060c028a6,,
3955,2b744f7f47a4fbd91e26eba3f37df819,,
3956,b31d1678d2148a94702ffa5bd6ac3aba,,
3957,427e2f5197ac8705e9e1437907bb8dac,,
3958,18b975c3706ee8afd820eefd5b5c209e,,
3959,659605aeb955654bfd576bea20447b06,,
3960,223e76d88f565a91aea53f9192940561,,
3961,f6e5e4bc75b97fe233285449b0e1fb59,,
3962,e50a3ffa9065f537a4058f3176e41b7c,,
3963,ff1626f6c8a293bfde7583dcafde5d2c,,
3964,ac115e6c259bf4b3f6f3240c26c35eab,,
3965,fbed3981222546871069cdc71f07c996,,
3966,41785d75132693f972b4f95b0f4e5e95,,
3967,5d6c598b578c6c174c0268825dbec98c,,
3968,bdeb75d9cce950c36c0a81e0bdf03646,,
3969,0e96f3cc7cdc244d53d817842d78b703,,
3970,ba390e5e4282174c95e4ccd8eaa52ecd,,
3971,4faa91189634933ba26fcb01a8804d33,,
3972,28f61fed84718b7bcd54bd30612fc3ae,,
3973,eee51ecfd7d7fe5b3f4c2ffe27fae0af,,
3974,c303cc999de4cd885cdc8450af892c6e,,
3975,1b62979da20ae2bef863e859a964a65d,,
3976,386c585a463d6010765624da9057d0cd,,
3977,0bd8e31343eeb3a3d57effeb507c9a91,,
3978,360b8957b3c406f10d61a23161609476,,
3979,f6b3c12a983a398bfafee0027cf523d5,,
3980,7b50f6e3c388c3eab68df2aa2403e7d2,,
3981,ed6cd2970be19ae64953171e8645de37,,
3982,f815e7ebafbbfa2578e3abadc8a5d15b,,
3983,6a723ff5302670dfa4fc477095791a59,,
3984,f7d2065831221dcb1fc9bd3eb02ef708,,
3985,bd2e601260328eb00f086c777d514bf2,,
3986,a5ea6ca256cdb4a7723bd483d5d5ec5b,,
3987,7ba5bdeb014cf2d27421bc65b2759bbc,,
3988,f13cd8ec6e6fde523a0a065b62086d3c,,
3989,38dd9b5e9305db00277469acb8d71d2b,,
3990,d7efea6d37699c9a32b715c0062ed3b3,,
3991,c7a395e5b1d45e9828ebb765b175e823,,
3992,5a4d7035c9741c06a1c38b4c7dccdba0,,
3993,6875cac943f84443b8e7c2a44ee809f2,,
3994,9bedf764a1ebbe84c6610edfb1cbd101,,
3995,fd9c0a935d2f7830682924b79130c0ba,,
3996,973e60e06a743e34fdac3675a6c72e86,,
3997,02533ec710c56377e6df314abc2d6589,,
3998,a4effa6d0c2e32e36e45f32f9e7e4977,,
3999,1351e50aead63f689072a7d605c9e976,,
4000,3153fb3c7de0d4451a51d7899b9107dc,,
4001,74736591228da467badedcc92c3c1bd2,,
4002,b5925cdedf4c9c40b4249a39bfbbe35a,,
4003,b41b3c6ef6d6f620708f59026be02f94,,
4004,ba688af0eaf8cb53ccca7ee628a4691a,,
4005,98a3c3ff00d219ad6bdbf763af34f03e,,
4006,c6b8dec24dcca40d214475e2366047ef,,
4007,3c7975c16b2cdfb94d17b86f33219f65,,
4008,70b7cff0f9d491805f74132bb41bb8f3,,
4009,f7d0df1726b8d909d107938d114294e1,,
4010,78085d10a2665075cba3b247a151f82e,,
4011,9cc2751013da725b91b353552f749d04,,
4012,7efadcaf19d41014a98b2af2c491d458,,
4013,2e1107832601b1d8e00fef91a5a41f69,,
4014,f46cfdd52edc05b57287b9b2bfbc058d,,
4015,fc9f4ed1a24d73f80ded47ebdd145dd3,,
4016,3ec245a98fd9d114e1d6d6caaf9c7813,,
4017,455df8e93ef98ef8de25cf3bcc9d321f,,
4018,fb1a3e8ee799c0d48b8e9d89e65797e9,,
4019,8f1bb0798e87ca88ea912d942b0b32f8,,
4020,581ddcc26091de4814ecf37300c7c297,,
4021,bb33e9befff93c6918e691486eed3990,,
4022,c6aaacd8596e722608ac744e7355c0b3,,
4023,20a8699c8e439631be7e4bcf6242598d,,
4024,9d80974f9e453383a53d81a9d5763691,,
4025,9aa1c0cd406cb058969711ffef861c17,,
4026,ebcbe0cbe5aee5f63c5bed754f3c8be0,,
4027,c9e75185a6b9a2f496537fc05cefd04b,,
4028,3964a98b6e3c6471ea04c89c6ec24da3,,
4029,700c5807a050c1819ce4e295890b35b2,,
4030,a020b9ccf043e3cbacf294c64fa67d2f,,
4031,b3a2dc7547bc580c6f3923c61db42051,,
4032,751b5369155b1086d5a5f3feeb21bdc5,,
4033,ec3ec6bac5536595a5837020eb0fa482,,
4034,98f117ebf741956ebed8366b4012f774,,
4035,9b3a864a74ef57cc85f9b7fdbfc8ca45,,
4036,cac5402710abecbac8e6b597fa0a249a,,
4037,91e3ceffadae98811ca5bb20593359ab,,
4038,c681fa95a9361c347afb66028b70a1ea,,
4039,b64b0fc3bbfde95fb265773a61962813,,
4040,0e3b9cd71b3f0049db58e845a781c228,,
4041,ce4acd4784c1eb4495fa69b1ba196266,,
4042,fc308eacf13a2a6c6b526e8bc8699f27,,
4043,d27014268de16d7acd61642838990335,,
4044,5b4d05a2a6b70bbb2ee716979a7fb120,,
4045,06eda4a6faca84e84a781fee2d5f47e1,,
4046,210411ec362d79a5e34b8b0fdbd60745,,
4047,9c590826f300b2d7721b45701ad5ddcb,,
4048,0bfcecec15bb9bef0c8e59e2776ee3c7,,
4049,a80ae4f5811fa7a1042d78be4aedf45c,,
4050,0e6ba66e0b6faf748d29425b8fef9d79,,
4051,c3148b21ac4ba237b8d5f066b783b849,,
4052,75835cc8ccb7fe86356cebdb35006fab,,
4053,b4dcc90c5b65b6ef89769de80ad1c2a2,,
4054,fa1308140eb6aea8c7d91ebebf51073e,,
4055,8a3232e8b3b2512f2f6cba0a265d175e,,
4056,0125392d1963a6b69a37f9e30333d68a,,
4057,befda4b7504b03a7d5e9ca92f2757c41,,
4058,58b7c3ce1d0d5a2c1d9f321695d60577,,
4059,39801edf3f3661fdba0ac0f10450efcc,,
4060,36b63b6aac630b8b13f9097001c0bf5b,,
4061,913deddeb87c740ad4e8745ab3aa5d97,,
4062,f3cdf9ea25856aaaaaf7d0ceec875bef,,
4063,a0e3a20a3cbf77644e69b241910b994a,,
4064,cd0ea1fcb034376845c7af09d2154603,,
4065,d22037cd1b81cea986e4c0a77c9fc2bd,,
4066,964eaa4f691fa26ef2b0f6ad487510d8,,
4067,69a7c39a08e8c57691a2fb78904db85b,,
4068,ce5e7a97342ec550c5e0d6212ce3c374,,
4069,8692eb523165283411d0ceef96c42592,,
4070,248055652d366e498410b86a233d8978,,
4071,627aeb9327a85228458ad20ecd8d77c3,,
4072,bcdbcdba8799719f161a10a4ab6905c1,,
4073,a04e7045f6c84f25498e256ebff77ac2,,
4074,64b278351203c5a9e1bcffa05621280d,,
4075,f381888b35f1fac93c009d7cd38d1608,,
4076,a8d0c2d41b4652dd6c430556283c3805,,
4077,e839259f978b76b72c8ead94c085ed55,,
4078,1215adafbc41adff149c6ab127598917,,
4079,e5fe44e45e6954360aeccfeac99c2885,,
4080,1866ab99cc028bbb8ed656f1181215f1,,
4081,9bee26fca37e17fccd88264bece3d921,,
4082,20478545f99d3c8cc9d3d262a40bae74,,
4083,eb0ebb9ecbe996fe6acd1b011e137bdd,,
4084,80037713c44260079fb5ffb8474aa9e2,,
4085,62ae29a00798380735401c06f45114dd,,
4086,4d1dc70143798d122476599ffc3df68b,,
4087,6f86752732ac1a1edc4eb785a9251516,,
4088,bcf3848a8a21197cad6bb589b23b777c,,
4089,5d68ab03ab12677506d8afb5b545c5b3,,
4090,aec8c9de53039867c46c17647b800778,,
4091,b48da7b81527cb6b406f2187043d9626,,
4092,62eab77211bf839bdd26e6ca7c93bc00,,
4093,2013de8f585f3ef670ac9355bebd930b,,
4094,f659913017aab32c0ac0d88d0ecfe62c,,
4095,e4494f9f1852f677fce1cd7864b55717,,
4096,c844f963f3833341b444019797bca24e,,
4097,037f29b7d62479c7fb257903f401269a,,
4098,324f605f884d850b88a4fb5db437eb1c,,
4099,27f3dbbf2b9a5e59f508dc6b0c23d5cb,,
4100,c18cc9c2acc85b74ebe112beccba56a6,,
4101,ac9194d5fe150505d176ca4b96b4be0b,,
4102,e93e6ff8cd84d5be64e8bb408fe8e614,,
4103,6f3aa87bfb96c835247c272ea0ea1848,,
4104,0f83710916fcc2edf1a7a9a103fd48ac,,
4105,b82d2dc0da3da820bed80131d301c96b,,
4106,725a9f2d3f932ff45a54401cddff9fac,,
4107,56c011c71edcba80e2c4fb87d1d0f26e,,
4108,bfaca5eeb8747937eef3f91f3a2da1f9,,
4109,d3b0cdab6ed795373d51671aa3ab0562,,
4110,c5764fe96b2725f1b48f2db0cf20cacb,,
4111,7d3af9f4ccc93603028c8bcacf2d4dff,,
4112,1e0ad5923738c6350a87ba9bac5ffeea,,
4113,8d46a2e2abae5735ae3334c0b0fe8c34,,
4114,1d363430fe95e7bf857cd20b5759a9cb,,
4115,9cce5d6a3416ccdff35bc0a9eea562ca,,
4116,7bb9269813e03e9e784a87f3a2486f04,,
4117,fd7763888e090f5385c2c49944ce94ab,,
4118,85874a84d6fd4b14d5d9816650a6a17f,,
4119,e561cdb33e597cb88ab37af8d677eeac,,
4120,7706a3b93d3b590af66ab5402b461479,,
4121,e4cabafdbaf00676b92fae9436dc4c6c,,
4122,3818629922ae8cfaf651080972cba367,,
4123,cf2d2942b89d99574da83a3dea91d8fe,,
4124,c2828c7ac6c7857c52b1f374805426ce,,
4125,8751f19f273f69ba8ea5c49dc9dd4654,,
4126,edb53390a53397b29cb85e21501b8efb,,
4127,8dab7a3c32ea29419e0ee7db4beed1f5,,
4128,5713e93359c4a7f36073922557f88494,,
4129,cb9bc923249b183c8fc5b904f622695e,,
4130,a82236cce5d5e4b0cc7eb4f2975d5cb3,,
4131,68bac3f122302678533ae694a3771631,,
4132,0e1d010df72414d8873b594afd64a34b,,
4133,5740b936c0d44c94933f19203ad483ba,,
4134,9a1f71a0b6caec6e6ec01f3b6c5390af,,
4135,666bf9d656d56c45567484764e4e5d70,,
4136,14411930ca92c73dac58d94db37e7581,,
4137,c501ce1a5813661df038f9be7ac5f336,,
4138,0a90f3a47f1d9bccee4f6ab1a716839f,,
4139,6d3e53acd6d2fe9e1aa15cc7207b45d6,,
4140,8e7fc648a8693bc9ff0f8679220196f5,,
4141,842f019a8604e0323ab1a9fe53814f54,,
4142,1722126079d714cbffbe8e199976e0e2,,
4143,b39123cbe4ae05cded37a1b02f815eb2,,
4144,67fa39eefb55953ca818c7c46d3a8369,,
4145,ab9737067730d88528e4f08a6ca140eb,,
4146,cfdac1ca5172b91340648a9c1ed43a65,,
4147,32751c898368ef065ae6b907d1743846,,
4148,93c9f7f98f8ecda60b56a601eccc5acc,,
4149,ce0da4133055348f5fb0921166999534,,
4150,4ba91dfdc9e3dadbf2a947592ec3ac0c,,
4151,2201aa074bbae016bcf623ab6d0256f7,,
4152,9eb2363b7198715afa3afcc85bdd0ba2,,
4153,e4229a7cea9d61ea5485091142e2fd3e,,
4154,d936397deeda339f9e7ecb5c81c2250a,,
4155,59aa903a1ceb3e9793bedda411a4a2cd,,
4156,392ed359fef6a1a65f667f2207337aff,,
4157,01c816336959ee9d94b23b37b0f71f21,,
4158,68a68e1d6735eed0b0aec0022e5da010,,
4159,e877ea3e61db21b1a35468e9fcbf80cc,,
4160,af4e9bbfb08853b7b2813331fbe5b877,,
4161,aa956e452824c715d48722bbe45c2882,,
4162,c4bbe05f5d77f1a42bc95191285ab1bb,,
4163,5e61b98028b2e0014f5686a04c6cb48c,,
4164,3a787189b5d4eeb7bee8f05aa825775a,,
4165,d89f2be0f1683b034375f80d446e2407,,
4166,00951a7fad040bf7e90f32e81fc0746f,,
4167,ddab9ffecd82a6dae9f5758e13c65ed0,,
4168,12991337ce60e83556332e5d7be52ef3,,
4169,3e28c4f7e177ff4bd6d5b6c32a15d28b,,
4170,5a581e131e99127fdb7f263d38c0ace0,,
4171,be2b21968d5ad6861b24d7ca54d44ad5,,
4172,1453f0c51c9d2fe1a8ca6711d11b1608,,
4173,d80ed790bef53ddcb6d59e7bc89d7b4e,,
4174,8066a4948545b66f9ecdbe0b592dc9bf,,
4175,22aa8069a9ed5dd4884ae19dd73ad716,,
4176,3ec8cdd4bcb971eea9c54d7dd1a49e1c,,
4177,5ef00d3ae104d72001ef09e9f16deec0,,
4178,f659baac19ec12b35f6df728c3ed3ec4,,
4179,628a8aa139fc63957f9f93eb1daf04e5,,
4180,49b4a94bd361663636f85ad747ad0da3,,
4181,390b6c326276221cb3659d2132fb7d3e,,
4182,de16d4d453830a7b68b20e591f41bc6c,,
4183,7cc3935f0c256daf77c943ca91f2fcd3,,
4184,89f8bfd1bbefd9ed29720eee5713b2c9,,
4185,3661d2a88cc96afa89958c09f5818789,,
4186,e0132eae13bc88ec6987d59203a22879,,
4187,33105f777ddf03e095ed3350179b41da,,
4188,af7892dff8ad215ab59cbdb11cecbdf6,,
4189,fc7d69900c8a0e543c353d26789c0bfe,,
4190,f065aa3e43c7259d03e12b11bc9deb1f,,
4191,328cde17511e4aa4e62e485d4dc0cea7,,
4192,a91adf44b39a7f3fc45916c9eaae686b,,
4193,ee969b43c03669148a16cd7246e3ddd0,,
4194,f93148f68ff93c84d40d566a6cd1dbab,,
4195,c321dc296ee2274e9db04e586c7aabf2,,
4196,f2e0a29fb9a4f366cf2cd9c3e535e852,,
4197,563d7dddd23d62e86b3d0e020b9e7c0a,,
4198,05f4e9415af9fdabc19109c980daf5ad,,
4199,c84fea3b1bf5a15085976b66ba0877dc,,
4200,b16d6bd187daeab37bd5e6ba9c5ec1ba,,
4201,75b2b6247093645b5725130edb8f14ce,,
4202,e7284b9a0670ea880bf52653846ff6a5,,
4203,6525e666ca51cdae0b292dcd0b8e7483,,
4204,a9534d1d06ad290d690bd88a164b9657,,
4205,03c518ce7998b55e5b33d3cf76391fe0,,
4206,958b673142f168452d11347144168cd1,,
4207,5de921452c721c77d8ffa775b9241542,,
4208,75170383deee90cd67c6a9def29fbd30,,
4209,70ea9b7452f0663490984c544ef5178d,,
4210,f079a9a9d4c30cbdc55917df9f5f6541,,
4211,b3d9908da3de040885c2523ba4623a2b,,
4212,dfe7fbb735eb6236b19003fa50ac45d1,,
4213,912ca342d7aa2b580b6b3fa8aa547b4c,,
4214,df1d13f0a3ef304032c1c34ff18a8d52,,
4215,b168c7aff6ddf56a19625abf2803744c,,
4216,2f6d2360db534d012b0d7535f7bc4528,,
4217,10b57920070f6adc8435b9531e0a5398,,
4218,71514e491bb54436299fc06c6fcfac86,,
4219,bb89e53032c071629bee7a4ab2271519,,
4220,dcdea3763106a19e15cc052a3a251f9e,,
4221,07c2c3245c3a12051cb517038f946223,,
4222,c105c2ca793d49297acb88eb4eb49c76,,
4223,e45b0f108cd8bf28681860aec3120cbd,,
4224,7949ecf12e340288cf6a60bd28698559,,
4225,31ad7f884a90445e3031e60e00c4146a,,
4226,e91823c58aa142ecda43d781dc322a9c,,
4227,5220a2cb778f8567ebf7f81ab2b103ff,,
4228,117e082dcd41f3e3244100693ceef2b8,,
4229,a807e60ff7d13f837e27c6fb39eb6986,,
4230,1e1abceed2668f2c40f13039733f6d0f,,
4231,995d89d079e8b1e4e06217d3f7fd6d9e,,
4232,2f033389ca7cbabc0ccb14b1b57d03cb,,
4233,9be6b9a4057903ccf884e75c8f430c7f,,
4234,1990f9eb40f798dcb50f7fad287c0e28,,
4235,5826d28019321eb4a202a2733fb039ed,,
4236,3640375a493273c06682ef7a77e483c0,,
4237,e7b2e7be13f4ec42d08f3c202cbae21c,,
4238,a18b8758447c5791c60f0b1ae0f7a653,,
4239,0fdc638497683fff29f753e08a347200,,
4240,ea625b78a563a172ca499da8f7829261,,
4241,c14beccd6b55d7b57cbc2304987b324b,,
4242,28794c06886c4abf3946538620e3e36d,,
4243,b9ceb1379fcb9b80a93aacc77b9829ab,,
4244,134d69e06d397dc06ed6794b737c63fd,,
4245,733fcfe0b7b216c5e4e114305bb4b05c,,
4246,108f2256764d82324ed9b2416b958291,,
4247,f8cd181f4ae83348785d9c9dcb43162d,,
4248,35b3399925cc2f2f00d65c842b6cf536,,
4249,ccc4df654e215484bcaedf26dd508c5a,,
4250,af3c2515b4914a1dfb754d0442970144,,
4251,748ddaf8e51c84b260335520e97a8cd7,,
4252,a7cee2b597ea38b1bd3e4757652a913f,,
4253,34b8869c4b4ba4fdfea0a9e579502c5f,,
4254,d8f6b0abbcf5d89fc684cdfa77f0a655,,
4255,3f638d3c10fa933ab5f71af5eece1d2b,,
4256,0eb4c1db923d5395c5eb15e8850804ed,,
4257,91cda229f5cca86a0d2c7bf78cfce02c,,
4258,9f7ee4a75044aace7725bf008d651003,,
4259,d09073da9721209068a47d2b842c63a9,,
4260,658be675223ffa5509203009eb7bba89,,
4261,bfcfacaf16cdb542c6e12e6deece7079,,
4262,621575853be210386a1183dbfad4111a,,
4263,60c90d72afb6a820a0a539bc97a144fb,,
4264,a32e09e8ff4f2b362d60fb71db87abfe,,
4265,f3b0b08eb60f38c66ecb09b014a5282b,,
4266,0e347f2fd5526d221233e35dacb2f79c,,
4267,e07df1b576368de561f00d6bbccacf2c,,
4268,c2306aeec8a202f0530df29f175fdc89,,
4269,8f3594bd4bd9f8209fe59b965b431963,,
4270,ff811b8f07ef6d31cb60dbd6ad7b0f6c,,
4271,458bcc2e21a2359ff2e4013522bc40b0,,
4272,e31e16a6af7c4faf6c02b8759a83abd5,,
4273,d8c9f66055f7d4efda021bee79e71a9c,,
4274,2fdcb544b8c07838dd6bbc0b609e80b6,,
4275,8ddd6a0c4628dbfdcd6d3bcb0fa1ecbc,,
4276,00a97615a51ba4c475bdec8505623bf9,,
4277,245f3500e86798b42b985e4322fa219f,,
4278,58c6772feea732357604d4178abc4032,,
4279,8e393fd8642026c8c4b899d7ddeadcf4,,
4280,e90abe191f61b6fed6d6781c8305fe4b,,
4281,729daa7642daaafddd00e48ac018fac7,,
4282,38bfa0ce8a23812ec8e74371a85e0077,,
4283,1e04135bfa21358d83253135862b6d2f,,
4284,8868c102b37174b65ecc8fb7148a81f9,,
4285,d56b812ee937874f4db8f96e8346828a,,
4286,c2b0f5adcd95f930b892f269a7656f1c,,
4287,3a5a4b141bdcd49744bc7fbd4f880e22,,
4288,1dbfecc5bf240a1989bcb423693c7109,,
4289,f5625710f6b895603f6c942dc6654861,,
4290,4e37964a1a7222e4cec7133f97377a0c,,
4291,e0d6698a658131c2240e15cf4f40efa1,,
4292,a3fa13e9535729ec9cb08f17bc8c03cc,,
4293,9b6d1475e8c89d399ad6d5934bcd6037,,
4294,fe79209ab178c89a9be62bc05b63f083,,
4295,55927b26739469edc159e258013c07c1,,
4296,9d9bd3cca3f59a198ab1d9dd5e5d0dd2,,
4297,651c31ff55b8cee36320d24e2e8697e3,,
4298,d2d214b96cfa479a5cfc795a8760c7c1,,
4299,c071c418f185ef8191b4eddb6efcc316,,
4300,898c2d26d40846143d477f1b625971a1,,
4301,695c5b79a3c75deea1f333f56e305e85,,
4302,e165dce4a64276f8ed3048f4aa7b008c,,
4303,64e742d9850512f85145eeca0811dc0e,,
4304,b34bb028fb67f7de0aa9c270d7da56f2,,
4305,55321af8983669e2145d69e518fbc54c,,
4306,1065338563d9c597516c2aa684329554,,
4307,76555861e947185a4e4db0bc8ddf5462,,
4308,ab751c7c6887d27377f5a3bb09deaee9,,
4309,bcba52dc714504edb9b5f464d20653c8,,
4310,60083d3faae39b546e94bd206cf4c9cd,,
4311,d69d6df4aba8dd5cb1d92e622cf9a005,,
4312,3188f3061a095a59f0ba6130014a3679,,
4313,e6b58038a9af511ec66e96002378f5fd,,
4314,f58f8cb8bd83644f21b052a526d69afe,,
4315,717749557a161cd11f28a353b0daff52,,
4316,55f1501ba2898b8842543c1aeb28c891,,
4317,409a4a93c34c808803f6f2059e1161bd,,
4318,2fe856ea963cd9d023f693db12fe696e,,
4319,d6e2813cc756a36cfee90e87cc0b0d06,,
4320,51be6e37c81a33e80ec75248f001fab8,,
4321,f2a4e5be2fa33f6e89056cd20529a499,,
4322,ad7034bae392023948d298bab07cb934,,
4323,da077ff5258dfb7cd6d604d995de7619,,
4324,50d777bdfa7218c5aa81bdf72fa1bdf2,,
4325,7c7189f32365e258a898eb268281337a,,
4326,9140f25d89ce21afd290027d237a1c36,,
4327,673035951194fa335f11d0bb408449de,,
4328,be58fcdb43ffb0e4c81bb6f19e0f6f2a,,
4329,a6b9b962c775ca68437a86bec79e6879,,
4330,f367f6252be10578dcadc00ded89ecd5,,
4331,d284c0c04e9c24ed036a882a92823ec5,,
4332,ebb2cd4c02707a6d648b8e986f72210b,,
4333,730819de8caa21fb6a33ce916c68b15b,,
4334,9d37a84912687a7594646ce21657db2c,,
4335,9cfbcf4358d7944ae29ee5bc4841e23b,,
4336,fc115a1b3e831ab2e51576d7e9a8b630,,
4337,64a33315a1c5d2f6aa9f04a9c2ff4650,,
4338,78f76ff1752f95a19bcc86e28c89b70d,,
4339,91c81d3cfa563c09806fa385c628294b,,
4340,d80664a6eaea1b0c07e52607f3697c67,,
4341,1a4aaf5d3dbf7898979d11578955e780,,
4342,8dcdad73d9facc2ba28642ff4a3b9513,,
4343,83ee1d7bf049b78faa15a62c1c6659c9,,
4344,e378d4208a7887e81d8b4b92cb81ec3e,,
4345,1bbde495fbbf31612ecf4f29a25b9966,,
4346,e64598d6884499b44b9bc615912f4f0e,,
4347,37c9e8fb86ad0fe93742f16f33c2136c,,
4348,df534809f2a9f7bdae92f507f3827816,,
4349,a909701d8fa86ba27f313a84d5aa0d32,,
4350,9d631d064fda13e2c2641d8ee30d9a2b,,
4351,477982a3712cc19ad8d146a741441ce4,,
4352,f8ddeae52360946c80eb4238e01415e1,,
4353,501eb15b8ae1aa3507aaf0b3ba6ca231,,
4354,9f86bdd7edc5c5502d6f89386586c3dd,,
4355,cdbfdbedc6d73c22c8df92b78eaa363d,,
4356,ee7818bcdaf1b51212aa523778f68ee8,,
4357,6eff2e378f54056138537e0bb1249ac6,,
4358,46746de2fa12c4170dcc2eee96f63b0a,,
4359,11a3ed5470a0ed68fbf58c562f9683d9,,
4360,b1bbde48882fdba88cdb5b73c4246d8a,,
4361,54d6c9c73ffff3037136f02ad78da625,,
4362,0b6a90e1c27bf54488c1f7697c6ce599,,
4363,21d307db700f7fc8904081fe0894c81d,,
4364,847b0bf590fcda3530dab8f6b419b1e5,,
4365,1562710a0cda2f5494cac08ea3c536ec,,
4366,f9b7996a1755170185f95ed4aeb07658,,
4367,475053608918e891ebe8ae15861a3c7d,,
4368,a593fab93f41311d8ca7225382c96cb6,,
4369,bced61c055b97795c15fd6020cbf1c96,,
4370,1cd489bab8e8776d5f2882e97799f30e,,
4371,7868df96e0a90130801b19b88185dbe3,,
4372,054b6888604d963455bfff551518ece5,,
4373,0d66a26a030e95c9de2173b476029b23,,
4374,5c54839a5b329bec4a351c74e0c24819,,
4375,457db79e5e10857212057da87a95f066,,
4376,6b6e1ffee1c8a8182f3258ab8c846fa9,,
4377,3756141b86ca5f2afcacf5113d4e8f83,,
4378,63ec04bc1c32dd36fc1bfa2846a0c98f,,
4379,95d063f94f4fcad63503a33aef7d88aa,,
4380,d5f066d179ba659ba25b2a6846619356,,
4381,9ff198372543658a26236dc972164baa,,
4382,0fa091b9d04aea7cb4bb047d75939204,,
4383,e33e2787c16fd3291299992fbabb7636,,
4384,6cf483d54bbae9d7fc1009a5e2cf782d,,
4385,b5d4da1947f90cec2bd9ce37a5f4d43c,,
4386,5d438b93171c54575c3248d799952a8c,,
4387,439d66d2d3cb43a3208fd15917941334,,
4388,726027a4c8a859b5d38ab6f4d42b8dba,,
4389,defa7959933b0b63a3f8a39100ff100e,,
4390,406a55527c14d8c90521997d19023a51,,
4391,704a213fd13aa5e59c4fcf5c84723e57,,
4392,f68f24390da7d3aa32817127bc5f7fa7,,
4393,c6564f15d2fbe500571311dbdb16f78f,,
4394,4553598eba61406c043f292719d1b696,,
4395,c52921606c200276c33a16c6cf491fcf,,
4396,61345c737bad7df617c23577e7bb2349,,
4397,76511406b9d7b53a531f4205c0660a6b,,
4398,33f343b9a016f58f2e78d1b2109ffab9,,
4399,1b0652ca8ccd6531c5c4d6121919171f,,
4400,c7e5735bcf728c93fa7dfcb24b975ead,,
4401,ba4a7100888e96520a047cbd8f889371,,
4402,8b656ab1363751b4dbd3489002924fce,,
4403,b397d31c9da559dd38853965191ba26f,,
4404,c2cbc885637a451cb0218a599e1169c1,,
4405,b301e47847f6a20f8cd53852763edc45,,
4406,1ec31c0ef1a94feed5942cfb9643f077,,
4407,52f220bec1a2db42fee7a708e957d725,,
4408,d77156c36bb14ea111fd2bfa22d8c9bc,,
4409,6410f699e086d1ca5d6ed48d16991112,,
4410,dbfdda9b7152e19ea54e2868965fa675,,
4411,eca3e3fbd5646493a0c67b92d2fdd7ac,,
4412,36a9f01565753462e06fa127f7e0d8a0,,
4413,1f1440204eba45ff4f999795c7d52040,,
4414,28f40860b7c8b473ddf40b81898f2339,,
4415,edcf77f422b243fc13c1050ddfb264b7,,
4416,bc0a9770de3e36814070036acfc9df6f,,
4417,d908ac781e507048dca9b45d93fcec44,,
4418,a1d31796040eff1d8223f486caa01ab8,,
4419,67e80d7930675251b17a42baf5920293,,
4420,8d023fab6d98cb21342681e0dda180d0,,
4421,cacf5097de53eb9db8566f3f48522bda,,
4422,df2db313fed88b1a26bcdd961bf36ff9,,
4423,fc6e8f4a24257f619a44c3e1a9eacb6f,,
4424,57d038978bf1512828ba76385dbac6ce,,
4425,9599d5f691b56b56aac30664afa7ef45,,
4426,a9a2bdda9278e216b19a3a948f4f29ad,,
4427,9403cc77efc7d9414204d12e31dadac1,,
4428,4aa662f4c151c26677f662ab3d3cdf43,,
4429,14ce3c173f87224952e91d6fbfeebeba,,
4430,c4e0ad6ea862813515ef53b70ad8021e,,
4431,fac5bbaea8710fc47397548c8271757d,,
4432,4166b08dab8537c35b51cb89616ef6e1,,
4433,c19bc72dee1df0b97ed8527521b57099,,
4434,59ef609e7ecd81d89e8d8cb3efd73646,,
4435,c14f91d31474bf54a1e425d73de92818,,
4436,64fb4585a1a2f2ec2cdfe6e0e831dddf,,
4437,5a6b69b21fd586cb4d71597a614c07e5,,
4438,105639feabdeb9be2a7a1b1db7ea7625,,
4439,2cb257b54e4f700a448606578ac3261b,,
4440,644eac827fab366642feb02840fff74c,,
4441,5cbaa9bd1f17c355f4b6857844a7c133,,
4442,49f832fb327a3f88db9c324ca8b1c6ad,,
4443,2cd038d5c85feb0a8da44407e4fb6a5a,,
4444,950719887cff5ded2cd4a8b4b1f76efb,,
4445,77c62a6092fe0e55df4ca54cb8e71923,,
4446,2ad0f2857a4552a25127205fd04a5e9f,,
4447,85b43e64b68fce39237fcfaf32d5a7d7,,
4448,591be7bd1ced8a42f257d9a467cb7133,,
4449,c979acbb9e62ffc47c44cd16adc3bfd2,,
4450,6751cb7d31cd06d4f9ac9ff32a8e60b1,,
4451,74168f41b89abab36ec0a1b014c582ff,,
4452,847db624a7a975df11caca3c97743359,,
4453,e0f850185533c61897ea1e2975b45f4a,,
4454,51bafd5da96470feb83f9a928c4bf540,,
4455,77c54076f96efce539cf3efc58d891ed,,
4456,1fd3d60b4833d266003fce5f17205baa,,
4457,1547c01d962c01a8d6b30e6c916facb2,,
4458,53fbe04e3897ceaf1f6fdfc55cd6be24,,
4459,ab106ca32e9155aa7e68eabef8e2ed59,,
4460,dd893039103b58fddb9e41b1ad099d91,,
4461,6ea2b59534558f0d4b86d1a3891d611d,,
4462,13e4be70b22c03bb8e39b3804e6a9099,,
4463,9746a908fb142b961e5b0b1afef3dac4,,
4464,66ac9acd0174425c2ad47448fc55ca45,,
4465,94f7f3918ecc4fd3ace3aa7d10e7d521,,
4466,f83b92c580fa7d6faf97f81474d9b2e8,,
4467,a0790fe0ac5caff880dab06f0218f3d4,,
4468,5ae7134c28c47387bd8c5aa8d044a682,,
4469,1ac235330a79126d7b6e99abfe615161,,
4470,3eadfdb7feb929568275aab75c0c0710,,
4471,165967d689959172a441baed3bde7bc4,,
4472,40b2f139228855bf5f5551e8bd872ef5,,
4473,89159e7316ccc0d364591c421a5c7e56,,
4474,dccae7781a918f447f55273efa464ff0,,
4475,dd9c8cc4ed10fe12ecfafb1011ac488d,,
4476,721690a32ab390374b3f0aba58e0e722,,
4477,e13ad43ca93b81c3461ec29c1ca41106,,
4478,90155f31bd058a8f7b959346103bdc0c,,
4479,d05dedcf409db3d984fce8af576fdab3,,
4480,dae6944419535df993a53a9c3b0f8245,,
4481,b353c4f536a4a45c93cd2908138662e4,,
4482,4898a1bc6e036de7f2c3d31b2b574b84,,
4483,a5b9d82b7e211bf9e5d65ee738236366,,
4484,5930e03671314482e9aedb6050d1776d,,
4485,9eaa6f1eebca7c088a900d338a584827,,
4486,b0d8837a448cda944694a01d825bdab8,,
4487,409e74b9a87ea9dda44a304a89eb4ef9,,
4488,aae503ac1b8aa0f17fc7ebff97c047df,,
4489,01a9472f2b061f80bb7c125dfa9771e5,,
4490,75e041fb7c1d1188888c2010c856095b,,
4491,8b8338194dd8175d057bdc068ba44945,,
4492,1115d114a4339de8dd9f36d6465c6d57,,
4493,a75c60d5d98606ed26161ae3757da650,,
4494,1f80aa9a268b5ba64292bd4f7d88fe33,,
4495,b4f14cae24e001bad06e5a7e42f1002b,,
4496,d6278afea5048a9494af240884f3b038,,
4497,c18eeeb86a7027e6d3c7ca400d75c8e8,,
4498,f77965d26573294bdf67672718b3d4d0,,
4499,86d1fcf7709618cb03e0e05b08b1237e,,
4500,ab8f0f3ec7c9365d0293365bf16f7862,,
4501,ee3a23485cb29881a50f2ab3b51b25d4,,
4502,e312107a00076baeb1f1dc9497d2cee6,,
4503,42cf121581417ac7c84a4f8c4ed9b047,,
4504,da62ef30d40ae1efac695a8a73a45b7e,,
4505,a5bf2186e2c5cfde1fad60a058d91364,,
4506,e6463d94a7f03e713daef4287faef5a4,,
4507,4444987df780434b2dba8306b086fd64,,
4508,86aa40de50e2e62b3250abf046b44d84,,
4509,7d8bfadf719ab35fe6c510a667a5fca6,,
4510,dd1db5cd5fad82faf3ae68a17696e31e,,
4511,a954a0cc5ddb665162f367e46e4c5a39,,
4512,c6b4ba956e1d4fbe744d6e2839b4a723,,
4513,9c727eef2a083d28455c5541464d9176,,
4514,3d0fd9f2d0044ce12d01fd6eeeb32161,,
4515,b25e5ec86bdfecb9335f0e683acfda87,,
4516,8a8a6e4dc7c935f57e8c1db91ba0abb2,,
4517,e75ffb74501b1bdd328b0640fe71665b,,
4518,61bdeaac05baf83c9df0395ebac73ba9,,
4519,15a6a06636e0bb96ad2703a64d06fcfc,,
4520,9b9b11aa65e492ece39e3fde93a89d82,,
4521,e692db297233f27312315e8a5c75c32a,,
4522,6c12604ab836dc63afdce3867103865d,,
4523,d195ee46e702f3fee56c8d29a8c0bf07,,
4524,f2b60f5df5140efb80fa3b4c2bcb4743,,
4525,4aa3b5e41208988c1e018f2713b9e321,,
4526,9601e9f2ce0e61c627ec08bdd50d4f53,,
4527,0f53ee7b9fc1531794645ce38854df6b,,
4528,17cedc9620be373816ca026a94e0d6c3,,
4529,2d0be5f801037c5471b96ed3984a4e15,,
4530,a66b818d221a0cb079b4b8945a8bacb1,,
4531,abf5960dc8f8c6ba6b9d987a6dc603c0,,
4532,aaba5d62daec22bedfc287ec9457f200,,
4533,6ccd71f80656fd3329eb9547d783fb8f,,
4534,992494d03126bd7ffb678ab8f685a854,,
4535,a44fd7663c5ae9bfd375e6dc75b497f6,,
4536,a37b456a2bc920630c60c2ff0c7d6325,,
4537,528423d80e99a91576623f1772942237,,
4538,0e4e6e275dbdf6742d98d5f853b2eaf1,,
4539,401125cfff3d551db4dbd096e9eb1f08,,
4540,aa68bce6e7fd266e9839f591296166b0,,
4541,b35fe0cb1edc0b16f24480fe83e8b987,,
4542,55ef26c752d337b792969f498c5cb45f,,
4543,721c5739be68d229d30b8a616886a17f,,
4544,859651fe24367615a0f77ba556a196bb,,
4545,c6ac7271f3cf776fbd43808b320c40d5,,
4546,ae273cd134a79165e360f2df1d6ad5a2,,
4547,fbb8090f001cfe840cbe84d42e70bab8,,
4548,e2efdfdce6c126897cef60cde252def7,,
4549,a576f47b644facaa1aa60db9c41d9db1,,
4550,a5e5be1ada0cffbfa2e935d487d32539,,
4551,db6d351561cec54486ab371f4faf3b40,,
4552,0bd0dd2e0b715471eab534e1d815ebb2,,
4553,57d9e8952e401a8f68a4a6ac950c3f00,,
4554,147269cb7bcf195c64d110a4d2c8987f,,
4555,4996dee45b988e6e90cdaac8d5efbe7d,,
4556,296b35ac3df2ea9d8748425bf2ccffdd,,
4557,986d2e993e13ef22c77e011feead1079,,
4558,69d6fdc8e8bed1323f7dd9055aeb0e6b,,
4559,085a35715e8a0f0edeccff03290a6baf,,
4560,a7b9fecfa7046194a48d717d7629be69,,
4561,19b00475de6bf1629c4b797397632711,,
4562,b52d812cfb6a377a5adf6c7ffbbf2e22,,
4563,f68673db7c65bc80fde188dea0e39c0b,,
4564,904abf17bb3b1052483e2b026d2a2a7e,,
4565,d94046cd69c8102ff1e1a871077c7984,,
4566,e77e4cdce388cea5f1d08bdc4d136edb,,
4567,e0818000c58746e9ac0994202db988d0,,
4568,664e570c2dc978f6711795f6a8c9bc6c,,
4569,9cd1f9700bb8591c07051ddd50ccdbe7,,
4570,708b83343fa17388231d1c86557e4396,,
4571,6953f1acbc18152929c4d8e1924a7b4a,,
4572,c61309f50b0ae9b10f470cc11546a864,,
4573,c23c7dc1f98cf30339ed926849413355,,
4574,3f92431272720b409a74cec554e2573f,,
4575,31a7aefb0e4723400ba7934ff463d663,,
4576,a733239073e6baaceea3825537584b23,,
4577,a8c2db370b41d0dec801656b9c3d0014,,
4578,ffcee00fd033d3ece1408035a7fd4ea7,,
4579,7680283193608f46ad4f0d95550c16a5,,
4580,20f97907e71dbc8c945a87ecbe31a781,,
4581,32b84dbd24b4c2db47ba783d3806b6d0,,
4582,4df489a9cfb4d30f8613a9dcdcdb6697,,
4583,c16bffeed45057312c510c1a5547bdd1,,
4584,3c6cbc0f8307f562fe1d277c7596398b,,
4585,ae3c2f3cc03b65e5810bf5655f60fbb7,,
4586,1dd5d88d1e936e032ebb4840b46546f3,,
4587,6282cd1e1f1c2d9b269406d556571736,,
4588,f58f229f6f5172c857deaf02c026e1f6,,
4589,ffe9bcababc858e04840669e788065a1,,
4590,4a76cf6ae9a94a533b65c6a14ef464e5,,
4591,1a789c6c69c689629ac6e8c11eb0f5fa,,
4592,3aeefd7ef9247470d465682c556c0c61,,
4593,21433417efd68bdf8d8ca4d446f29318,,
4594,85b31dab1e9985ed09bc99e6797348e0,,
4595,010f9df31ea44191c106d8226eaf46fb,,
4596,b0a13d9ac8f8200e12ae492f8155ef4e,,
4597,14be84455c24ef064605eccd0c80ff48,,
4598,f84a1ebc74a6004395262124e0ab1d9e,,
4599,4fbcad209342f96710a73a57aa14a55f,,
4600,a9635e180394f1ed176bed3581cac969,,
4601,f4f3ef89b6a3bcb0985e2061b97324c4,,
4602,fd2ad62fe51a4ab6f4786f116d7e5eaa,,
4603,4b8f2f19d719f993efa1053dc6d0d47d,,
4604,eecab09cf5ba553de52a9b76a11e377a,,
4605,2ba4c7fd23f63ddda9762222b0b3416d,,
4606,1ca7e07743aef6606933cb060829f2f4,,
4607,a07fe1aaac5b3147fa1450b39b05e5c9,,
4608,26d87b5c1d532025ff0f0dc77dcfa346,,
4609,86fd4ff8a21d365227993c845db5e6e8,,
4610,1cdd6def1e3099a9763938457cf0b4be,,
4611,11641ccf5569bc94de323bb50b7fec7e,,
4612,6426935440acd920bae26da8165ca680,,
4613,94f80c53bdb15bea46fa9ad42bfe7093,,
4614,57af8fa4543f49ebd8daf1fde15b9c8c,,
4615,22a1fe33bc997f4e93c147d90a2b93de,,
4616,0b9cd3a39dce8aebede8054fdca54ad7,,
4617,d396752533648e870437e895a2a1d175,,
4618,cb88fb1e0305ba94d8186a245ac2193b,,
4619,0beac47a5319a85fe10af9cc1c114f09,,
4620,9b56f501c6765027cce8a1a8ad797767,,
4621,6ccda6558efc23072abea3e08bec5168,,
4622,68fa730b281bed2236a0b26397a000ce,,
4623,091b756470ae8748ad9384fb9eb73574,,
4624,80c69b5f428d37636414e89a0adaf228,,
4625,5459a94616c8afbb4a9ed05108ac88ab,,
4626,06f714d78f6f5c545cd149cf71c7c1c1,,
4627,19929dc431ae4560780d6a92a8e9fd20,,
4628,773d5f35cb242573885d18d302a9157c,,
4629,01fe87e27518936463e751691db8f730,,
4630,b0664a3b144f7f75e5620930a0a1a0bc,,
4631,6e3b4eb31cb44f063fbfa2b7aa2d9861,,
4632,0bfe4af623f6be66a82289e411320773,,
4633,00a76bfbec239fd9f465d6581806ff42,,
4634,a4a6631cd1b0ff0b8df03675f8debad8,,
4635,9e0703920062ce903dad42cc471ca2a1,,
4636,a2eb130a296ca0ff83e1b530108dac25,,
4637,294a347e030930d5a794a62fd5b6bf5b,,
4638,817ba7c0a65b2de36daa0dd30f178f4d,,
4639,0728601281f67ec7964014e1aa3caa35,,
4640,428f0c9a110cf7cae62d620a4306ceaf,,
4641,166436a31a2cc621e93e3e530518d611,,
4642,f232c70ab2ac94bd8efc9c6dde740013,,
4643,2a1a6a11e1eca0c26b102832b362a5f3,,
4644,36c8f9a16788be091884e5cd1688767f,,
4645,fe89be6f6d97552f6b2f921c621f6dcb,,
4646,3ae9efed0835dad28f0c0763533290f1,,
4647,734aa3671b40d98535e383bb9088fb1b,,
4648,fb76b034689e5171652fab3ebc0a62a0,,
4649,cf4938eb30ad64f2e955ad04e90520bb,,
4650,3f25ae1c52492381eea3fdf0c269ea0e,,
4651,cd693fc01b5750ff2e7cbaf8e9e305f8,,
4652,95ce6e0bcd89e1efb666a0c9fa3a1106,,
4653,974916a28bb67ac840a9305d18d3cd61,,
4654,e4778d4b43e8e8877770edbfb2d4b3c1,,
4655,cc749cec9e37b3e141e62a6a33c6eaf3,,
4656,5c7e3c7f2b7fbfaf98f2172e2eaa8f28,,
4657,4b6ed79396add87dafb5a4d6846c6972,,
4658,ad97dd252df818cb6536fe7bb6a7de33,,
4659,71fc7343524aad2c6953b454f7dce67c,,
4660,6d5cb5353d700dfd4e6380508535e41b,,
4661,515ce34b358e95eb8f535cbe05fb025e,,
4662,35c399eb25d0d2fbf45481de19e53366,,
4663,67bc9a23a87b07457464561b22515733,,
4664,b828e67db7b84d0d18b5498c8c185874,,
4665,53f9f8b1c02567febb3209a7671117c1,,
4666,1a3d0f31cb39106c08c2ee02c36f0348,,
4667,b9008f036f702db353bf6e77470b1b05,,
4668,a03e7ddadc046c8eaa40c95e416ad0a8,,
4669,9188974a29e847d6eb44f3db923ce08d,,
4670,e29f49849de6ff182d115fe2aa6cac3a,,
4671,ce291e079a6b6725e114af74700e0a0b,,
4672,75272c0e3fc6faeb17a353b704051e11,,
4673,ef77487acc19480876090652206c7e05,,
4674,a579110fe1e670847d9d146404597750,,
4675,541ca59ea8cf6d83fd1f84351934663a,,
4676,da5fc79f09ea997183453a16d8f3c393,,
4677,573ad8015383dce02cbe6dd1b9b0819c,,
4678,1dc7abaf979206e3c54f6f03072ed941,,
4679,b876742e398387fa76182fb4154faf6c,,
4680,80177c3829c0b3551b5f025d4ced0c5d,,
4681,5816a0df3d7ee85e541bc091cd279e9b,,
4682,630cd3bb436af3e09290f7f4458b8f60,,
4683,1c36b3db47d83f1436bd260288c5723f,,
4684,6ee803a651ec9f2bb7c7504dff596207,,
4685,b6c5a96d088a39ffb721401c6aa341c4,,
4686,4848dd56a8f4a49a77f8535469b9de1e,,
4687,d078bb822b00d4c5efbc26fde8dd86c8,,
4688,f5688ca07c152e6777383cc871031692,,
4689,79605f6c2dcd76ceee9a3ab3c3b7dc4b,,
4690,2a709812f21cab8f45ccc91371b7dc5f,,
4691,0465f4b248a57b710e02d636d595bf94,,
4692,aeae0b9b833e7ee491d1e486bb7bbcf2,,
4693,5de86ab9d9c631edb965696097e8dc92,,
4694,9311b55b58d9dabca201da04a286fcc1,,
4695,6f2492a62387357de046f11af3a8524d,,
4696,c1f1eb01b8312dfa1acd912637b41727,,
4697,3991d93434432a7e3bd6402baa719af9,,
4698,d02c1da03b5ef4fb5ea6b793a3c1fc79,,
4699,f59aa908b06ae529d212effa3888e2ea,,
4700,ba6440ef35c6feeb3ed6c5b20b8f6b50,,
4701,49773f4304bd7f8dd38da29dc89b004f,,
4702,4921f0fef4b8adf1396b6eaae5b93cdc,,
4703,2659c8793ae036bf6e6b1d05a080329d,,
4704,b91ce7c3fca8163db4368a79311d3c54,,
4705,5c9407c366d62c4e309a5fa61a48b7b7,,
4706,1c3c1fe065c9325cbfcab6722d6b9b39,,
4707,43f7943591b6d78cf4ddec563d020487,,
4708,b99b4ab3affacc8f1ae7138b1060c80e,,
4709,89ce8e0a494db9c7ddc68dbf58729c68,,
4710,89dc2910f86eb2f24aeb28fbcf55d996,,
4711,047dfcfa9deb50e3ca572a902707442f,,
4712,a98cfeac460a9fd9aa615e3c9ccb2c82,,
4713,7dcb52d4a04fcb59f5596ca381ffad29,,
4714,56e5d931e0c46a942e76aaa95485b9cd,,
4715,dd6321787f8051811c010050b2d90a55,,
4716,61752bfc0be53841adf3020c8e1a140a,,
4717,723a7750742b4b7630fe743c74ce9cad,,
4718,7f79542601ada0fb6c5817169652ad93,,
4719,83ff615957c966e2f9defbc4339196a3,,
4720,f0dc04c4cb88b0e5bafbdc6a852ffefe,,
4721,cb1a32f1ba7386723f1ade48af77ec24,,
4722,8e777c9f9c3cf64231bef6cdd1fa19d8,,
4723,24ccdd39791fcac60d157701cb18c200,,
4724,4a1a331abf928c86ef9a260e09d0358d,,
4725,e9c5d5ae46eb2a57b0c577a156cda8b7,,
4726,1fb0e1a195d073656c1a1f9b1ac76465,,
4727,c95bfd7e7fcb784d245163e8305143cc,,
4728,043489a629f6bdec1d08515a6daabb78,,
4729,f1f5f493f2f436a7049f899b4ca4bac6,,
4730,9fb84dd896f468b8bf464912b810d202,,
4731,d769a8772ea5d3e1a1644c851ba06b9d,,
4732,09a20094c83eaa9c6a8c4f7c92b4bac4,,
4733,67f5929b81aef7c91f8501e93cb04193,,
4734,7ff53392c1d6293b7f90e4dc139977c0,,
4735,b26c7e60945844e696bc7a01dcf51225,,
4736,78d8d01ea0cec064b6ad7c9b283eff55,,
4737,93d0dc29c48d0c31738d20d3c5c38aab,,
4738,1acafac8fcc424cdba4d17f3dd0792ef,,
4739,18720a3463951c46b4b3392b8785e11f,,
4740,dafa723ac789768ed1e863cce1681e4f,,
4741,38da5a625694c55fccb0c6daeb2fdd58,,
4742,8ae3701db2178185c232a92c5579e4c2,,
4743,254efefa21964ee7664503a878757485,,
4744,fd545ee9fe42ed0eeb216fd4be3af3d2,,
4745,5e09634f848e23aa10f79cb6e7c5cd65,,
4746,b04fde49acc617ccfc5e966c0a6bd71a,,
4747,4d4ba449d51b491a383e9c80c442cae4,,
4748,b9c3f5c0056eca98e23088ee0d8c526a,,
4749,09c591c160a3a43be8e03dfcab80b4c0,,
4750,c2edf539162ecaea59933196e84de2f5,,
4751,62493361edf8bb1ee5391d66b64af60f,,
4752,5c869a5a8bd2bd340fe13b188be333c1,,
4753,6b4c77b671e8412d65773f9614816db0,,
4754,3bbe8e2a01ca4d4e8cda9a6bb5491ad7,,
4755,65b25c89a74ee86c54185060a6bfc25b,,
4756,e2e6f8162f3f8b961a5afbeef1fc4cfb,,
4757,c827e7beade04c9b840946c370653009,,
4758,f4fb4186d1ebf0021dbe555663c9c26f,,
4759,586eb142ad433841c18b748e580ab771,,
4760,545d14287912a7a53a64fe279a92097e,,
4761,4aaa6b030833ec19f2ccea7530fbfeb4,,
4762,6c66783893eb733abc27157bfb0cce33,,
4763,ac9d05fa3f4fafb474fb96f9f8ab71ac,,
4764,baae8c3655a07ca543a7baa09b29bb52,,
4765,5ca13bda1c8a128938a5cb71e54f692c,,
4766,56eca40fb4a14e76611554bc3b08f22b,,
4767,7ca2c31d434aaa0c2d19ef4cbfc5aa5a,,
4768,cac4a6e019153f88b52ae2fba6b20cef,,
4769,1091823128e2ad54c3c90e316e0e5736,,
4770,0c2964f57d972f4cadc28f5cdbe95f48,,
4771,b2af2b481ff84df45b02df098e9a8e46,,
4772,f54428f97db111809016916ab768f667,,
4773,7ab654bd45dc4f11910a986561259bef,,
4774,dd780edac742469da23a84d4267163b3,,
4775,f1a748bf771215ce5a166846e8d9af79,,
4776,c3064f9d63880b237fb22d242a88bac9,,
4777,9a8507fd23867a02a98fd29bbca819bd,,
4778,9b502095417b17febdd678bda972cf80,,
4779,8434a27f3a5aa65aac6fd2728c31297e,,
4780,ffcd99c47e57ad2934dc6bbf5edf6675,,
4781,2e29362867ce157b32293c93d133539b,,
4782,ac4184c39f8c07a414170dddbd84bcf6,,
4783,302fb7c22e2b2addcb939501b25882f9,,
4784,2146b81f11fac3a65d644c9ca3c23ebc,,
4785,f116008671100986f57d4726d2b8246b,,
4786,dd3ad530747e67888edb49ddc659536e,,
4787,452eca104841c28098e3ea454f9626c5,,
4788,632a836af7b82fc1351e5e6955a33c9c,,
4789,1f73af67719cfb51ccbe7673118cacf4,,
4790,2fc6bf2ccab59b08bb4b3cb2ee0602d9,,
4791,3f5ace05ae2e2cee322fdee09da53f0a,,
4792,78d70c1732ef444ad636a5d3e2ae733c,,
4793,3a65a5ed1de1c2981820e3daca60d138,,
4794,b6755c19d24b7d3f8e0074c3ba9d32ba,,
4795,d0338a0c3d03cfb83376ce015597c0cb,,
4796,7f57053f651025603c6b4246acd0ba54,,
4797,5811cebb423e45f0e351da2dd159e40f,,
4798,f83dfa71d8df99b9ca578b1fdf3680c1,,
4799,d3ef86275b0da6ce3e7f01faa652c3f7,,
4800,5a4ec1ea101e790664aeab41d54cbe75,,
4801,8af54c71033c8019017490db924dab70,,
4802,6d63e2fdf3eda186a532f73e86bb29c9,,
4803,2f45cafe638848ee98e0b998d9aeb888,,
4804,bc744055e1e8b0da22a2493c6e174fc1,,
4805,ca4796a46bde379a1a364d992fa07217,,
4806,b3c3c28fdfab12058aab2e7f8a37896a,,
4807,3f232e619560395c4a99f858d76fb5d7,,
4808,fb3da9cc05a5f302d9d3811c954950e7,,
4809,5166d94b7a25c6b05b399b16c65a2b6a,,
4810,fd3a19b58724189865a7b6bf3d70232c,,
4811,ab81e59d765182466b1c5dce9641cc38,,
4812,ed405c59371198640ead48dcd899428f,,
4813,6806e41cd6048002dfa52e2f4ad88900,,
4814,c9702f84cf4495e31190352abe61160d,,
4815,8e746b67fa47b5104b9cbe38c1c2014b,,
4816,880b2358d6b9893858c8d24102774456,,
4817,0e4e894993e03ea910ecfb8bcdbc4baf,,
4818,9bf6e3e027908a65c558ddc1fb07f7a0,,
4819,153b4416487925655ba21b75555e04d7,,
4820,c2b4cc586b3984b248e7d095d4c0bd03,,
4821,8dc0d30245d16902077f9d5da16f1475,,
4822,fcb2ed9c69ec97a285f6ed3a38ece987,,
4823,b1f57416afc064e5b995a56d90a45992,,
4824,389853c7149f7007e467b20351b1f552,,
4825,f56bfb09d7abb23b45fac3113fee9c9b,,
4826,2362d93816e6dff7db5f3de85b660777,,
4827,c0734841bf4ab24f766983269c323bc9,,
4828,a6a7146bd23b394f54a5950d2dbefa7b,,
4829,b0aca7fed1a87d29f3be153d3b8c49f5,,
4830,b32c022c602405cbdd8c23ab0a4773d6,,
4831,d2293f17839b0cf5c7a187353826d640,,
4832,b96c4bb9689d3e5a6c6fc4e126f9f72f,,
4833,b74de57b5c614e1a1bbd5475c5fdff3a,,
4834,3e34f7387c8287fd7c6cca202b0aacea,,
4835,340517b590a8d20a3c8a13c8d3df4099,,
4836,70c9a171ceb4ce42717f1e91422cf83f,,
4837,d38a9db63e100d405ddb1a932b53d92f,,
4838,29828828368fdf428816c8268444833e,,
4839,34bf9dcd2f03642e6d42163091900112,,
4840,2a5c483208aa31a6867e091f6f14bbc5,,
4841,69aa17f4856a40568185449b4d2db5c3,,
4842,97feb3114d468dfd508f81f0f947a3cf,,
4843,07d600e3fcbebf7dc75e5335d3563e63,,
4844,a5f7e4be7d541aeab8b4b45f9a681300,,
4845,17ceaa3198ace548e0fd65b95c800a32,,
4846,3b1a389348b3caccc230ca8693c52f93,,
4847,d2c964910e2e8295fc329dd57918986f,,
4848,88ad8f5f0b58dcc80e039de9f1591dab,,
4849,b06e7d1627d5ec60135b82b4c0663898,,
4850,8cf115bf4b3942283d07e9acea23ef14,,
4851,c063c9764a21587b9b44ad2bec29af99,,
4852,3aab40b14fab46f52f53a5f85bf8ea34,,
4853,413e0e565b4dfd147f7acbf47c3d47ce,,
4854,c8eb53f6ee052f08e7a4684e569cbc6a,,
4855,7eaf35bac398cda4ffe48178e07d384e,,
4856,ae40259911132077ce85e8f2da580c5d,,
4857,4d37cd687a4b6e52762a21f7e6b3f3c0,,
4858,601ffcbed401250430f367a898cb3e3c,,
4859,4ac15366627e6d5d7aa11bf44511682e,,
4860,9098b613c1e7dc1e50790bbdaafd4828,,
4861,54e704b4854f66b42a6accec834e530c,,
4862,7a2980fb744ca6ea7a9b5d9fa4d838bb,,
4863,a36452af1afcef236f75414233521c8e,,
4864,4f323a5ac8121588c5ddad88eef0f0e5,,
4865,57486ed4621c7d8e0938d629895c7666,,
4866,23a5352a05eb718d38fc0e2e8e22e9b5,,
4867,6959e859a5eeb9cd1a04266829bb4b47,,
4868,3f316d47791713e958f9383d049de6dc,,
4869,b82ed1b48b3493902aa7f60e8fd6e795,,
4870,1c3080e8967bbcebcec87dd2041db7de,,
4871,6166cc11159083920af9b3c14670f8b4,,
4872,b578ce675d9949d4d8b361150617024b,,
4873,e8ce5cd6a70ea33bf280e6fddc6da27f,,
4874,65bcc0e4ef30b49600530a2c5c5e8d14,,
4875,5ad2c7349c24ed5c4901522bec9d3077,,
4876,41af23f874b24065edef2718cde47395,,
4877,44c5c8997f5302614e8f245c86611d84,,
4878,a8b8f6be7310d77eb7e785e2f341a137,,
4879,2ac5f9c41e6b9a004fc0cecf6c3083be,,
4880,28e69ed7b2c2b132b29d50a9ccaf6238,,
4881,e65b5c109b3568689538a5dad4054c08,,
4882,652e4ef79f6f829a57aa0021d5a8d3e5,,
4883,d8aa8df17952aa8028bcb040964989c0,,
4884,cd7175bb0b7c06c92b99d1432c12ebe0,,
4885,eabeeac7e277d16cd6be0379779c6736,,
4886,b9ddd69769597b7910120d47e6a93f06,,
4887,21f3767f9a827e5b9f64d2a47594ad27,,
4888,94f7caa8da3e5c1d5507ddde7b6d6c24,,
4889,237f5ce41bb73c120e10024a66602ea7,,
4890,0b99475a066e609a5ee19ee84e30e376,,
4891,60a98f3fee72df06894ae985cd171b06,,
4892,53395078c052e6dcc08cbf8a227ba147,,
4893,e47409feff05e7815c2908a2af47746b,,
4894,4baed07e2381293cb782253baea6056b,,
4895,d2bd898f6bf18aab557c0d7d4fca4fc8,,
4896,f265e72c4082cba007a8b21fb6cda60c,,
4897,9293d9cbf670375a056639da7e0a0f7b,,
4898,ff97fa212a451432b685bdad1c3c89df,,
4899,765ac70e1d7527d06ecb6f5b7fb2247a,,
4900,4c25d8ba4a2ecabe2b69b901c994e2dd,,
4901,ef5227e7037bb4e8c9f213056f135f3e,,
4902,0fb3565c36d9c379d64120b4367a83da,,
4903,73a8c10ff66347ba7187a1eb52e0e8f2,,
4904,58b1a38c3fdac76c56e664b82f85d35a,,
4905,2592cfd1d3e053e519598bab9423d279,,
4906,267ba1e851e2ef1c9e6714ad50d09bb7,,
4907,a4759f06b88c45d2153555b988ac52a8,,
4908,98bfad4a1ec921edc2f61c9c9dd5690a,,
4909,5a89e95c1dfe4f320ac954517281f9eb,,
4910,ba5301b5d8d10f16ca7f1f4f8b82f692,,
4911,f836bf8b2f7a52acc668fcd59ec0122f,,
4912,ccb6cf5f73948fbd88d7e4f2fcdea92e,,
4913,5bb50bb8d8df795210537f17ca113f28,,
4914,f0ecf0bcc2f83eb9226220a80230f44f,,
4915,fad0fe747acf40fa1fdba4a7d115d8e4,,
4916,a3e1e3c26c6abb4c6a8f4df1a7a17a06,,
4917,acc79fc48cdb1a2c730a0b2c15b0355d,,
4918,e46ba29e963710a5293ac945311610bd,,
4919,1355acd8e4798125a040dd6d61578b1a,,
4920,730688499d4fa73f9b1d051c10630fa5,,
4921,46c96a0dd0b92dd0ccdc841ac9816719,,
4922,57fedc6c794b7ef4e0011fb9882ccaf9,,
4923,b87d20bcf0c7492853ca6cd000e39666,,
4924,f8e44af1b7d155545fc2a928d65a5e55,,
4925,c0910c1a35e06c172ab6403b20a6b9f0,,
4926,c6d58607cc6aeb36e4c1d65fed824e84,,
4927,6f10905caac3dca8c74143bf90848378,,
4928,70084ac115617e9243c963abc3295fac,,
4929,cffe816dc2dae6fb3f918ed68148d26a,,
4930,d4c24da9724759ae8e6ad6358b5cb620,,
4931,a31660605fa1295d74bfb1729c3d05eb,,
4932,d7502ac103c3191346e8d4217809fc22,,
4933,21e92b285b43c4585bdff04f758bf883,,
4934,a081ddde3cf1cf227b66ca1273be9459,,
4935,47985c7cec659a0ca907c5c99266b440,,
4936,09471c7d6b4a7b117f7ab3a52d7828c4,,
4937,c363a6978ca217d75b028a2a248661a2,,
4938,2f491a451632c349642a575a9275f8d8,,
4939,4859aea02180c9b02fbd1be4e538240c,,
4940,39e8d791376036f4f802d9409fb1ea22,,
4941,58c9ebcb84cf500f25352367f27fba56,,
4942,10f2e4aecfe1402c6de73772cd78c8a3,,
4943,25398ca8d2082be7640ece66fc126d6c,,
4944,c746fea373cf5731bda84ef245617a19,,
4945,b57e87397f4281b1d3a918c7bd2c9e3a,,
4946,b7b307b6ac3d7e91a49b66f43ee939f0,,
4947,a778ef2839b7492090564d78367aaddb,,
4948,01ad256f991cc99f46f8065cdf0bda01,,
4949,fa1a79a5248bf5f5742fb14dabc070c6,,
4950,97a072070bccd353b385580daed8b3f5,,
4951,f7b209b0f45746e231c10a80bcd7285e,,
4952,be9c4411b1591a38eb110f641f9bf0a6,,
4953,a75b08009b587976191d332890a52964,,
4954,6fd638500e570165c9b725a00652c700,,
4955,abfa45d8a5a8615362ec7e70e7f57fff,,
4956,602f278e2deec17068c5dffb3099754a,,
4957,efc9d77273847ab411ec6d447b22b3f2,,
4958,54d5344186ef7a12e901064af86268fb,,
4959,6c42113e5d51c2f864e0bd40fc14b657,,
4960,9269a7b94ac73d384512a87c1b38fd5a,,
4961,69ed9b36a92904dcee7b78c338e5f4f4,,
4962,9b238129762edd83f472e5b3abf9e639,,
4963,990fcc12a9f6556f270bba5732815b50,,
4964,1dd96a0c9793cac8d8900c57c3e8a7bf,,
4965,fa3d7248f7b7e1f10eca31601e81623f,,
4966,aecf833bf307570b6dd2b3f8d104e9c6,,
4967,6ecaf999869adcb83f1c7e96922fbc0a,,
4968,12cef0383505d96338a2ccd5491f972f,,
4969,9d4865f39effefd5da1afb0bb01157b1,,
4970,ff9dd750be215c8ba38b5195de612253,,
4971,7c0b64e1c730a010c9c94f3462ab60a7,,
4972,ee690e4e9eb2bc1b23acaa64ecfedb3e,,
4973,f96cc0b4bfe5c400bb8e198728e301d2,,
4974,d92fc82bea7ec08b5d7bac547848abf3,,
4975,6070e2185deaf498cd54f08383f0591c,,
4976,4ab63251f53c02b01c453a8408c169b1,,
4977,7e61d1d767697f88ab5c32e9074d5196,,
4978,c115a53d035363f2cc49ed0b98934b9a,,
4979,86f4a04a0a753ef68df0dc8b20996d72,,
4980,15a9c0953b407dec51daa965eb0a1db1,,
4981,d6f3c23a4b17f0710ab043f2f85940a6,,
4982,dc34ce090ee7aa4ffe226b4314810434,,
4983,5581e01257c48c867a21484c2cc2106d,,
4984,775abecd4e7149acd83c9c3c55e2834c,,
4985,0cee71ab57422e04f76e09ef2186fcd5,,
4986,128ade97a27c446fb413b1787426760c,,
4987,ed07f20bfb493e3a0731853a3af20103,,
4988,78a5b3a0da3234789fac1ba1110ccc40,,
4989,abe3d765d3830059440970e02620041e,,
4990,0cb3f826fc871be280fd81ddd875b221,,
4991,e0f8b96960ada384a00e493545f783da,,
4992,9904b0e39429fe1c957c7c1ee53bb248,,
4993,08960c544011ae04f233828b7393fece,,
4994,a94d63bd5c038c48f6a280233c3c7dd5,,
4995,4cb3100510a02886dd307a686bf4e4ea,,
4996,f9c7b2b9eb0d45b466f2cf28d78f88fb,,
4997,56019667ff344d5bd98e7fbcbc6396bb,,
4998,e8305f87e3ba6f187920804740068790,,
4999,b09440c2ca3386ff43f8ab0345a566a0,,
5000,bbab8ff4a3f62c8d5355bb2d5ab8ed51,,
5001,ce5578cd0044db806cbfc334f9013316,,
5002,b29e5425308f0f10cded9bb6c75b6049,,
5003,0cc2bae4e8f80349576daadd44897024,,
5004,067a25212e4e5b9eab412c274ae16df6,,
5005,7baf8e46e8720b8b2d379d2ed3b776b2,,
5006,f2d3ffcb3aa600272d70fe13b62a56e9,,
5007,6c7324c3bfe359fd8c82c77db241e4f3,,
5008,a954e34aa74d5c6646a52e605263f187,,
5009,481683ac49436653f9185487ada8d978,,
5010,0cbadddd6fd3eca47c33e48752f680cd,,
5011,9212335e35c3c551a8c6318f772bdad3,,
5012,5b4c450f95b5b0128b2465b8e7923ef3,,
5013,006f4d8d3556dd21f6424202c2d294a9,,
5014,a0f29ff13fb03dd08b6aaeaf4bcac6ed,,
5015,4cfec0aee02aff3e05698f00c1c129f8,,
5016,049813f2cb407d0db60d6e671af6415b,,
5017,bdee61aba162525b19958100117243f3,,
5018,ebbe9b2029fd5389f5bb93d6b2b822ab,,
5019,1e0379988bc494245913cc4bb10fb8c1,,
5020,6518dd103748ee00e9bdb448f585bdef,,
5021,e4ca3da3ff10350afd296ec9cc5b4ce5,,
5022,e8a78f05190df3abb5642e5b0f7a5524,,
5023,28dedadd36e56681c6bdd7fe04297ac8,,
5024,cf481e35314bb3e93f3716b6c456e85d,,
5025,f69847acf7a94039fa4d1fd3bd32ebac,,
5026,a88576230a500208178f0bbdb4cc0f1c,,
5027,e9cc7c0bc8f872f85115f20344e7e491,,
5028,401c18c4391e1550b5b2718a2493e261,,
5029,f19c7ece83101042b11178a9bedf68a8,,
5030,62dc9e6f426847d6d58e12c30e35a35a,,
5031,366b8bdacfad3a89f0284b0ab0f3e294,,
5032,e98fea6df165f88876bb39889752759f,,
5033,8b44ccec7265270e0524c5ab658d1344,,
5034,dd11c9143fb6c56396e0693465d2430e,,
5035,a3c369f4a14bb6887655e5a45c96bd62,,
5036,92a7e5f4fc41047d3f826cc90660c7a1,,
5037,d9e1c1d1a921643ca69e280e3cdfec08,,
5038,97a05e9e27faa5d82ad5314364b74173,,
5039,db047ccc6fbd5ba7b5c18321d7266384,,
5040,7210b7dabbf6bd66ebb88d9398713997,,
5041,25e85593a9a51bbe10d9a2821cb096d9,,
5042,1254b6e7bf569bb23c87369196f6e816,,
5043,13a8fe60e02b607f947bc9495821b1a6,,
5044,7d5dbfb91ce9be33221e4ba9358326fd,,
5045,89f418346fc412a6458aaa05a224af3a,,
5046,de4966a35d76fc988a17d78d895b2130,,
5047,d76be95baca47c31d827d59abbe132b6,,
5048,e35d234136ec9134b502de099a7a512f,,
5049,61dc08bdb56ba45b21c97e583d2869a8,,
5050,d375f524d50db8fcf857eadcb70ef5d1,,
5051,d0cb73c9ad19c13c6fe93cc2c61cc073,,
5052,ef9626e7479e7749bc2dd093237ba966,,
5053,a686274a69747305cbea99f22c4361d7,,
5054,ad6c967bd632185db83b4739a8c4b450,,
5055,f80f2d5a9a6f70990132b53d65c796c4,,
5056,3bf9e151fbc4e40b0444e6a19174752b,,
5057,2529d7548a0f10637e2a6af1c06f2d3a,,
5058,ff80dfefc41b8863b476c5840f88fec0,,
5059,fbe70c8e6e77c016d43dd68ef9079363,,
5060,b11087a73392df3c8b07abea19b5c3cb,,
5061,5b2c1fcb4a370400b64df671560fb733,,
5062,281a317af902949d02d14c41f5762013,,
5063,f14ab472f807f53303d5f1b27703936b,,
5064,c7a0a3e5eeca21a243fb812285f045c1,,
5065,ebec55b101d0f038aa52b6c5f83bba0b,,
5066,ed89f08bcd88ebc5ae47925d9660b1bb,,
5067,aaad0b3cad311ccd5d82959e14491fdb,,
5068,bf93cd1d6ee723d3ffde49ed442c41da,,
5069,4616adffd18fb6175fe63bde2bff907c,,
5070,92be9733e09cf578c9fdd89edacff5c9,,
5071,d13ee083f8ea8e6be9e54cf1c6d7fa50,,
5072,cc6582f22aaf82f448e5eecb2384df6e,,
5073,df599862faf0cd78b880fa7f6644407e,,
5074,c0a8a6e08e518643663b9635eea0eddc,,
5075,254289dc6ef3ccf26a7ee32617106936,,
5076,65595e0c07967b4b2642e5da32f617bf,,
5077,60d32cd009e0175fe8607166861cd430,,
5078,c2f90bbc5200609817a0745279582e72,,
5079,89c153314fbb6cb1b8140d1e5cd5683f,,
5080,6788613b15835202197519f788c9f435,,
5081,701ecb67f445ec65085f3cd4bef9f872,,
5082,fbcbaeab588d137117d28974512b9d06,,
5083,2d4e339401d42b194cf2eef7cdfc26ec,,
5084,03a3d1bac814f25da8e1f7c511cc10af,,
5085,29cf9fd036abf9bb241580d247b39b1b,,
5086,7ccd39e3586ef393247e71af2374dac2,,
5087,a10cb9e1dcf60863dba57e77c45de0c5,,
5088,4fc9b7a068848becc2f8cbf978bb393c,,
5089,da2502ee900c4fd5653d4433d05c8cde,,
5090,07afad2271546de1802035829d3b507d,,
5091,f31c2c896158865d4665f289e2a79a68,,
5092,e766ccca7358b76d085a6b526800e309,,
5093,55e4c013d70e60e4db9425f9f6fd8997,,
5094,71284c0b091060bd4d353a9e94c8a491,,
5095,bb6ea8e115a5719d2644a63919858ea9,,
5096,2102c15174fe1886893e2469cd8fe18f,,
5097,4d729d269ecb5ccfde006fc7ad498280,,
5098,060fb11087bfa2be0b810fad986328c2,,
5099,d3b6c2650c9f201f3ff4ad20faafc23a,,
5100,95c16154511d02d6cecdd6cb9b3a7ffd,,
5101,f8150021b8fb7c26a769f2486b4f388c,,
5102,414b65b71e83147e249552f1bd31decb,,
5103,ffc0cbbe28a6345a179d6210ef5c579f,,
5104,8ced08fd98400f0dc7d3b1ebb782eb7b,,
5105,52c1702d27eed470507c4327b9ccd1b1,,
5106,4867b2a030243b9079a0bf08db01cb03,,
5107,d2b1ee78b2dd9b89d02a1f4a1113a801,,
5108,527d8fc0ea1ef55212f4f2ffd6c4ad68,,
5109,55f9371f0cdd14ae2e4df9fd5f09878a,,
5110,fac68c117a18834ee2e9892083d82942,,
5111,13ab419e772cf0dd8140f34f905bd918,,
5112,1f292d81c31e54220af6d92c812b0801,,
5113,c4a30ab614d7d3e37e99434341191331,,
5114,500b90c3e7eba2e3b25818a8c1834d45,,
5115,3a450c205cf27f0348b46d8329c13fc6,,
5116,42045280ad96d543a1edb099b0b05940,,
5117,b03acf15d51eac8437639fc77ea84b9f,,
5118,e704b6e827e5e2b4eeecdd280d6fbe8f,,
5119,a9b52672e84888c7a26fc2694106f86f,,
5120,ca1670f5e9408c08518faae1061f4a97,,
5121,6ddfb4253f74fd12fb9e8dc9e7530c64,,
5122,852768d64622d6bb9e0d2c3ef45660f5,,
5123,46238218f38cd4ab08a945755fb5fc63,,
5124,a53b780941263a252bea531c73f2294d,,
5125,b96adba102a845d3fd6445ea5d7017bb,,
5126,24ecf26ce811ea7f0116d7ea5388bc4a,,
5127,b4d35decb5af45d088f7165fbb664612,,
5128,47f750f4872babd55dfbe6864811b5b5,,
5129,4d2705aa958196b3234613240e395751,,
5130,e855db8c0a47dd0798af1ca78c9a33dd,,
5131,96f35710cd558b3fd598a2ac159ddf27,,
5132,e5dcae49fce83049904699a5001ec0b3,,
5133,16ef750c637aff5133cac9c3c5176431,,
5134,ce4ea0a4caa1d63cef4e6a5b4c9c92c7,,
5135,2639c2ede0d5a7cf6e924c67fedf60d7,,
5136,742e58363ad59930dd29cd4d23e3e2e0,,
5137,fcb820c8c3ea34338e648444b90b8307,,
5138,fcaa47a2c6a94bdd2ba3618c6f0f2050,,
5139,7d300ac8ceabc7e29843d849dc54c474,,
5140,b4d09aa7fc622111ab0071f79989f8ff,,
5141,148b753bb4a61f27bc4f17c6d123e1ec,,
5142,1cca851fcb421dbabc8e6550257e8160,,
5143,f0a73ffe7d71950702ebd0ef7efa86cb,,
5144,4daf2f3a2e1888094201c1fcb98fd7d6,,
5145,76b31e161abf5aa20c824461927dded0,,
5146,b2443b53c6ecff257bce39ea43e355b5,,
5147,e528c60c6f12a5073f02195644ea418c,,
5148,7ae637109d077936dbde6c77bd2c5eb7,,
5149,aad60997596c9d820acb6cb4b39a32ca,,
5150,685903725349cde80b2be656ab872194,,
5151,f7f6589e380c4b29b30ea6c8d098e471,,
5152,49621f6f666d1c54b23d1616ac4beb72,,
5153,5860ba8552e96ff8aa9b16d071a6eb9e,,
5154,be0afcc6e641712d13d3c6b743a4d5bf,,
5155,2e75d8e70ab893203aafbd1444d7ebe7,,
5156,3600b9f393854a0c456904beaff22ae9,,
5157,c127660ea8547c6d1e13a2785791707c,,
5158,21e9ed95b0e48b751b987794aa9cfd8d,,
5159,9b2948ff81b64677a1a152a1532c1a50,,
5160,0da878110769739fb9439908862be9ba,,
5161,c5ab4bf7d7755aba1e19843f20173cb5,,
5162,f8904c574ab1559e37f7399803b09dfd,,
5163,aff9deb3016a3ba5db5a5edb22ecc982,,
5164,c0fe404fe0a24f435d7edd6b3e189768,,
5165,eb065a93e3ff8ecaa0acca4126c4c154,,
5166,5619df86f52fe4db0cb874f07166e2ea,,
5167,2bf1bd8e01f52377993bdeaeb88c570f,,
5168,ab807d486725cdf5c662257d7a77d4de,,
5169,ee4492e15e54bfe1a23bc3af78158897,,
5170,e7e3a644d686264e61924ce130e78838,,
5171,c70a5817549ef745e0dc65592595bcfe,,
5172,501d3573cecce3ad9086a63df9794ebb,,
5173,cd636fee80a3058dcd3f5428d997a153,,
5174,026081211406349c85c3e5b4fc4b6ff0,,
5175,8cdb32e9279d50b6b26cd8eadd29d19f,,
5176,4889d1102cccd3a96257d9966309d793,,
5177,ae7ea9f050c9e839359a6ec640efe607,,
5178,0e187aa3c8dd29c41e92af60d2dfb7e5,,
5179,ffac6d538449832cbecba2c4f4908dfa,,
5180,64308cde14c3486f9c91a5b6ed776cd2,,
5181,9cb2cc92326f2e7534c8c16acb5e9883,,
5182,ff28b460869954e8ba28ff6b9919e46a,,
5183,1f7d9fb7fcfae8b5c2395fb7dd5222f3,,
5184,afd477abb13dea3e8d517efcb19233c2,,
5185,17de92c570fb51e416f02c6675678daf,,
5186,f71083cb142d89ebfe5a940b6fc06163,,
5187,95687706ffc4a2750ca1709258cc88de,,
5188,afa9966f243d37df8f8cb04683163c89,,
5189,71dbcf5569584dac2aae88cf712d22b1,,
5190,d451ec7b30cdbf594212c1bf7549a212,,
5191,40b5f6642d5ce531ebf51929eb9c0cc8,,
5192,3ddddcb8b9a9dd8c0679264f8173c2f6,,
5193,8f5ae51366bcb44ca78d5c79e4c782ef,,
5194,0c26185c4a50226bc489999b62860aab,,
5195,d34c7fe759808771f0b2dc65ad0df03c,,
5196,ee9791a15a2cc8e34ee8fc52dcb4ddb5,,
5197,7c846f20f6dadd1b95311d19e120f438,,
5198,eb224c3e74b14b1b93a377f358469610,,
5199,c5e9176fa34d3fc8caccc6bb1f35003c,,
5200,b3438f39bb7db17a8c77e5520613de21,,
5201,7d32888275863ea91d8db46b242b0368,,
5202,f292ea5d2ea72a15bbb798702a9de817,,
5203,8be88cbd606502cf980f721d57c1c794,,
5204,a3af37fbbe60a833bd33c10c2f88e9e9,,
5205,4ff3969ded27b5fa1ea6dbeb7bdd8196,,
5206,b1ecc44ba2bffeba5ad09c2a339f40fa,,
5207,0280f8b612771801229e2dde52371141,,
5208,2e512e923950da10c0b4432d08ca0663,,
5209,00fbee5161d8cc715b3fe69e16cdf147,,
5210,984505f6a79b889bed5897d2135b85b1,,
5211,26885e1727dfa63fd2c06db5a164be0b,,
5212,4aac539cdb139eb4549013b591084c4f,,
5213,bbb1294c16fabc528756b55464925b0f,,
5214,76a17a9705fd4ab2ccdcdd83fb7245ce,,
5215,b0125c3b9ddc46c75cef969b6a2b8854,,
5216,774b7c9a6f5c6a81a411cb46f697fac5,,
5217,7d0638e2cf13708c2047178ab83ba894,,
5218,2ce35862db5e157ec48188318c015576,,
5219,17efb686df335e94942c65347a380135,,
5220,c3f353a39f7d61f553516bc4269b3b12,,
5221,e273dba6ce943ac5c5a2b2f0ca62fddd,,
5222,275d8bdfde4df9a23274d06788c7ec38,,
5223,480dc522c58d59f6a6eb7b5351352d16,,
5224,e8f50c073a0eadc8a9fb5ff7d2fd8832,,
5225,3b58fcd7537d02088146c3b4d1ba1e38,,
5226,25a27922edaf3f338e8693ededcbe1c2,,
5227,39114f65aa3185f05c4921cd2ce081eb,,
5228,3848fce177d0cc469f4ca60d802445af,,
5229,92e65cdbae33b846328b01eefe907fff,,
5230,3d3988b1b72273ee018b40c5acd51e43,,
5231,244840885b55826d692012d3bbf8f469,,
5232,b7131510648c471e74823eced92cf622,,
5233,785d4b89a87c0714b01155d6acf35448,,
5234,9574cbe7791aa300f38a95ebed823276,,
5235,06bf945aaacb9a67d9f2439d9a7d73ea,,
5236,65e733bbf48c15a529fb33cda1a38f4a,,
5237,e9edef878710b13a32777376bdfc0f82,,
5238,4abf4f8b4b7768af6eb06d3ef31b1e09,,
5239,f0c0e15dbcf050dddb8dd1d03fd07533,,
5240,56fa8b134b06e3a50c2fa4ee71defaba,,
5241,abc872001f80c10758f4b425c8f9ab03,,
5242,286e4c0e3f65869597aad4faba94b9bb,,
5243,6361e60acba5610963d88c4ea96bfc7b,,
5244,dbf09c7c30806ef30dca99273d05075b,,
5245,58d439e1cf180a952bd059b6be710665,,
5246,b4e5cfe0f1616168c2a4524202c85327,,
5247,c7ea3610f0489ff7431fe648ddc24750,,
5248,e884656fcde94956590b64acd504a00d,,
5249,0cf88c432c44f7d163afb692e6d1000b,,
5250,e3a26222873878047740a3d40ce041ee,,
5251,18d66a4b8755474ebb3cf0ed64f3b401,,
5252,a5be8826190732e7519cdd326f5a2483,,
5253,a84ffde8b4b1988a6ad9091d687f32bb,,
5254,741c3cea01151450aa8a04c021978b70,,
5255,da02528d2ac0b705067ad134179791d2,,
5256,8d591bbdb85060fdda5c3c85f29ed9aa,,
5257,afd44b28311688efd18669bd0d463ccd,,
5258,bf8c6536be863b2e21d467ade2972889,,
5259,0c21345669287d5b299ed8d7d0f6e1c2,,
5260,a01a079113eb9c126a407defe6571315,,
5261,a6ff29f4165716b6fa1ef549346689b5,,
5262,af41a64b57d2f3244cab6f912383a6c1,,
5263,74270feba7d6ce664d84065e27cfea6d,,
5264,69d0aae1adb4068191d4b119e45bfddc,,
5265,d81ba550a78a80c03fc8920a2ba58dac,,
5266,c1fd9dfbf6a743763409b6d1a26ab29c,,
5267,b8ec9675d05cc0c83f4b1060d5a71cc5,,
5268,a8321af1b53320df308a2dd4554fff52,,
5269,bde4648639af6c2a3872086fad035077,,
5270,d2acc357f4126d54cbfb4ff7ed254616,,
5271,a1182a350f2f7c5b6d75aacaf5aededc,,
5272,c81f511f1a4c64ea7f20d8c47654632f,,
5273,2df70f54603d1288589dd36d562fd88a,,
5274,955f09b99664b07b0cf18768c84f2253,,
5275,b90fb52788bc4fc6be21377c096008c3,,
5276,815f7c4e93ad872cb7b7281bb98625a1,,
5277,1785c37e3065cf68c0ef04d6fdb5dbcb,,
5278,be403ce415609008605d63396869ed2e,,
5279,513df48401c90bccafdf9546dc25909c,,
5280,019c1b40e6ec7410e8356c5d8d487954,,
5281,c06212919dd85bfa05a7d2e0a12a09c0,,
5282,4c268d06891916dbc528a6de7d953819,,
5283,343f98a6c6f9fae1fa1717899154ddf4,,
5284,0b60ac39ce977146c4bd7978d62bedeb,,
5285,42cb627feeceb770537e6c322c763dbf,,
5286,5a8ea27b08b81d698970b6eb520a05dc,,
5287,0feceea983889baf5672d8caa4e22781,,
5288,c5d7c8c63d643b98b45fe2307970c45f,,
5289,9d8ab96e43f381bff9816daee10b7100,,
5290,99052931c444660b3edeeb5e9279a4d3,,
5291,aeaa36ea58cad0b8121e59321ef1d41e,,
5292,1b02a0433382c74a83904b008dab6a92,,
5293,40d72d6f5f5d4f243e448d8ff1838f2e,,
5294,d6807acfabc838eb944b797b116d3fb4,,
5295,b460d9967f78062cb285d1bf3bb62d6d,,
5296,100baa8d87e72b100609e5a07c43fbfc,,
5297,2f3d3eff62b40b0e7a14f0ccbdfde2f8,,
5298,29d70921c5346342007bb79603c58303,,
5299,0b1775f64d774ab69e50fc0d7a124036,,
5300,96ebc7a4719a1f87e0d0c6623e32e48a,,
5301,d11c87201830d5e0b853fe783ff28b70,,
5302,940522873f9f42a4ded21600ca1311bb,,
5303,bf2c8f063896d5f3ca2a0f2b4d70f825,,
5304,1247e37756a0359a031295879d1d4fa4,,
5305,81da1181330200bf01e70ecc233ba989,,
5306,7b5b2d7f86f7725b0ea4f0ed3b4807de,,
5307,01c669f3f6a18197285bdf357b45d477,,
5308,bae29f6c79dd4b58689b3d7351a1da09,,
5309,273aca7c9745bca16dcfb07930f0fc52,,
5310,ea676a3e54bdcabbb71961bae282e561,,
5311,83388ee25283c6bdc0cd5ed50b5fb50d,,
5312,ff41de2d80bba4b7caf3e0694922601d,,
5313,f541dbbdb3e9fa82dde5e3fcd02470be,,
5314,9881c5b73dfca7ca25f3a54478ef9570,,
5315,222b3051fe1a0783b2ec382191714e54,,
5316,e669166e64cc2980b026a1243676db47,,
5317,86d4621be3deca4f8d461e3abce7d585,,
5318,a4f80816b9e11c4ac2ce7ffc2a526cd5,,
5319,33ec4577b716c843eb1224b41204aab2,,
5320,9bd22fd158fa3999466350e7e5784d6d,,
5321,c7998028569a7754a0c07d3212ff1683,,
5322,0ff9887e50a45141bb1755c5dda1b8c6,,
5323,93ae02548272362cf8d6c949018670cb,,
5324,f8e31591718a4a1934728a9767c6459c,,
5325,3ec4b92b80df9b4dfa40abb1eee33f80,,
5326,4274afab5a0dfcdb8296d351150a754a,,
5327,9328dc3ac0b65b4f932053dcafde0e33,,
5328,efe68e8f9916ca5966a513f11282491c,,
5329,ed8116907ae5d014f5148edc44193963,,
5330,c20a575ec424d136d14d1eb9a7c7be7c,,
5331,9702e77a42c305656f1c099eafe7d7f9,,
5332,4f5d8deb371a225c6cc99994bbdcea4e,,
5333,9b1f3966737b74ae375dd220e56806d1,,
5334,5d46da93924a4b15472581eb39658309,,
5335,c22d0887c52a5d96461dacca3e869683,,
5336,f2681b7d31d93187bec658359690b57d,,
5337,b9967e5cb3505cda331d9ab422127d51,,
5338,a74b7e612f31cff7ed905e3c92ae83d7,,
5339,010dea54bfd0a4a1eb1c0719949bb4a4,,
5340,cbb3c71065b5c0dbc9ecedda2395fa99,,
5341,6b8e655888a58c55a714c15b849a2c71,,
5342,ee2e1b4ce5e5290833a9a98da2d72c0f,,
5343,173f4e37ce1592690c9bb78b99eafb1c,,
5344,5ab6080dede08b3dbadb29d87ea93c1a,,
5345,98ad56445792bbc98832ffa0e4f821fb,,
5346,1ce9b649870f923675d3d965a02dffcf,,
5347,9657fb90657d1914ee938c71b51b5fa3,,
5348,681468136874819bea62f9e2e3aae357,,
5349,e93861af06ca8a35bc36d1013c1c269a,,
5350,e15826e3b403aeca10aa2a512d3a9d60,,
5351,4a6e4585feeea9aed5244ccf0a214f60,,
5352,addd75f7f9ff775fa34e6a1d7b0b3f46,,
5353,ef53146fcc9c40a0f9a55897f507c38d,,
5354,53a0d392e204cdbaa181fe636dd62600,,
5355,14e8546f89ef3481e9f99eff7c7a74d8,,
5356,86ff52ec50c7e0b2b3549e9bb1524770,,
5357,101a772946573d407bb440a3e38c5684,,
5358,3431b6b189e8547fb02ced891b4201b4,,
5359,5e9c2892384ade4ff99f8296e8c51147,,
5360,470af261bcc43fceb068eb58692928d2,,
5361,a923bffcafaa9baa5f639e3911c18998,,
5362,72b9ca2c11e1a849e053013cd5e22d56,,
5363,52ac47312c73298f955efdf80e1059b5,,
5364,b0046f3ccf1c8d0535e0925a4dbc7232,,
5365,eb7b02d4576ffd98cbb4bb5c79418b3d,,
5366,42f5948e3b2a487ace2c9bf3ca7a5ff4,,
5367,b3bd3ff9e2f3a2d68aa60f937787726c,,
5368,f5d40a40e34f8a090f44cb6589c26900,,
5369,84bc390199b8e7466a020ca6abe11852,,
5370,ca66a5c35e8d7f0e026086d58922aca7,,
5371,7a40364bb1370598575caac647f1635f,,
5372,e28c566407ff5c15179ef801e8fbfeaf,,
5373,52e4b8211dbecc7176734c51734f9988,,
5374,fb5d4dfd933a1fec3fa1bd05f571a88c,,
5375,620261483418740878617c4e04015457,,
5376,867b35251feb629d68d6801ca1af88b3,,
5377,e4ddc57e6642607be5809a7fd02bd612,,
5378,77a4c2c4f65015fe548e5c07db9e805d,,
5379,2d1b57132c3a9858f4d983a10e07e9a0,,
5380,93de4c63c4fc4f7af571407a4c8d7040,,
5381,27b2b3b36533f1f516d6de5c9704ce76,,
5382,48b90b806560b21a02cbfcea8a2b3977,,
5383,e5328341b9864d0ab5fe5efc1a48197d,,
5384,a0295d7cbc9790650917d1d23c5b8356,,
5385,954e9c58e7e2007d308584e35368996d,,
5386,346cf9a23c4ddd3c86ac4d732424d9b8,,
5387,9127ce46a7d8ebdad6c877c3ea4624fe,,
5388,aca0433f0f62079f335cb8c727f9aa82,,
5389,a8a381e648b69bc0023ea882eb436bdb,,
5390,3546206e8f2a9495e81fdd6af08a5a6b,,
5391,f1154a0a76a952a3518092263a2db902,,
5392,b0b0bb292409f1613351c5a4c2f6a25a,,
5393,7a8adc17b081d43dd1131c4a9fffdf01,,
5394,d6a278e15348ef7d083adf43578dfdbd,,
5395,62e9867216981bb9eb06e9d14cd2b0eb,,
5396,1d4fe16db48e399d3967a6c07f4cf8b1,,
5397,6c31153c5dffb6276f8adee046a09166,,
5398,1e4a12af1b4c664a5f7c2b4460a1aead,,
5399,91ddec6cba7af9cfefc2ba5317d5f87b,,
5400,aa4a74ecfa3460efebc1951c29b5a96a,,
5401,b9cc03cf0199515ed4af44cad50b93d6,,
5402,867da7854ce25b5ca56249420b8231b8,,
5403,f5b849625162c608e13f0c04d24078d6,,
5404,072fc649567e358ff3c69f6e5c1f630f,,
5405,a47c3c9b14bea63ce59d9cbb5b0d3e2e,,
5406,0475c8c61af050d4e83d9f8d2ca27a7c,,
5407,ec98a1abb0df9d1de21534c1e40698ab,,
5408,74b8cd450974417d88ee617601cea1b1,,
5409,c4cca933ba31dd08c18b9b607b73d90c,,
5410,7e8745ed801d57aaf0febef1d2d9c3ac,,
5411,d0fb429c78688f034b93eacf642b8d9d,,
5412,8e4d95c12fd86268fb764544dd341c49,,
5413,c6795bc0a98173434f1097841b3c2b2d,,
5414,02f72cb5511e180ee7d2d1bf793233bc,,
5415,f40d42c43bb8256fd1ed205681e800f8,,
5416,4be06d7d1bc7ea4676a57de44d76f76c,,
5417,680984934a44ffcfc33f21b9b62f9436,,
5418,dc10032bf598b0a3268074de4bb2d7b6,,
5419,45a9d45f2407a6c68d665e2327f82cb0,,
5420,e25cd0b5f706ef2832ca70854f526b2c,,
5421,b8a598ecf3d3351a07ef690f0336b8a3,,
5422,84def2e319d3289cb0bda6a3d252ec55,,
5423,21e4e2533162dc9eea4b2508b0d3df46,,
5424,6259bdf29094e9a832bb47b970ff8cce,,
5425,73b8d27f3bcfafdd94ca47c2dd9e13ce,,
5426,7f2957d2c7e3d8aaa8a74f8191b22a33,,
5427,37a8139578e30b6572bfd3d2145e6543,,
5428,1097d143ba39545d1ccee8e240044902,,
5429,af34155bb150ec04e0a358815337876c,,
5430,c8256e146b829a1a63f9658d5f879704,,
5431,1e150406bd29518c7c0bd1e8efd28705,,
5432,3f3f6a1f515cd9ae79e323a4759f0888,,
5433,526b3a6453ffd2eadc9e5e78d7399bae,,
5434,6eb1da90c9630e7c86f282c7eea4fe94,,
5435,30ec590d9ad752737dae45f47f2b37cb,,
5436,c0b74d23f8502804f3e047ff5129a57b,,
5437,d238858042506302cfc15c63db81341b,,
5438,aa62014192d20318e7dbf1ccb091499d,,
5439,fe8e6d622955498e6d221940363f57b4,,
5440,64d853ef2f8fd85e3a9b09d3791780e7,,
5441,07d138144a7db2828e4e4efb8e144561,,
5442,af1092d14c91de3eddbcb650f631c501,,
5443,448f3adf7d04225d6e14ace5d1776748,,
5444,44439e60b5aed8d4d933254a6248de50,,
5445,433f2b1a2fae8d5143c1b5d7e63d3ec1,,
5446,8ce7e69e255980b50a2f8a7289bce5a6,,
5447,23dd7d82c52f1518ac5fe3324c5e8809,,
5448,2c2ea50438dabda801440d9ee961a13f,,
5449,7af4089a1002c57b8418fffe9c9f2eee,,
5450,93d61048971f66fca64784b9e2a0106b,,
5451,796470003451ea8980c4298b8413cb90,,
5452,ec27b4eb30828414d29c522e2a958756,,
5453,d069c3a1245936e89b9d7d8beff2f1d6,,
5454,3db32216102af6f7106c9124bf71d097,,
5455,a9752cd05aa514a3102e9d8f0edeb8f7,,
5456,6a118195faa9b1d7cce6389372ad000b,,
5457,8ca6ea383b58c9ed7f3b7bdc35b29761,,
5458,ce9bb158136f91131c260e1f37b21980,,
5459,ba99968b0499b6e2dca442a101a2259c,,
5460,c6d1785d67be481c683340160bf95690,,
5461,51e36cff1aec1dee198a6119c9b9a5ba,,
5462,6b083db10343b3e91558b13bf2faf62f,,
5463,896aebfb6f7b259cf57f240fb48fbf3c,,
5464,dc7825252bd5c07e9a31c0651c989c77,,
5465,dc90e9df24223e40ab5718a725b0b412,,
5466,7703dca0de143ad38738f53bee104632,,
5467,bf282897514555144100efbee376bce1,,
5468,cdf40333dfe2afec1a4c54d9eeb1ec7a,,
5469,6de1c3a8bc0ecbbe70b3b679ef52e776,,
5470,5c083ab21fc57c0954468ab46aa7fb16,,
5471,8900095e28a92eebb25f469b67d29b84,,
5472,58d13c5b7c1d86814e7a9451fef0d9d5,,
5473,aa143bbd830073e080e509ce3160d272,,
5474,c0dbbf2b29da2ef0cab6bc7032e7ac92,,
5475,abba5b7ada8a44b12d3d95a5fdfc4c64,,
5476,98c9716452737dafd3a149eb32aeee29,,
5477,9e1d450a04253ab097601c9934fb5e6a,,
5478,d52ec58700702eb7df937ba9304ad2bc,,
5479,ee810ac96bd9f15f5e06c372f6908c8c,,
5480,1b4e035a6233cc3d80ececed44532129,,
5481,144b7114a9ffe98d0318301946629813,,
5482,2b1ea815af8da3697c64c682855f9b3b,,
5483,e831ed42fe3417009705f6ac32c63e67,,
5484,38b316108a68f9baa9837acf06bc3c48,,
5485,a295d73e91c9f8d8d16a8c1a3469714a,,
5486,095647135b81501cbb9ba7fa58528e3c,,
5487,a26721b3a8229e8e5e995f7a4a7974f8,,
5488,61996024f501a34a002c0a6f775f6ec5,,
5489,4b0ef01c012aa7824c2f92984edb8210,,
5490,c54f0e85e9e4d397843314eed507d06f,,
5491,fc2fd27c7f16ed0c6f522ef43f585727,,
5492,f35ee5225fcd673e2e5ed50ab85cb43d,,
5493,1a083757c0cb74de08e3c02376732459,,
5494,09654a0e78754b384b69fad7ecc7ba14,,
5495,8450fcd867e21d490005f712b1986960,,
5496,3c0e4614fe9fc45936749d12d29bb127,,
5497,59a74456aabd8137c9297f345f431c71,,
5498,194bdb6540c1d8b3e65bbc1f7cb506ca,,
5499,c286cf324f3d429aaf5d3f903e5ce634,,
5500,bb2087bf01f0ef288c6e2fdb83b6b283,,
5501,bd873805550eccb5ed8acebf217df837,,
5502,8ef59d7cb53bf92b5c589f7377edb0d7,,
5503,44ad3d75a543fb590a02a328811a8d51,,
5504,780229c1e7700155517861f277640f97,,
5505,ee6c3d7dad8ab343b9db6ca62fe4904f,,
5506,bdeecdfb4808f38b4672273d3dfcad8d,,
5507,c408ca44f9993274b2ae440bd0aa7f29,,
5508,91b65eeea73dd7309880c990458e97ca,,
5509,3babb9b35e40e2bea17239a5a3ffeaec,,
5510,a7853adb32e2eaad4c9e64ba84691d44,,
5511,dbf5dcbbb71de7ae3df96f26193ea142,,
5512,363cd7b84bf86e6c8cd7073897b97232,,
5513,f0197942d5cd986426ed3550e562d495,,
5514,0c563af5c4dbd5855a884441d57c8656,,
5515,71229858f8c8f974e6307b1268e18e35,,
5516,157565e23ba28d5a42f63f34f3dd4425,,
5517,14d1af536fcad0a2463bd59d34c9f1dc,,
5518,b2ade8c8cf0f8da5d999e116da8cf41c,,
5519,0fcdf945e3bffc4de6384a63733b5572,,
5520,7a30bf7084d9236f6ecd0474f45fe1cf,,
5521,e02e32f144507cd186bc132d182cfdcc,,
5522,f38dbf8baa31d34599b8673cb0303405,,
5523,5560bd3b03194cf9cdb514f7254b17b5,,
5524,8a1520420384d8c11733edd40969effc,,
5525,b60e1ed2d6077edc44a270f349ddc1c1,,
5526,60ebd38dfc08cd7e4bb74e7930860c8c,,
5527,05056b81578a9c162eb0b0d4f1688282,,
5528,2babdf1162041d360cbb252043e5912b,,
5529,d4937c7e9d120469b686ff5d34e71fa7,,
5530,be06224070078f6c0e89c247768c7cd4,,
5531,e1a3d7ce1d228476a21c53138fcb74fb,,
5532,c91a4333041f727dbf2ad1da6f6edc5b,,
5533,97b4082f63e7c2840615c9aacf7ba0a6,,
5534,585673c1e2a7911db8386224726284ed,,
5535,aa96214fca7ea520191a2263f0ee6ac0,,
5536,4721d191d9f8a869dc31fd220e5bd1e1,,
5537,d036e99b65edb7c803b047c4d5f43dce,,
5538,82d263e53a729615b6dae1d57c67573e,,
5539,934c0766674a11be1e32de11110ebb0e,,
5540,64da3d4f81810f32e01269233955515e,,
5541,c33ea46fa0f0ccbf4cfffeb3a849789e,,
5542,d5c62bf59f3fdd7e8ae2280531e1bdfe,,
5543,5a2451b90bf50e1043781bbb8eeb2bec,,
5544,efe3e59db69aff7eaab601851bfe16c4,,
5545,647d3abfe758692da202e00ba263b41d,,
5546,b53db1580f4195765d45ddd7c4907e2a,,
5547,dffa5e1d1d4501837cc9aa54a56ae1a7,,
5548,36d601499ced6c8d29d9cdd5a42db4cf,,
5549,a57fce3a0a40fcdd2683b9c24739dd7f,,
5550,491f1c9e8e27e4660ed001d968610ed6,,
5551,e7ec6453face5f38923755adeeda2677,,
5552,3b652857672846746e7c0bf4b8aacd9e,,
5553,8c64bb74f16d4a6c44c9b8ea5dee8543,,
5554,6c1ff5288e07d67d22055a334df30094,,
5555,9878c2c100b5bad2fac735ef46a0321e,,
5556,11987580ef3e38921af9931918c88a26,,
5557,f68bf861425327bc26141d726d8fad95,,
5558,b35a329a109e2b210463e639c8141f39,,
5559,c4fb78f4b25153789d8c8b22b938d322,,
5560,831a2fad5c59622be5379646085367b2,,
5561,c10eb86a927f359f5d1e573927f19945,,
5562,e7f7bfb6b18e3a24a3d5a6815d796bc7,,
5563,c35fc589e87f909cca09c2d7334cff5f,,
5564,05ae9c45c764c3e40da1e8785a688852,,
5565,c747ff83cac833b059fb7562d5f77a5f,,
5566,a90eb0863e245b99bfad5989bece9f6d,,
5567,1d46f4df1dfdf3fa0a06b21e9f9ae99a,,
5568,13c7ba8751e64f63d0e81b35bdadbefa,,
5569,dbcfc69f6726c51aaa6381efe5bbf8c6,,
5570,01642d24ac5520681d6a20f6c42dc4fe,,
5571,38c56b3621847c17b9cd91046d5fdb5c,,
5572,757ab0daaac5935f83521a2e226e4fc3,,
5573,35f629e359399d425289242b698b3f66,,
5574,8b9a688d97ed3104b1ca96883df272e5,,
5575,b2fae9c1a4c6991d1d01c1fb6df00476,,
5576,f178a31a7867a26c9e4ec2e6efa32f1d,,
5577,a09f18e1b9cc5c4874d683b06dad9802,,
5578,782b123f591d199d327080d8a9d045d1,,
5579,ccbe967c03ac80d44beb5a92167730ea,,
5580,140543a4d39b1a3ed0fce740ba2feb3d,,
5581,02367dd4a62007ff4dc3226886c93f47,,
5582,a599d35b7674406256a5915ffbb23e33,,
5583,d8c62816ea17d4c932ed87af94647142,,
5584,5c49f67702374025434387903daffdb7,,
5585,38e41caa38bdc405984285a96cd11436,,
5586,bf8c6975590c3aae1b61720457cfbfb2,,
5587,725d408c201802a91191f299824b0a3b,,
5588,8d4ab7ab94540477432ec85f1182b0a5,,
5589,9c5565193a8ab6ddc3b303bc0a9cca09,,
5590,90169c13e631f83d6c2d9263be03aca3,,
5591,4ff695dbae442434b502b0605fd14675,,
5592,897ba1f3a78695935baabe54f649e95c,,
5593,836e53a9dcd0ce941da4e0c6d6fa399f,,
5594,99fd5d6b1af78216755f9b6b80b70b2b,,
5595,18eb49f9b5f5b45b3a93717ec10bfd7e,,
5596,f39af586dc4bef6567f64608d0e25607,,
5597,3a1ddf8e4a84bd270520fc080f4a3f0a,,
5598,13707d91437e3023c635b4a1c5c25185,,
5599,a8f2080a44dfee4946ac69a53e8ed0b1,,
5600,d824fb0c3c990c807b57825f66716839,,
5601,2a560b45f1696770fecd76bb8ca75c59,,
5602,85ae912d1e6aba77299982dd4b63a9e8,,
5603,ab58a4a56d41cbe525cc50810dd2ce3a,,
5604,251b6517db8b1474cfcb5c15ef53bb33,,
5605,c49f20b19b76949ba8e8a68fc6a97833,,
5606,139aa5db6376a70044c4c6dd6f4a6666,,
5607,9362e969027cc9260ceabfcbe2a7ceda,,
5608,a7ccfb5e344fe37664d48fa0f5d2d4e9,,
5609,ff602bd9652640d4b534d7a78fc64b6a,,
5610,0356fabdec47163b6ad35a2a7b06647c,,
5611,304a3ffc48df61727191b465d69f9544,,
5612,1fcf738e075d2efad20e9b1d6cf3961f,,
5613,f9c648dbc50dc200e49e7859ca7ea949,,
5614,03717c12ffe242a347cdfd9d13e6cd76,,
5615,68cd3aee8b7ffbcec0eb9196c6e3150d,,
5616,50a2d366ac2a7467c3a7aea06cb1a676,,
5617,9e06a908007f1dd46183826db9e80511,,
5618,1f060ebd06b1a771a40c42acf064f694,,
5619,363ffb07f4452fb7c504b9f3f73f6bfc,,
5620,a6da01c66cfebf7492f28f70bae9b5de,,
5621,7d579241dab0290d2f36f36ef460a5fb,,
5622,3eb6557970969fb02f3429f7ba779c4c,,
5623,0e9219ba3378fbf1de1743a53f3a0c18,,
5624,6cbd13aad5efec0454b8168ec8588cb6,,
5625,5e4c64013fa5bc2c652e0bc5479be8c4,,
5626,b20b5b841b6f7c1726599e067de01bae,,
5627,a51ee6c01cc8f18d48a70116f0ffe700,,
5628,53f4825dc7b4f778b7b0a7baae38aa9f,,
5629,4e1247214b51cb4a801fa001251195f4,,
5630,42bdc13df1e2910577c98462716c6075,,
5631,87c242a8e7dc0e5636b0ea1927f616cd,,
5632,f5096797acc9f645ea8674d77ca2418b,,
5633,81e8daac3be77e62ac181304eec1ceec,,
5634,8ef71bfdde4f67ce9c00e001e6946f5a,,
5635,2f711ff54c15f3d9d627cb5e98b278fb,,
5636,577a95c3a3a0fb362b7282fdf9311015,,
5637,d18c24df948f2d59ce38b6c97a0045d0,,
5638,1f722fff98986499a0aea339cd05a75d,,
5639,ce6346510ef11552a1e8f186cf12678c,,
5640,61f60c51646f693dea9c21722c075201,,
5641,23da95939f6c2de791206800db861c1c,,
5642,a1ade7c9193cbe3b85a7169e61613365,,
5643,f9c41c926032f8ec5db4c05b86dd2749,,
5644,61a5c5faf9be923b525a4a57197a767a,,
5645,de06480e9ad90fd6fbb3b2496eb6d35b,,
5646,05a377208625fce1afdc4878e3185ca4,,
5647,3ef789f8caa7186261ad9f77bb552c7a,,
5648,87e53ffce13cd04e1e3fb3c1d15f4961,,
5649,daebef24cda2600dcb449a78a83c1858,,
5650,e0311e5009e8850659a12533811c9cf8,,
5651,f4303e98492beeae556655fdffe44d79,,
5652,2f5d00dfbc4e77e4f7697265826a2c85,,
5653,144fdfa6434011495a994327bff50aa0,,
5654,028098c36eb49a8c6aa6e76e365dd055,,
5655,af994df40907edf1c3aefb45df954add,,
5656,e1ea9ac9c85d0dbdadcb15aa7623c951,,
5657,ef354802197e3eaceeaa43a62e39cf6d,,
5658,75be11818843990c70ba0b6ed753f3c0,,
5659,30dbd061bed3964c478e64269bb5870e,,
5660,41d8bdf4fa44175df755d930dd4bcf45,,
5661,189088d279c4cc2ab0239a9801867290,,
5662,86ffb5b169bb7a72dffdf930233a446a,,
5663,c8cff52f615d95917befd491cee1614f,,
5664,f8378b8015beeeb34813907f223dea6c,,
5665,e004796dbc56fa09c543d415a360c17b,,
5666,6210ddaf9f3e233411579da0ea9a0484,,
5667,1d5d638e25521b927dd533db4fadbd46,,
5668,fca194bf832d659b11ec2a1c37492094,,
5669,7b167a43593cb2fcbdd16b62c995ea2c,,
5670,91c2ff4afc2ebfc91581c582ac5ab3d5,,
5671,450f03b3f86c156365c1f7ef8e38f995,,
5672,1d5020566df10aaab6c523721ba45f0a,,
5673,3155aef3abdeacd75a4758c212d93e42,,
5674,3b1559e5fc7d3efe4dc30643a660e6be,,
5675,c1694f89b6514a3b72fae65393f252a8,,
5676,b6cffe7fcd24b70b911495e4120e6d84,,
5677,915a1e409a2d3349835d09098e364658,,
5678,8e74810e59ad22578ca909985e484cf2,,
5679,32c85855821eeec7bd0be47969b89680,,
5680,b0e4ac380ceb1b245dd4fe6052913919,,
5681,77d2d284e6b6962f2761d1d37797c465,,
5682,991d3df8e3ce4a9f4b0edc588070b0e7,,
5683,e2c1421a3794ba9dc1673c6509628485,,
5684,fd672406fefb198aa1c5822e90c6170d,,
5685,17be66f0581d62f5df1a4df6a3f2954a,,
5686,e05f477f1d1693f8b4a5e629bb0745b2,,
5687,bc57d58be4d2adc326b4dd33e892d143,,
5688,84da53ac6f8828a494a0a8c52a6cd158,,
5689,b5343f9567df8a68c3276f8d8cdcc6a5,,
5690,7c9f666901629ca31c8dad289aa18211,,
5691,b18d48f225df58944721b5b7ed123313,,
5692,cc2efe261a8e7d6dffbd3aff1f33d439,,
5693,6b1b56ad6d3f3c7d46a82dbe738cec83,,
5694,a636c467e154d0a2614dc186b57baf5e,,
5695,2b692574e216f29a6c1b40d7ca36c086,,
5696,a72727c39add8982af8cc5b32822bb40,,
5697,c5b17673fd678b4b919933612741cab6,,
5698,798b6d2cc34c30279d4155deebf16647,,
5699,1eff40a181bdf4e036ebf8fecebe8b20,,
5700,fbc62ff5a781cb9a2785e7100f234280,,
5701,e28b4d3bc97a2a495b2f491813036776,,
5702,ec550454bd72896fbbab24e1146cc904,,
5703,02ed1bc414852efe74deb5a44bb86336,,
5704,28e51d6764c6d71b78406be1fb53b76b,,
5705,f6a5026c3875a441ac93945bd4ba9c18,,
5706,97b7f54f14c7755f68592de20ea662b1,,
5707,8e0b93677c13fa18872839b253c1b77d,,
5708,9df49d12d43e709cb6b1f4c5878e8917,,
5709,cc49ab08ac59448bd5158ab994eb7350,,
5710,efe46c2ec61f23ebe0953e0777bb7e5d,,
5711,c500818f3a0e7d3a10a0c567e9665035,,
5712,cb4dce32e66ce659b386933a77ff59b1,,
5713,9647d18e0b7bdf8eb59982acc6fd3727,,
5714,aed7330d040f019f279d673133cbfe53,,
5715,bc1cf017913e28ca316244b52d1fc59d,,
5716,085185a62d672e6ce606260f602ac8ab,,
5717,7b662caf1d1ce381c184dec903a20483,,
5718,45abd719007c004e8b172a18bac7d2d1,,
5719,69f32b20f51e4166809a29e594764865,,
5720,9503ee570d925c0588b90264187fa18a,,
5721,fab2f719bbfc6e8f0780aad563097282,,
5722,9079ffff621fc4e738b65b66587bfa47,,
5723,0febce723014e9ed2afe3bf5325775cc,,
5724,9ce336287e80a2fc09fec22259e3bebb,,
5725,71558dd96f24a06b1d3c9db21c183bd8,,
5726,e2a4545df1573a6e824d3c2f73c060f5,,
5727,55d91c32710982de78a975ed0f45395c,,
5728,620a6fbf50a7463ed0a8932782d7b969,,
5729,30b5ee6b12c39a6b22f0ed0875e0452d,,
5730,49baf3efa08649c094e80012393aaac4,,
5731,4cb0031225cf215b6566c3bcc004016c,,
5732,e479a841de401149c4f149ebe92cec7e,,
5733,91711a1d263ddd2559f5b91669cfcb4a,,
5734,22cb30954b18a319b87b51e7036deacb,,
5735,448886cc21e672bbf711badd2d5b01da,,
5736,46f767c8c76697a603e52b56a33f86a0,,
5737,042bd2100df4934b520a4c0c3fbe1d6b,,
5738,f6585a3970cea6d6b31cf28f0a7b7c55,,
5739,998ba3a62b969bbcc7799b9e75202f39,,
5740,1b79e625b909d41c61c81bce580b1c97,,
5741,cca03fff371929086f159459f7e7fbb9,,
5742,3acfefa2f174d9f3f555cae12f5394ee,,
5743,eb81e4b7cf069e0660b747b0da1aa1a7,,
5744,d0c4142647b620df5a8b8e5e21f970e1,,
5745,102aaf6f71973e1fe82551918255ba58,,
5746,c64c12966d164cd0bcc6bfef4ca95500,,
5747,d086283d558caa08041b9f13b1580737,,
5748,98b21ebe0f82df97ce203d54227d5744,,
5749,84271b2059eff69d4cfbbb59670b8592,,
5750,f53e64ef7fcd2a2074e0724b2efd4b32,,
5751,1ebc8e2c122b49ce263fdd8d7839b029,,
5752,282cb9398d53504c4fdae1e18d2dbfbf,,
5753,0aa6472328e4807ba54a807b8332da0f,,
5754,e3e660456c62fb96e17658af48b3e7e4,,
5755,fad1b577d2eb44cd0d686af308422638,,
5756,0d495f9f23cac774653c41214c574425,,
5757,dd52af5bb1333bb7ce33ed9ca36454b4,,
5758,7775b519430c6dff66beb29f1cc9f003,,
5759,5a5b227860e8d559b45519851908fb03,,
5760,b272895e4dc95112031833596f94621a,,
5761,15be10044a3e4b704d0822432416fde4,,
5762,898285bbfe20c9dc5ce9238a9cc6510f,,
5763,071adc8288cc111233b74980684c3552,,
5764,831183f19516eec017c0ec264ff75eaa,,
5765,c14b6d70673f900385abbed2703501bb,,
5766,50f74e7e621541065c3b5955d41782f2,,
5767,a1bd9874f482d6624b437a5c38f4c55a,,
5768,fc5e5378432ef4e92306f05b309c4ebb,,
5769,562ed7c01bf09ec8162007d798ff0b51,,
5770,b61a1c350af793cba5f2e936ed314627,,
5771,2102cdaee1284c7da24effe67551ee87,,
5772,e62030f62fb52831cb29a000510c94a0,,
5773,c0198f7f142f6c3b812ba2f7917c17e3,,
5774,166631bd73e53e8ebb1ab844dcd6d3dd,,
5775,449eceb8af969d35147598b1ccb828f5,,
5776,fb61630580f124fe00a2b7816cd483a1,,
5777,0ce4ad46cffd5d3be84513fad62dded7,,
5778,fdc20a833738385bedbdfdabe9721bde,,
5779,9665b32251dfc1c438787d36e8b66dd0,,
5780,47d449fb0df8f85e9c7b2b31fe07b485,,
5781,d170e740852da74410caa708246dc4de,,
5782,49ad3b1fca450036f56b4844f178b837,,
5783,ad566960d1448f7dd463fe507e917556,,
5784,a0df9f687c355120bbaecf0b38d21181,,
5785,bff2576aa2577cf63a76c2917c3bc387,,
5786,957b6739a057adf1eef9ff91f31afe43,,
5787,4520cef8cba78d1b80ed7de894c416b5,,
5788,78492483abe19fd7ec29697e2c87557b,,
5789,005e66f06bce9c2e49142536caf2f6ee,,
5790,7ced88f60bd744ea9b5b8b0527598ed8,,
5791,4f3009804e0c17dc7431a57a0d2e544e,,
5792,c166cd559ecbd36762004e302c2a3d0c,,
5793,6fd6b536110b95a0b8c26072ae5a0c39,,
5794,7790f122a65e43cbf84165a610eefcfd,,
5795,4031bad3ffbcd79f42330f3853bec9b2,,
5796,a3a06e2c06260de535916eaaa629c466,,
5797,28773bed9737ae69d31bee2766704c0d,,
5798,36909d9bacf3828022000e94bc4d02c5,,
5799,5a147e41134b03ab6a358b3db92d30ef,,
5800,c192a7c5a94aacbb3293267bf206bf5a,,
5801,f4252060c37bb037f3b93a39e5a4819e,,
5802,eafd9197171d786210aa97a3bd9f74e6,,
5803,86c1e0a1ff57b2fcf24955c8ec925f1c,,
5804,60a2e2fe245ac94e689d5786e86a1bbf,,
5805,6748bc59dcdccfef45a9f45c1dac18a1,,
5806,4fe6ff5410a3de6abc9aa769198ed26f,,
5807,2b4e8eac6e778eddf0fe5b64e7ab47a8,,
5808,73f6bfb643e1d0d8d3868b7f1f0cd33d,,
5809,d1de8d4b1b39a0daeb0038f93931665d,,
5810,bb1e333665a90e75ead8d00100a8ac3f,,
5811,80f7cfb8ff20d9aa8eebcd541d0d5fd4,,
5812,fbf1493e0d0f80318eb52c41d91f2180,,
5813,0d7666fdc3372c68a080c612081e2b45,,
5814,9f54b66fea7733a969ddabccb7dbee77,,
5815,89951a13926913dec08f584dd1830c8b,,
5816,055dc74f97a387fd1f12beb64e1cca76,,
5817,932c710132acaf350cbc949b53417207,,
5818,7626a74f93075073e51994c4f3c5f2a5,,
5819,f6ba42262cffbab640e3da1e6c36a0e0,,
5820,53cc16aa53cffa0f5819bd9f80c27f44,,
5821,d1168f166a7884c4871b6948f43b273f,,
5822,953b9d576b5d252f0e25a866c7a81f0d,,
5823,6eba2d72fb7da7257125ec86e938f6b4,,
5824,5d1abefd41a6663e33995134cbd44838,,
5825,b22a805186b5c95212db780854e5d2fe,,
5826,9c03a2d8fbaca4009d887539b1bab17f,,
5827,6e52a788e36a88c5267d49e219051d05,,
5828,720fbd3ae39bbc0f60fbc61313a400e7,,
5829,591da133fabcfdfa629d09729d356cda,,
5830,45f109ea3026f40eb2d44209791eb3ca,,
5831,d37a3ff1e6b13f61d194187c478bfef5,,
5832,dd9fbfd8ef47f7ce437fac74ea034f8c,,
5833,738e10c912a9f554aa16122f48181c50,,
5834,99fb9478334093d729eeb281d522ed63,,
5835,ce11c35b78303027cbbf715f48c0817a,,
5836,7657e325f5f8e11b05ea3428ba89b53d,,
5837,12a318e597b0a4ac2c1cde0584e39206,,
5838,5d33e6224a522400d7a4bb76e47fcfbf,,
5839,39830eda8211aeed9f46a835a835d398,,
5840,9ebd35f647f01e62772ebc4fa30d8a99,,
5841,d7b172212f491714565c0ed41b95d0fd,,
5842,4695453e7447f0c2266995c8dc4c0f78,,
5843,7537c295737f3a982a8859919c962c66,,
5844,be8ab2f5639440c2f2bb8680a2937d1e,,
5845,22929b2cf2dd413c3a4f6f737d02a74c,,
5846,a2e0d1c14db909be687d445cb07f786e,,
5847,053be6185799c8688b4988b7085c7958,,
5848,6d0a1caf87967cd36a6a2a850f8b6c52,,
5849,b01f92809dbfa747dc4d1881f400d99b,,
5850,172fa84ffb4f92d432e8a805dd772a01,,
5851,45e450648c66601b514e55a12ef4fb65,,
5852,f3f3bf544a7f055fd753352e25ebc8c6,,
5853,afb786dcd4f4e52d53fa777db9708d02,,
5854,eb18e2e49ff4b26634ed4737a7d48b2a,,
5855,5acd886e33ce9f50a7c738c4c3dd8503,,
5856,88281522d27ef85887810dcc0cb89b14,,
5857,c707c255c4694985f6f68331571bc656,,
5858,52b651323a91da711733ee07620a32c4,,
5859,bf8add8e1cf28e124aa99ef2d0e15538,,
5860,6d569809f11e6e53918dfb1609fb0d83,,
5861,e1b8d76e1ff3bb07fd92b1512e8c4ce5,,
5862,3c027405c5707d7ba2b67e75a652ba62,,
5863,3ff30b9406f4c44c9b8dba47615f1fca,,
5864,138385f6db299b22afc13ea6da682c8d,,
5865,451b173c2c31ffe1cdd3528da102b3f7,,
5866,b4d3c41aba928969a95504bcd3f39c3b,,
5867,64649896d23df686ff9bb201501a40e3,,
5868,d4e11ec26633ed74394b8df2228bfb75,,
5869,38ef6c8f4020a8fd27316f43493aec40,,
5870,ccb6c208e487f82032ab9c82883e4b31,,
5871,6af8999282337b9d7255ad5b12fe3909,,
5872,04b2c7aa40033c3fb67096b8327f324f,,
5873,2130725064d39284b1bdcb57aa584dcf,,
5874,deeb50b02c8697f44cfef9bc2cebd937,,
5875,d088f8e0bbd26aeec7525368606a9fd4,,
5876,a2203e3e55982d90983e61c1dfc3802c,,
5877,135e69f222d3c272fd97a5914341065f,,
5878,0bc4086b7c5ed0463dde3926f10fc298,,
5879,0e1a2cbd009133a20feeb1e4bc5a2227,,
5880,be1573a19286fcb2ab6fa14b32bd68a6,,
5881,184ade4deb68e6299183b68f1289ca5b,,
5882,37f5f5eeed547c62c951aee3ecdc97ee,,
5883,281b539a237756ce1b75fcd7ac2a27de,,
5884,102457e538762e4082f7ee8a4d1a9e16,,
5885,32411bf01125a6d4d930d4efd76b46a3,,
5886,867b4fa9b0b2cc3aa0bafe948d72804a,,
5887,1e751c3e6fd07ca73ff1eb2814c5335d,,
5888,4fd91f9bac6085447210f42265dbcbdd,,
5889,1141ca7040f9f32bf84531cc1b1d9f51,,
5890,9cb13cca3ac6868be386485a3cb6141e,,
5891,482229d3e8333944feebcc85b6b90823,,
5892,c59ab7f1ea4c892a0845646933cc3b60,,
5893,435734d7f2f72864a59c326150f06909,,
5894,838f568ca7e26cc18b1b247f9e6bc20d,,
5895,a20e3cf8d960065a501849813bd2bef1,,
5896,16a7fa5280ee932e6410f1ec3ef39a39,,
5897,d2eee81a3492a7577e45e6784e450de9,,
5898,9f3e77cfdd5dd3cb3de45467d5795bf4,,
5899,ed9a9b74e2c08c506767af2471d9c1ca,,
5900,85b7b5e97f0556d09761a365234f1ac5,,
5901,4968e5f9e8c2d58318e33902e4617575,,
5902,a08bb66f1450552e0f8d32b4e6a89254,,
5903,784c60e4447c017aaa12f2013352b92b,,
5904,85e36b2e92010c5d08a31ade8df8089c,,
5905,177373821195cf33e7bc4c8bcd089a2e,,
5906,aba574a94fb785b55d302e82a61b34a2,,
5907,f30cd94ed55475f5a660fed3cd4cda58,,
5908,dfd65a2fbb344285042b710b92c09048,,
5909,c702daa79d7eaedca929b6dccb0913c0,,
5910,11edd2e754f196b7655508e0e3177fdf,,
5911,c7b0847043525e321b2c48d04cd820e5,,
5912,0ec5bf6cbb0a9195b4db46173203a848,,
5913,d2fa7b7e8b5d7ac158a745839005336a,,
5914,acde9000c58a22bb2d5adea3a7be531a,,
5915,48f4ff8f16b57774f3d7a0b6fd8d2f73,,
5916,7788ddca67e3faf4da246eacc60675a3,,
5917,73f0114ee40c98cb1b85cd0ae6614e67,,
5918,30b055a2178ca6019b4d891dfe253e6f,,
5919,ad155660b0018e92984f4ea49e246731,,
5920,10d3ed411fb2f2e829fd5574e76160cc,,
5921,e20c73041c5c5ac83c20a7c669f46e9a,,
5922,e805fcf7bfd5a7cd6c652c1ed288bcd8,,
5923,fb25f7ff2cc4e75558a70c33645e3fb7,,
5924,ceee1afde9b68b8b353407a7358aa48e,,
5925,1d3b91cb4283e31af1436b4f55396623,,
5926,b1b0e643bd13df0d2bfc1b051e2bd0fd,,
5927,a184260ef13d42e03b958406346024e2,,
5928,6c4d9d0e4e2c5d27843e7543867757a4,,
5929,ab7ff59557145ea102e3d63a77f6a555,,
5930,9cc7337bc135bcbcd03ed631dbbffe62,,
5931,cd8d74b77f1fc44b5fb034049913af43,,
5932,e948b70d1e102a039a6b93a4be16b323,,
5933,3f7aa0cadbf025a6bb6d728412e6e100,,
5934,06a6be84f9a7b7669f27956175566d90,,
5935,3eefb47612f9bce4c2acae49d23cad0a,,
5936,a3f49b7a86a44a8d36947ed35d4dc755,,
5937,da05399168ba25410d90c05f8f603012,,
5938,e217ce5f6636d9e434d663b45eafffb6,,
5939,2f4f8ac22786b2606a4e307d9cb116e0,,
5940,bb25d84b4c461fad076a63b4a048c811,,
5941,31cf52bcc7a77d04bb82932c235c796f,,
5942,e04ea71e821b0dffc431297b25b359de,,
5943,c6c9d038c0d0655738c3845ba21e4f08,,
5944,aceb8bd7daf96919fb9a126340671346,,
5945,8887984626edc8b93aef010bf8357337,,
5946,155867d947fe378bcce54cc1adf8acba,,
5947,f331956c0ae3f7b276a7792cb9a1eb71,,
5948,610489a9612f4f28cd140e8326c909fa,,
5949,58e55ede6357406f7868d3c58b80476e,,
5950,ce81743c50635f1d90f3fb8ad3d00858,,
5951,66c3f1134c199363086f278ec30c3e7a,,
5952,e887a1f9af6bc40cf27342b0644ae23d,,
5953,b405bee054a43274351de90a08d9ea77,,
5954,b604630290e6316c1cbc586733ed08c1,,
5955,8fb2c0cf4f02d156bf2f9511b680a25e,,
5956,3ce5f7d0e516baf38c6f8e5a72813a1d,,
5957,69a68245b813fb5a105dff02d32c6143,,
5958,e5d03ece04ba42ccd467c582a92d667c,,
5959,f0a8558af34576324861180792ae4de3,,
5960,0bb6facc3ebad1582fca77968ff757c6,,
5961,d2c92272a7d4464173a9488c6d0c41ed,,
5962,e1b7c9220455568017e53ed7f49dea90,,
5963,c507324c055ea7ec7a235159dc97675e,,
5964,bc7b4618df125b73c9bc485981b3d210,,
5965,1c8a65cafba1a82092bf5ff231205f71,,
5966,72036c2e4652e2ebf2cf22c10d138c35,,
5967,04c64f01e704712be3de4b5687f9bc9e,,
5968,e8544928657b8fbb4fa8d67682ae4ee7,,
5969,92fa83d9c589d7c819d52fd8ab461241,,
5970,45d223ee70909ce1839b31a988beec22,,
5971,80b57cbfbaa4a0565a5e4839c24223b6,,
5972,0674b9bfe2d2d8aa7731b02eeeee6be8,,
5973,744b4c10245f313ef771961b66e0c2f5,,
5974,e3a1849122133e531799b1e11474dfe0,,
5975,9e104a2cb4673ca26e8bd8e9da71e895,,
5976,c4e165cd0d565c8cedb6c8c0a59746c3,,
5977,bbd340933e97ab8f6c9e25d4e8d1285f,,
5978,757b927de93c8083c392f2248529d29a,,
5979,65fc1018a8862bdbe4d8a063c3130a0e,,
5980,9244b109ff28b15a04941fbc00a5caeb,,
5981,66ef5a1ac8776b33e09e53a852854cdc,,
5982,947778d55b7cb029d9b22bd048534fe5,,
5983,dd9df5c972f38a062d8861f5b4513959,,
5984,9deef6de4a5c3c2be5b8325a36e59464,,
5985,ac8dd5aad49e4404fb74adb43e041a9a,,
5986,f64bc79d13c9006047a3d4b50601599d,,
5987,275adc34d57f1e6ce223e7a462569fbe,,
5988,ad9edb9b14bbf3ae9abd4f861c5462c7,,
5989,17234e71a8ef40303017a71da8988a9e,,
5990,56e6cfc2a0ae0f493cf1a98689ca2afe,,
5991,08a06fa523ddffc4597efa05ef129f1f,,
5992,cee96dcc8648f60d9fa96e7b5f5fbe09,,
5993,f136c04bb54b73543f234c0c6b51ad41,,
5994,6aea011ff6ec9fe22091bb4cc83fe56c,,
5995,a109197ed889dd998c52e3f9d0bd98f0,,
5996,9b53b228ff67761f58de2688904b4837,,
5997,2700883b744706feb3a8b1ec69563ee9,,
5998,a18d6821151df6f86203ed6812b285ab,,
5999,64a5241c55374047bf1ceb772e0e2d43,,
6000,5d35e9a318e04684020a42c3a2ca19fa,,
6001,9dc4c474c8f4f01ec503bdcd3043e10a,,
6002,838251c48dcc5b79e95d4b9187068afd,,
6003,422a2040b0229adc6d3966e748805913,,
6004,3b7f094d2e4a2c14d38961d386f9b2ca,,
6005,f8bbd9f35c9970d076f524fa1432d9cb,,
6006,c3967d215e9b501c70e72ae95e8dac51,,
6007,cf0fd3c2ca4f97a09395122792cc4f76,,
6008,ce6a38ef5d41129056e35b787bbba46e,,
6009,3858dedc8e091fc0315c50e7f8d74a56,,
6010,c3e5fb7918f8ae0763e32551e8abfda6,,
6011,f37aa1409648143ff45aa2ff7cd2f008,,
6012,3f5bab6cda2430e7cdf7ab27566599c8,,
6013,05f79307ac65a11d52caeada92e68949,,
6014,69ec87fc8b561ab7d3ba7b86b10e2356,,
6015,b46c4edcff56e7b988cf391e4e5091c3,,
6016,056806d7a40db6e21868f74a6f4fccc2,,
6017,efbd55aede0638c4e82fb065d40fa238,,
6018,3fe714b813af46964b35be3b5dd066af,,
6019,2c4a4e772b6e021261a3d4c9fc654132,,
6020,0e50d62c5d764fabebe2a05877bbdef6,,
6021,896ad51054f2f9f44429430f3c52adb8,,
6022,1d7d62aa2c349f831a43aa023412bd1c,,
6023,b98c37f6daa324286df7b426b42cf3d9,,
6024,318cb948ba8cb28995204b0a7ebba6d4,,
6025,b2a95b7179df7147ff66d41f1b8ed8da,,
6026,6a363e70baf98838b0093f9ae93052fd,,
6027,a1eb67fb9f6f39764b1859e175f0995a,,
6028,a0ac3589042f9e99d31b521b5b56ac06,,
6029,5801d2195cdcd8d336e8fc097c51a788,,
6030,d9abfe7bab306ba7777c4f8e619957ba,,
6031,b4f1662ba816a0be3f106e2957e6c574,,
6032,e9d628364cf51891028163e0cfca628c,,
6033,bb11bbc200cb4a84814ddc37a78eeb98,,
6034,47ebeac86bb4d9eb51f2cb5ce110a823,,
6035,c686992bf74305e9f9965fd85c15eb4d,,
6036,41cd8bc4e00e30e50dcf91c09bb5c32a,,
6037,08b1c6fbb511776ac028b0a5c9e42ad2,,
6038,ef681b0b3a47c6e034db1b86ce5bd1a9,,
6039,7c1c9f803f1d53bd81082a633b794093,,
6040,64ca339ecc5ba72aa4b27a73a163f807,,
6041,dd283d0ff1afced1fa9c86e26269c003,,
6042,6e5421b95ba6f7ae6d5c3ffddd797ca0,,
6043,17e7bc7b6ff0f1db97684be9611f64d9,,
6044,6cbd1d9807064986288d3fbd367e746c,,
6045,dc4bad3ab7879ce3549eb811c8e9fc1c,,
6046,b1592124fa872ab5ad10d0d5dbf80a30,,
6047,6eb0214c5c18d2925fce96792123ab5c,,
6048,efa1f2dc428cd2c756703a46a6528159,,
6049,bafd1d2508efae102d22e55633e9891f,,
6050,5a1c715386006065330b45f52e394aba,,
6051,bc6573ad91d8e29926a09ffdd0a14be5,,
6052,be85e2b33823aeebfbd13873dc207ddc,,
6053,bd68158ecb3eec132592d14fecc35cc0,,
6054,beaab4a58c9ad2c7ee76e96bbcfeca1e,,
6055,63119b7889164b2153a2ec1c829ea853,,
6056,1b04602fffd6117606d1a05efa96daaf,,
6057,51ad0c34db40ecea345bd236745f03be,,
6058,badbaf5d20db12b65b518ca473bfd12e,,
6059,0d3a60962ae62416519dd9f4c1f172a0,,
6060,2794fc86e8d4ab7388b0d6b198559572,,
6061,d341e19a76135d79774f19f5e9ecc5a9,,
6062,ac46e4ee5b43c383cbea6287ea67c3bb,,
6063,8794d36a3038f4537f7d261d3af4eebd,,
6064,1d9cff5178c2b9d864a628c04773a70c,,
6065,976cdb4e80ba727b2615966a604f541b,,
6066,63a41234a703cd382686631e0dde6986,,
6067,8889db1bff5d7e9b8d8fe4a1d47f97b4,,
6068,bd6784d49c4ca6b44c1e106ed032618e,,
6069,38b6e5e601860ae149c0d53d8cab4cfd,,
6070,a77f9ba2563a4aa23d748053de86e0e3,,
6071,db2ba90004c04e2de4213fa0c2614f82,,
6072,4e5c75b501c348de7af7620dab9d783e,,
6073,a24b080f675c02897a4e71f96b194fb9,,
6074,daf178053958c9d2e71a7c7bb9c3fbb7,,
6075,3fc7575b9b8a667c684a278415868b4a,,
6076,c4cba053efafeac85ec882e30ac6e498,,
6077,867e8aabc9463fb736371750b3082132,,
6078,74acf0cf4abb0e8ffa7afc0fa06eb53e,,
6079,9b16f18bbaecf31ae19380009a076862,,
6080,3573e7b9ae29eeca81c80d683f714361,,
6081,a6186d1386a1b5bb55de5711b293bc26,,
6082,c6fa851e98eb9d30d6cd93f3b8c0eed7,,
6083,814ed5e5aa4508f47b91cd9397d2105a,,
6084,1c9968ab31b8a210c54ef761d36d8b8d,,
6085,79a741c8d6157f85a761d3de05986311,,
6086,244c9793ea360003a6a63877be2d7c49,,
6087,7bfaebed8876423a4b7e2adec380747a,,
6088,a1fd7998cce64a8747a682bf524951bf,,
6089,7297153bf18e3e89678767205c2e3457,,
6090,25f05be992338d0229bf3a5cd110143c,,
6091,96bb7ad81bef9aa7ce0280d7b49b6476,,
6092,cb3e71bd3331bf85370d0a3a3071f47c,,
6093,4dc731d30fb8010b313c357fa56459e3,,
6094,ae57810f8bfc53392b2001d9cc684cde,,
6095,196f3b66be713d67db88cd412ed8768d,,
6096,a1f37b944f9590270b529e9f83610ebb,,
6097,f4b4dd5cd25dd638f1673e392321c1b2,,
6098,2e703d55529a045980adc4fde731b100,,
6099,462d4231224f8acdc85dc9449f803a2d,,
6100,9526ed25cd1ac4113139593575131cd1,,
6101,095d32f7716c9ff9892a7696d2325ea1,,
6102,05abe25c883d508ecc15b6e857e59f32,,
6103,ab3e9154e433b2ed1f7d75b12e5416fd,,
6104,09e15fdd25dcbcf37262c2a87da8db20,,
6105,6e8abccc98b71d43a680d69b3f9af124,,
6106,8c8089988706688445a7a3ebb90c8e0a,,
6107,2ab52c52ba33baff64d3de0c8e10bf82,,
6108,25f8b4140df3fcadc642f18b4279582d,,
6109,b0a92a74cb53899311acc30b7405e101,,
6110,82e968eacc5a5abf71fa6cefb97c0910,,
6111,5b63be15731e9414734353fa1b91adb4,,
6112,08788ad91d8fd0fbf8e130739837b03f,,
6113,05cc3233dcb5489d2333ee62339a3226,,
6114,157d8f1bb29e1288e265e5c15d70014e,,
6115,244d9617bd58fa1db73ab4c1f40d298e,,
6116,4151b86419c21be19898dd73724a03c3,,
6117,a87ae06869fe9beb4ce6e82bf5a5794c,,
6118,6be426efd18e180fd898190490340f66,,
6119,0f3ba8427d8b99f6cf18731f576617da,,
6120,ede8541318635beb3244e1ecf2bae080,,
6121,1932ff2c873d7b98914c8bf50a32f263,,
6122,5467682efb785fda8ad40d44e33f1f87,,
6123,d290264f0b49f110e26c585e874ff8c3,,
6124,f080aadb91c111b6e2e91ed6d7d12e5c,,
6125,8db1e961d6b41521345f1f36811859f1,,
6126,08f055372c7b8a7e1df97c6586542ac8,,
6127,369d4a2937c58da892d153886cff15e3,,
6128,cf19c18868fc35dfd2628358ca4b73f1,,
6129,8232ec43fe448f679d7f6e959ae51dfa,,
6130,cb7b640bd2d43968c3bddbfaa66eb4b7,,
6131,08a3bce609b63cb12dbd833319fb177e,,
6132,b790c95b8efb85a4e600533cf0444937,,
6133,52ecce8ca4633560db50a51eaa8777e9,,
6134,010670e9572e67e5a7e00fb791a343ef,,
6135,44dc73a9af8cd93c44706b4152bb449a,,
6136,0f38ed2800802b352271d4384e9e4654,,
6137,fe31b73983c3714b48a2079519ed6b30,,
6138,d782c4a766ad5d361a9370fd0c6c6fd5,,
6139,e751701e415e67adf2496bba14863d34,,
6140,8804dd9a9324daf031b2ad0c70387f01,,
6141,b6ded09044a0e4415d7c2424f3597e3e,,
6142,7cda8336608881de4ecf64d5319721ec,,
6143,fd5604231cba46e8cb162a987e1fb3e4,,
6144,367f122e80bcd0bffc02f6a04c1d8234,,
6145,d13dd7a0555436d55b7b82a988b57f41,,
6146,e54cd5fbda18fa3c0bfb22a47ca2bb16,,
6147,ac2980962fa337ca0527b396bc62cf07,,
6148,76d4adfe37540b9f618888092c2bc162,,
6149,91ab816a1696123b34d31e6b8fc00315,,
6150,feee2e895355a921f2b75b54debad328,,
6151,f00ec753b5618cfb30519db0947fe724,,
6152,f7c97aeccfaeb2d9e84414c5c5e6db22,,
6153,6f56c1a8d9755e36fc3329797d59874a,,
6154,55204bdec9718d7d1e3c17a8f452c0f5,,
6155,632e75c2e505dca41ae57573e70932b9,,
6156,204e4ce65d86ea74521e5c7236aa6232,,
6157,dbcfc45f5634deac6e220c62cf942a0c,,
6158,6d3e153de93661cd80baa6dbb6e85fd2,,
6159,c429c26a603910717dbf17e6e7035627,,
6160,f01ad4a3950dc5bd67223d2ebeb8768c,,
6161,58c59865a2b61e6dcd15fdd75c03f8ce,,
6162,07809f40e0b2b07d9c4b9d6600673102,,
6163,b0b8b9f98e54aefbf88c4fca02fde51b,,
6164,0bbbb6734f721f4df4d2ba60ade0ed15,,
6165,4f745b85014ec7c571b4239dee6233cc,,
6166,ecae863e7c478594aa4c84ce132b3825,,
6167,ff15dfc487071517ef450a09264af206,,
6168,f96b3fd2d48542ff38fc3454bea1bbdb,,
6169,70fa73960db8729c176876aefff96562,,
6170,dd1110c6430e3b1ac732be548a089886,,
6171,8b421aa81e047f4649df49387c6aad02,,
6172,1836f6539ccc9e37d426603cc4526f8b,,
6173,cec0358c230738e793cd94e0e3ce1da6,,
6174,95cef4ca534e7e446accec285266416c,,
6175,b8a11abdd784af66130ae30b61a6714b,,
6176,3916b0e11e209f1afa4cbcadb3f1b9dc,,
6177,d6554a3cff6d6ceb5597382238954aa1,,
6178,f4a6b5ec0ef8bac031272e4ab61fd926,,
6179,f05260d375197325c7cf1775306b9eb4,,
6180,47f34de873955e8e03e954e3882d747f,,
6181,3b56a9aa8513f7510315549ac025c54c,,
6182,338e30b609bbf80246203caf63a2f0a0,,
6183,061054331a952dd1c9df45c283d756b0,,
6184,e7c1f39c7be220aa89d07d03514c85df,,
6185,164b35a1b6e77358640cd0d8554e396c,,
6186,893a87f7fd18c11ba061c3ce4ce5f94f,,
6187,ffaf4de97335595fb711d3985523106a,,
6188,7d52f24fd1afc2e4e7610af306af2b2f,,
6189,16a9e8227156e2d8598cd22e633610be,,
6190,2f178956e9fc7df485c50395b9664b40,,
6191,51f70b98526218f921f34b110f55ceff,,
6192,b3fab1c957575c820ee26948914a421b,,
6193,06334c520d4bd54eb501a49f42158a80,,
6194,8b2680234d9dd4ddcf5ba243d96a8a2c,,
6195,dc474e15a61e861a6a14f334e10a7934,,
6196,a3589c0cb14e99c7d08e5b097d173041,,
6197,92d63d4d12f72506fc03dd25f0bc776b,,
6198,b481b56617ce096435cb591adc6dd0b9,,
6199,79067602aa4e5c1d6432839a07875f82,,
6200,77168b76ae7d1734b51e0d3601b7ffec,,
6201,ea80b1988e8328c7da7b97cd595cc6b7,,
6202,5ca33b79ea4a424db02d6f6b81195c24,,
6203,f9a89f44ec2f2cd9f7be47a65be951d7,,
6204,84405e9c0ebeae71e44866948dbb6e92,,
6205,a5e22243152d5cc871983364ae7b6e95,,
6206,32a9b5b85a1b52d9a9a677aef9d0b837,,
6207,e005bc3ecd718b268588742a9e86d6f8,,
6208,f6b6d03d15615dd9affb3b3c77347747,,
6209,89d137c7fb29df7596e6824181b7d5c9,,
6210,d203223fbdcf16f652de8669eac6b8df,,
6211,26f57dc441fe3aeb40c8ab299e49137e,,
6212,9312f1d67670056fcff9a88c21a07e7a,,
6213,d7a038e19036352879564963a63082f1,,
6214,b6d692b8d90c1bd9273bc36690796a8e,,
6215,755150712ebcc2df72627e68797009cd,,
6216,ca6c4f4b24578588762712262de479ab,,
6217,c2230eb928a225c9cbb7d247cbde2b4a,,
6218,9d917845ea26f2d2a33790c2a755ef8e,,
6219,4648da3952ca9db5259d110694b9ea8d,,
6220,53d70323e7fb65b9cdb2bb3c3b211bdd,,
6221,e7244a8c3ee9bbb0c934b2f888cc97d2,,
6222,38578e1a762a89a984852be20d3e0386,,
6223,a0a19caa7f2b6ff84b3e5cf0aa3fc68e,,
6224,4195422677dc2b79c2a9f2d7bc6bc3c2,,
6225,c53a5bd984d2bd2b8b3d0529b081fbcf,,
6226,6ca88a3bb8a632f16616864d13fd4f92,,
6227,6651573b179734d9205f592604191b67,,
6228,369765a1bd016016ceec70314dacc204,,
6229,4e91e7b1e5dedb02b7b01daba1fea361,,
6230,ba8d55330e6d36ab991e3bf8e4e489b2,,
6231,8adde008fe7f97d5bf11b602b89a6377,,
6232,5f204e4117e261c6bfb06626e5bb2410,,
6233,516cace58eb8a41dd1dbdb65c2b5084d,,
6234,e84a9aadb35ccba696e45cc79779525e,,
6235,6dcb18dd02dacd979a9610cc18c0d213,,
6236,b2ec8fdee7d0a3e52b42394c544781a6,,
6237,5f712fa46f7c0d69e8d9a4b6cd9327bc,,
6238,be8584d0393a178557fbcf29e770f690,,
6239,909be30586dce24e6d7ff734a4572cee,,
6240,dcc1dcad3b26cf0927b6f35228b5a058,,
6241,90f76a1838fa7aa6f0f5e77777b2b4f2,,
6242,c415d5066e843809c2e74381c391cb7e,,
6243,cfdcf7c4d670c85e658b4286c7807bed,,
6244,5e1ac5641073849d349584dd968f56ba,,
6245,d41fec38141fa3f1a14262421c361b29,,
6246,0227774a4bea07846d24ddb033767d1a,,
6247,63b703a3294579f3e31f1a7afcf3ce20,,
6248,28e7aad04d25346b6e27220e15ffcc11,,
6249,19b0eb9d02259e897f81f08afbcfc9bc,,
6250,33151b1492b83b7ee5fe34789fc1dc03,,
6251,836e64bc05fc3ca33fcaae4102d1f989,,
6252,8781edbdaaafd6ea493c00d5d1e21e8d,,
6253,1febe89c017446eadebd0fce9a68b537,,
6254,d8abf403ab5663c07528475647e0db5a,,
6255,f8060ce02eb912eefd03e13fe1ce44ca,,
6256,b34133fbf7919da47bb893aa2fb1db3f,,
6257,ce89deff2021f7b676fe203abb4c3235,,
6258,1da207ca934ce44dc9b3dd8809d0b834,,
6259,02a2dcd6ad8bc1d9ad7fdc04ffb6dff3,,
6260,34ba9b9acea808ce0b9f3b69de2251e5,,
6261,86affd43ac0b016e71332fed824b9108,,
6262,865f64d013137396b5cfc7bb3888a56e,,
6263,21ab5bb704709f8b9143a6bf5274dd3a,,
6264,62605db0277dd94dd1fab196966d8c18,,
6265,50138c55b4bcb6420982f982fef56c4e,,
6266,31b7e0ab60877ab8de35a95e04629144,,
6267,fa16fc55c79c225fce0b3b8c333b8480,,
6268,d04a52ee5ed0a35c5741c7276eb0a063,,
6269,ccd93f4e3617e685fb9897791d1822b4,,
6270,03426e9293f207de46b5592c001eb45c,,
6271,a0d4b7a115f83077d88361dd38399cf7,,
6272,6bb9b32790609b90fafe6cd8cb3c0bd0,,
6273,004dd32d9cd167d9cc31c13b704498af,,
6274,dbf7cc49ae2e9831448c3ca54ad92708,,
6275,ea1120bc6d2ec892001dfa0c6fce96a4,,
6276,ac9f59ca466750dbc43bae3ade2676a3,,
6277,d845d3e965ae8565d58bda907663a728,,
6278,582ceecab271f684b5f4dd9848ea1859,,
6279,459154b1334d073cfef8af95362a7051,,
6280,b3d92ec401c16ac2a042b6207bb9c2d1,,
6281,067bc8b33f5a6415e4f4ef61bef2bcd5,,
6282,e8c8f352660c19ffc14a799823c237f2,,
6283,e6a6f4658717ef0c20e18cc89b96f4e6,,
6284,d90f5db28f3ff7c708e3c95d9596e26f,,
6285,c02993d3eb182a5a9f3ceb0fc47fb0fa,,
6286,99f833555a16c0adc062a23bc06acef0,,
6287,f1ce9f1ec15e532042286084466da0ea,,
6288,a740ac5e9722a89dd2c7afe87b92104a,,
6289,7621cfcba348f4069137a9fb5399d2de,,
6290,89ede291a13f7e38b926fc6ad5c4b959,,
6291,85625c85e373a173e14ef00da2e5218d,,
6292,ef9aa642a7b1367d7202d3cec44dbcdb,,
6293,804faf47d835837cca59bc56dd9ddbd5,,
6294,c3f6dfc5c801b1f2aed4c9e318bd015d,,
6295,e2d98ec7b49a8786775c4ad6e6662eee,,
6296,161e2fc76e242f0b8861888cf41d0e18,,
6297,62a348a227dfe4006295ea31ce48c4b3,,
6298,feee92608ee1caac1480fa63eb14e739,,
6299,e17b55972ff36346f98e17f963a057f0,,
6300,10b00bbaff7224b83537ccb02e7e1416,,
6301,97845cbd34d7c2f9ea7d76fa931f5412,,
6302,291ae123af90c4831e5a504e909e52ec,,
6303,607fa473648e6c39d6eeaf4efcd9e898,,
6304,36a0dcfd7c78fd296c914a6a0fab203a,,
6305,66fb8b64a9acb2fbf59d4f002db34bf8,,
6306,eea7a758b49d5765cc9a8fe2ed6599fc,,
6307,c81b704c5603f627680314d050062ca2,,
6308,af3d444497d045a442cfe01a4269f47e,,
6309,a16f4b2fd513d669c5b8dddc7bfa9fa6,,
6310,c1f151640dce9fc4e33569700be7d52d,,
6311,cfcd8b9846989be50730a0fcad497edd,,
6312,3179817b3335bbbb5af4adafb46ed8dc,,
6313,52cb5192ffa60a7e44c6e786545f4fa2,,
6314,46f1c6a77e6de339e042fbb6334ae713,,
6315,69170d42ade5329fe02df566a7447a99,,
6316,d9609c5eb6afb235c803600c3c70ea46,,
6317,6bf8339b4430a51d6367416dab794735,,
6318,c785544bb2e401f81d5b10b377ce829b,,
6319,7430ef957ff8212cfe421b132ccd7bda,,
6320,f020cc334d760c90c51064fbfcea2dfe,,
6321,77086e72bf6d11aa544700a8a3e5da45,,
6322,463b0017e84cfe5ed9e1e78c99a22554,,
6323,9687ac6e7ad6d4062635df2f0cd6d9de,,
6324,2464608febcd797682b2392b5badbc2d,,
6325,34af9f01d464fb37f9e55eb51996d0a7,,
6326,73cea45cabd1048067e6500bdacb7356,,
6327,4e5805c117559a84553665683578f1be,,
6328,7e1474b005f731b6948e86fddcee7541,,
6329,e10ff644b1121aeaf5a060e6875f7867,,
6330,6a4705f723c23536d58a72341e0eac1f,,
6331,9d44f1ba2f0e9d4c6a8bbc392b25c457,,
6332,94357950df8207565fbe7d59a3084a1c,,
6333,7269db31c46c18a2c42711373b7ac592,,
6334,2c0af08d3020cc2b6f2ce7eba581b84f,,
6335,eaf70401521a619ef57eb894c4e7816a,,
6336,1760aef18a699d58272ee68c01df619c,,
6337,a0150f4d6d9f6f3b2b5a240b099df000,,
6338,d8b611006a6b9a4dfd31032107923951,,
6339,5a0c402207e52c1e96b4995c2f781519,,
6340,e592e0c922fc2d4493fd89956ae23d84,,
6341,872dc7b2f6261284df1088e4ef2f8256,,
6342,640fe9b2e7bf30c2bd5e5d9c9a4ed258,,
6343,c3e1a7ddeabf06edeebde219d8e86578,,
6344,b2d61acebf2a6299968db04c0e43986b,,
6345,51241cdb2f2dfd0093b8448f4a0e00d9,,
6346,384b08d948baac79a949e41d71929ecc,,
6347,8a415b0e974861fa00ae9d88f9e3b980,,
6348,3d8afdc0aaa84acf0f6dec7cc35415b7,,
6349,7f67cf96a4d9f32131fee1d436ecacc0,,
6350,9e72c86ff601172cb3900d6d57c0ad6c,,
6351,70d2cd1db18265d9f01addecdfe13d7f,,
6352,b30b101c780f77ea4259357bc22ff1a8,,
6353,1c493cc3f6240272c5ec8fd043b2fed1,,
6354,41a057757b0520ff53068b6dcce9731e,,
6355,283624a201d08d9abc72c51af1da7923,,
6356,dd26b0dd91cb20493617a9b82ab9d8fd,,
6357,e2b069d3db5dd82610abc684befac2d3,,
6358,79c0ed7b8274042a87f647a1e03d01e8,,
6359,9dc28ee23b2f728632e3ac9c1421e23b,,
6360,3b9f1f0f05ca4c7cfd2000d7ae41f242,,
6361,43b6a97c91c43fd8cd8a66210e2dfce5,,
6362,7703b3e46277d191b3ca412f2d2f3369,,
6363,de61189b0703edb4ba5d9e53f4ce9cc5,,
6364,bf5c95be359c44a28f03fcf7c7ffc2c8,,
6365,26fbbd4a7d610aadc6411bd82b7b60b5,,
6366,af13aae2257702c758b4a1a8d59d278b,,
6367,9864a284764976b891a3a406d1f0aa6d,,
6368,664a26f04c363ae643886559d5910e16,,
6369,ada7c1420efe8ad02c918ac619c30d37,,
6370,e5c045c4083859b242af4d1b3bc1dc65,,
6371,226b94e61f78ecb7be9f4301771ab7c6,,
6372,8b11184f09d4d571d4f1ead51051f09c,,
6373,a4da7781633022869ad9556be440172f,,
6374,ffb182fa5b636005e21eec384bbf406b,,
6375,42c0d2324381e596483e201577d0d9b0,,
6376,b41f0b32a816a16c397a07996a997306,,
6377,4ada62a4e80e0cc01ceac327b2f5c57f,,
6378,49028569e6f57627112e7c0c35480fa2,,
6379,2a907778714d02eb4c3bb613093820ed,,
6380,96e6bbcdb71b1053c96ff1f6a0dd2487,,
6381,85023ba8cc7feea2e418d107c5bb8e92,,
6382,4600b8e6025b7af1836bedf33e2b5c66,,
6383,3326d06821589c1c4b29133f0fcfe6f9,,
6384,f5004fdd161f0122b0014f8ca11341b0,,
6385,74152f587c556cfc44a0256fbd21da59,,
6386,357bb7135ffd688bbd6ae0efc984342e,,
6387,dddcb2b194943868b940d25aa3ee6183,,
6388,12cfad8e48fa7241aaeb2436a719daa7,,
6389,d0cf594c5106fb84e894c0b12013f367,,
6390,75dfcc2a661ccc7eccf5bcfb3a4896e6,,
6391,2ebf6b50e4c245e4078976a271b7aa79,,
6392,2db286ff4d3398fa6538678a6452497f,,
6393,b43f3b343ae4fcfc5288400122c2f627,,
6394,4800ba489b63f1cf36762ddef7683867,,
6395,1e3397833ac1ae92d092f0662f9cb259,,
6396,fa6a2270986c61fcb0a34e9dd91a910c,,
6397,fe025faa4c6e6de2a71f964b56de7c9c,,
6398,4c7bdcaec94446929471c97fa0c8088b,,
6399,ad5d1bfe1f9da2bc7439ed54da5f4e46,,
6400,49a0c86e2a3844bf8173990d5a5ad279,,
6401,ca0798453868081bc8aeeabb01847d4e,,
6402,e5dab0222c66b0edaf41487c881376c2,,
6403,8fc8a9625136be2a7a2d0b394d82a382,,
6404,adced66ab9dcf618633efe9f1b837fcc,,
6405,430d7fb12afa81a367453073a1dd899f,,
6406,73ef865e4905cc6276f0123c87af0882,,
6407,c7e47afdac1930aadc6630b2ffdb161b,,
6408,81cdd8883ff6f9a18e75f2085db633be,,
6409,e3431a477f2320c8f49cce14add89e41,,
6410,34ed0654b8e0fe5bbe2a9741433f7658,,
6411,2fdc521c56b6cce0e7907d05a8db1f25,,
6412,c8f5e704b9d4cc83d2ac4b7eec6d60ed,,
6413,50416fa0e1642f024c10c25c90ec5bff,,
6414,766a40322fe11a3794eada34c348b5cc,,
6415,e2a6089e7ab388ec71e7b25fa46969e0,,
6416,119d1c736e13f731478d2437a4c25c02,,
6417,6a402d0e57d9eb2489b0660d80b191a6,,
6418,319b3e952790c3b1136e48067886c6dc,,
6419,819a2641f5c1875c592362daa59bc041,,
6420,ae83188e4dc8d72324d0c897d57f67d2,,
6421,69676730e88305744485887397538d30,,
6422,110c38159f8cc6780e2cd266baa332ef,,
6423,97b36902754bad28b6fd335ddfc6db55,,
6424,8b19e141c1741cb06bdff6bffc9503b1,,
6425,fd64300587559ec5de63c8c448c8b958,,
6426,f0bdbcc585baf9c62af961ea7f017f4c,,
6427,33828bf89098a295d028099fa2d3560e,,
6428,497cc4009e9ae310b54de6412cbf8b4a,,
6429,bde825d297da93b518ecc510d1f17dfe,,
6430,5c018c5568dd68ee12ba2e22faf69811,,
6431,f1522c30e3d4f858a9eb87f596e04483,,
6432,896ffc56e018a333454c4889a28459a2,,
6433,4aeefb17109509ee7eac25844586dbf5,,
6434,6192cb59689c4dfe0800df8b4a86412f,,
6435,17dc4e9664af18df95c412fd180201ab,,
6436,f3c73a8d70f8d5f7d40c79720124e71d,,
6437,4aa8963308d58ec77d216b3f4c60a9de,,
6438,a1465b24268c98766baa0ca70b11ec6d,,
6439,7d0ddf6bf84b1b3d6c8dafe1ab13c4ec,,
6440,b55ebab767215763af3351cde52fc402,,
6441,6ce32756e33b10bd4569aa15b5db3355,,
6442,99c79f407e7506bd87425fd24b8c9ec3,,
6443,ae7dd6b6b0749f3b9b3001629b9db512,,
6444,7a4eeb9ad072b4c2c72ae24347705635,,
6445,562f3b08fc6d89e07d5ca8321e2b17a5,,
6446,baf615ffd44c72e48beebb90dd797b97,,
6447,163c22cdbba739e4c063ab9fc4314d6a,,
6448,d7c803feb26ef73fa68285c825ac602c,,
6449,f1536f338e098d87b1164712aff106ba,,
6450,1b22bd5100d6a2d9f0f826fce3222d4f,,
6451,9b8895fcc7325a09cc4ff4653fbb48f9,,
6452,b7ffaa89535b4540997ca9782fc30a75,,
6453,8796432c343bcf3bcca556dc3375702e,,
6454,d2d78e5a7ee90979ebb3ebe28fb79554,,
6455,8d1f2fb9f5b3360f9760d2f93a3c7171,,
6456,17ed38674f65ff958bef435280acd1dd,,
6457,24e915870a8fcdc0277c197e2eb80934,,
6458,e528d21e5e6c87a9a1579214f6ec345d,,
6459,1fa5537c8bba02102cbd68fe9b4abd27,,
6460,c9b5b46c1774c3fe3b37f798558cb208,,
6461,b4f0d7902a6f054dd1236f880fe1b872,,
6462,44350cd9c0b41005308e65c2d9ee8ac1,,
6463,adae03ea908e72c0e179f10f8df094ef,,
6464,883690557c692e6af48677011c657dfc,,
6465,cf811d5af1bb735310b1a7775cd2ee9f,,
6466,38837d7934505b74d0b4e1830a0c5511,,
6467,979f4dc560d37b8ed26dbc8064b85f18,,
6468,07c24a585f5a30ca2d80f922bae49296,,
6469,e261d02e8951aa3d7f0c32c6f0d5eaf8,,
6470,612aa3391b33578ba22ef3d3f3ef9d90,,
6471,fe1a80cbadf8d02cb130b9911c7a83e8,,
6472,a5e6d53afdf57a843db3e9042f33a10d,,
6473,e0c4272da1f0609fa73fd440d4c6865d,,
6474,f9241d87de38038254befbe22ef4b139,,
6475,cd0583471a9efd1eaf916a2c0ec79ca4,,
6476,28ca63263be7194fbefbfaedd0637469,,
6477,0a6e7a0cfe6a3203b4cb28d6ff6daa6a,,
6478,150fa2f94a0066c9e5d2a604f90a5b82,,
6479,7eb79f3619425b7b26f3acb5de6c3fda,,
6480,37cbb00ca8f207cb9fde012b0ad7d670,,
6481,c3e3c81e70f9124f5872bab7f5c71b94,,
6482,35a2ba270ef1fe91e4434cc83ccac50d,,
6483,7ec551736c90480bb8a6fafa54f3bf97,,
6484,5d04a3fbf6bc76e526f4d1c3d763229f,,
6485,48df3ca910d365bdea427ed5b7c31808,,
6486,ef49ceba7efcbd20b8cc1eda40b256fa,,
6487,6d451a9fd1764df154ba4c19c16ad79f,,
6488,0c16dad59425c963a1dba7a84638ece7,,
6489,cf28cb8b44e9549b766ece06085f647f,,
6490,ebbdc2a69a66aa07cc0b56dee6b04e8d,,
6491,8bdc3910c484c12ed3b0752ab704d539,,
6492,caf7a1ac5a42eb8b7b738a897628160c,,
6493,cdfb1827419478497bba249af9b7c6ed,,
6494,d0722f1c8a76133ce8400a4c1dafce5a,,
6495,af48aa2477b1f92d2b98a6eb6993873f,,
6496,64463f7b842c077b705e42f2dec8aec5,,
6497,c949b282b94808a40935c6cfe9f2fb67,,
6498,b6ffa4ba8ddd566efa0014ba603428b4,,
6499,046b35ae95374bfb48cdca8d7c83233f,,
6500,e6c348b447810ffee0d3678adf8936c9,,
6501,9c5e3c81373fb5b89448fb66e733802e,,
6502,6c125545cedcaf6438003ca039edfa87,,
6503,bcadcbc70af9a0f20cdbfcb2e6689b6c,,
6504,1c239449d7f8707211a0e6821848a1c1,,
6505,f1231d9ba00000e9dbeeebc1b6546378,,
6506,a766e096ab436d7ae7a55eb46a4fcf5e,,
6507,b9f5c7310c0c300f7a116a6fabfbdebc,,
6508,94a91bf6dc832eda6a8f9fc70aae77bb,,
6509,d4f9cc7d8f83db9394cd95be9eb10b00,,
6510,1c9bf14436cc28f6281f44f73d6fddc8,,
6511,1f6da112dfe5edad33a992c7906ef1cc,,
6512,d14d2e2f09b3499b43ef1049691cfa73,,
6513,2558bc957c387115a0bceee1f18f0bd9,,
6514,022181eb0127cb8f1ec240efa3f15799,,
6515,0076bcb66e46fb485f5ba432b9a1fe8a,,
6516,ec15fa638f2a0a362a2d989a5cef16f5,,
6517,4f2dd6a27901e34c92e14dc4e853b7e9,,
6518,37d3511b61cfe994b82147b5d4b09ae4,,
6519,9c5f79aa787a7462a986e26d1ba850d1,,
6520,520d1cc8cb7136e54472a33e202b3d1f,,
6521,fef115f8828a75c61be247aa32336a9f,,
6522,ca92b74386b3d80bbcc03defa33adcf9,,
6523,15a585235227d24cba1043ec9ab1928d,,
6524,b9f7b1047221dedd4fec6977eca016ec,,
6525,1b176c9049260a8843b97349ccdd3eb7,,
6526,38a49c3566f387a867629c5f6c31a72a,,
6527,0d19c87a2ac19e41556441cdfafd7234,,
6528,b73b4c7b75abb24dd816641cd3a6f24c,,
6529,e4e8ee3d5d5ddfff49f6f12077146b33,,
6530,36dd11dbc0aba4413623bdc44775e6fe,,
6531,8a197e17ca0091e9abcfb457dc24813f,,
6532,d8b8316a7e615a79e9d725e9f235918f,,
6533,378f0ea443c45b7cb1cb8e0cc86a5992,,
6534,e2da537552bbe880cf184b4cf998388c,,
6535,d9b54eebe6d08be027aa415a986b19f4,,
6536,cae077a0259202d61eaf7f10424b148a,,
6537,836a1e6bea9fcd4f2c65d958fc2a7935,,
6538,a5694e9a3cdc76a58c9ad784e909abcf,,
6539,45de9b11fe9e7be0cfa1501034111d11,,
6540,ddc6c2922dc99fb10a2527e5e830ad77,,
6541,497b7731f13ad07c0afe2dd81c52e021,,
6542,97eafd1718347f62144da935984b7c60,,
6543,de053910e530a0446edf0c8dc12d31e3,,
6544,880c1f78ee7e01cee8776b5ec789bd80,,
6545,a2c07e3585c5b8788b71534866e4be73,,
6546,48a55edac048e97e80e63a7c55bf2afa,,
6547,abb4ad0009ce57bca8d400acff5d34a8,,
6548,5a46e8adec9c72070618f776583dd581,,
6549,793a0289643d24429d30f07b32b4204c,,
6550,84135442a04a1324138d1df78ed185d3,,
6551,3bb8426f5536b507843d3c99ab0a5e8e,,
6552,61438d817416236c69bb72a66d938129,,
6553,b3c9178d328c9a8362be6b7a55614287,,
6554,772161b22125c50b1d78d9b8c8a2bca2,,
6555,7d63d7ef507d747a87b3b15814a60185,,
6556,477aa0ab713992935286655f2798c8c5,,
6557,71a3a451b367b93c6128e26c1516379d,,
6558,a45b686526ef8327fbd9e8b770984567,,
6559,b85c0e9e08d5b97d232f295fffe7f5a9,,
6560,b9be346a547053539266d97872b5c7ab,,
6561,334bfff5b9f41e36cbc1869ea86aad38,,
6562,f373a5772e30bd514a81f02f04d4d973,,
6563,de2e7b61e66d8d044189d8dac35dffb5,,
6564,436fff2e0e75ea2ef844b57d88d3c212,,
6565,b86bdca8e34a5d265e5df2dcbe0b2969,,
6566,9d9d0a78364c5603e14a5a644bab65ee,,
6567,d619aea287290e9eefa449d1e54ed333,,
6568,8495f8040d55ab4ac000fd91a137b0e1,,
6569,842d323ec987a756ba0c4252be109822,,
6570,617cee942caee18d1f8487281493a6ed,,
6571,ca4e7898a7144c51e9e111aa3b90265b,,
6572,591bc0625a2348cbc273ac8b7067c5a6,,
6573,8ed35a4d31711b9670bc5125f79fbdd7,,
6574,821b7c89e5f5879c21cefcdeb0df1657,,
6575,0d2a6f5c754e82c42ed5f8117d13fa52,,
6576,f4c1f9e721fd07e51cfb51df48467bed,,
6577,527294c6bc1e0f537a259c8dcc35406d,,
6578,d72dce85f1954fe33809659f9cd14217,,
6579,2bed4be8e6d950d76394d0552c59ddfa,,
6580,ae8ff3a9e9fae5e29e97ca86856253f7,,
6581,402e98804850c7e2ba7fc6d4f7e9ba99,,
6582,70f608a3fafa4e75e3201a78962109b0,,
6583,62a71ed08b3b22927770cebec65e380a,,
6584,2ca8a7fcf79d56c8e9fd54cdfabc402c,,
6585,48ace73483c38f13d786c4da72ecf25e,,
6586,105cbd187035503e56605db53600b491,,
6587,cb9583fccca3f6bc29a0a8d0cbe5462f,,
6588,6bcc536d2db29034ac0c8974df500981,,
6589,a59374f392ff144bfbe15d5b03c23588,,
6590,96fe9eb038ba77992ff6fd1b16ae9427,,
6591,376ef68c69c0f8d101868342a2d50b55,,
6592,59bc78cdb381a80a8ba9e2f429a0f993,,
6593,74f7964ce88013503e3748a1bbf83cb7,,
6594,3f57013cfe0c23cf57b5039a590b306a,,
6595,cd11306b822ad900babf0497b524d8d9,,
6596,c315ebdec89ff0826edaf8a12fdac422,,
6597,4ab8281e038c2ca2f391b11d65e4366b,,
6598,6bdfc45ee2e638d83c9dbc6e618a7aae,,
6599,8aeccaf12d3173a0c09f873be67be5a5,,
6600,8bc019d3bc465a6f9b28913f5cb22c00,,
6601,8809e1cb2640ba1c6ebf7fb3c72dc250,,
6602,e02703af0349a0d093605123400dbf07,,
6603,767cafac7ddffdb276f3f31b61c1b7ea,,
6604,fc45d1e5ef73ee9ceccbe8cb04cc9f15,,
6605,2309b313ab206df1adf09d970478f4c0,,
6606,759b9eca357202fc550e17cf10daed11,,
6607,5b5d7aa9b4ded22e5c6d59eaad75684f,,
6608,166f7618e2d9e5c9b05e4dd358f7659e,,
6609,82fbcd590d5506b7ce1122ee7159449d,,
6610,999a911f00a8647b3603859bf62c8c11,,
6611,9b78976098554461d749dc6ea6afc9ba,,
6612,45e58b0ddd95fcf40dd592e293e301aa,,
6613,1fc49bfab631583981f96f285ec0c94d,,
6614,7bb1820c1aa24e37399fdf647a1ed64a,,
6615,736de3568ffafdb50cc9f53c0fc31032,,
6616,e6c2b43503bee624d35122991a011007,,
6617,9066877b4c62ee46babd387370424709,,
6618,810ade586864058f358c1253fc09a8eb,,
6619,059ab4f2222a3231845f048a63036083,,
6620,381ddd18fa17308212e26e03c2c54542,,
6621,3d4bec36220d43b0af5c5ea0725e9f32,,
6622,87f54ef4d144fdbcc7a97541396e3a9b,,
6623,4e94a11759c86bca9836e27cfd2fb670,,
6624,48ddd1c648afd9123d83590f242a52de,,
6625,1844a09c66e370d856cefb21f5e82be4,,
6626,b81f068ea8c90ec259cf9212bbc24c22,,
6627,8302a3549f2fd5a7bf56ee2b26706bc1,,
6628,52ad032950196f56b1203d2a7b71d3b7,,
6629,9cb403f9210675606bac5259b8cdc3e3,,
6630,ef8bfc5bb8d4620c501fcd726ef36dc0,,
6631,f77407b685b5467a7c825aaf267caa94,,
6632,7e424dff3f544c36ace6d9219aea34ef,,
6633,e3cf7905ba04ebe9a090b586b4988e3d,,
6634,6b8b24a489695a356845b7fa1485b599,,
6635,59015fdc81a6151f09a59e807f6ed5c9,,
6636,da517beeeaf103a75e2a716d46643b49,,
6637,61d85127f0fb841fe6241e6b4d3f89c7,,
6638,4313f4ba54009133d60474a50f5286ac,,
6639,ef928aed9549e5dea8d67c57fb79e45f,,
6640,dbca8bffde4985ea10415730e96c086b,,
6641,ea0f498ce59e7ed24de3737c10ced4f2,,
6642,9469e763e512e05eca69e2e28b6f4ef7,,
6643,81862fbd04fd29d4ce360c92e7663b7f,,
6644,78fa6eadfc403f3440ef91db24d387b6,,
6645,8dee9c79fba34ba0c928d28de9aa9c2f,,
6646,1896b63650679d190184e973cb3f2be6,,
6647,a6e3d28846a05057588ca4a6b7bbc3ee,,
6648,77a8d4500bd331027b965e1b1e581ab1,,
6649,3d6722eef724e54d6e4847d091c50c3c,,
6650,278ae74156d22b4e8457cd1bf2960f58,,
6651,bde1eb4986f82c9cd031689fa8f5084e,,
6652,da765c184811f60cbff3d669bb6bcc62,,
6653,5cb6c271e5c7b766f1a25abadd8880e3,,
6654,0b4b960490879b7588a1d135fcf10fe7,,
6655,7e72dea4ae66b5bf583013ec985e5209,,
6656,d5f28a3679e12334214c14d72fe90760,,
6657,303090fcc31ecc2584e6addeadfa1402,,
6658,0a836ea85157d6e0b92371d8ae18a55c,,
6659,ae91c33b37bf459a7e10f36209548637,,
6660,1894dd1e67ddfc62a309e78ef7ffc5e3,,
6661,099a334f7290f6821e9125c37428157a,,
6662,e220935dbc6151a41a0234cd170add83,,
6663,3d5b16b57612afc445ab30c74f2b6972,,
6664,3dfa9dbf281ea9ef42e05cbdc03bf290,,
6665,d0d12e2cd5f7f1e626ada65eb1e418f1,,
6666,768c8df7881cfb1cae96959206e73732,,
6667,150b3dd8a42745a633ff7a5ec9faeb5f,,
6668,9effeea56c413b92340b89d1240769c1,,
6669,e4b834368f1bea55cf44b94045583548,,
6670,44a18e239f8354b5347d91855a2508bd,,
6671,9264516b76300c3bc495b34d0c011536,,
6672,c8facc7f23303f74bb3ae3101a878bdf,,
6673,d6301bdca437747a39ae971d5ad60aed,,
6674,94f40cc47de223f60b575e508378ca9f,,
6675,03cbe5d39233a65cd7f64a81094ccc54,,
6676,ac07fd6531d7536124ceab1990d5227d,,
6677,16cc34b16c0b30e43e8c33f572440ae6,,
6678,8e3d3a5d3a5cae900595db0f9f5df6bb,,
6679,8ad806110eed91e34742c699c31755fe,,
6680,08fc8cebe98efe59cf5b234d8de36356,,
6681,978a3eebafdf4a2871e65456196e9947,,
6682,a1623edb50042b97567bc9662436c264,,
6683,cf9f541c28be35984163546c15ddfe09,,
6684,b6f90e7ab21daafd78c0c8f8d6370afa,,
6685,283b3a40795ae1992f0ddd56a55c396a,,
6686,46376a1b1f9b346305dfbc259dcb0b03,,
6687,816a20665b0e7ef4568ff4132da6bdeb,,
6688,a1abdacdaaa93b69a92c68cb5edf2560,,
6689,4fdaffad21b20c5271266d8fa3e9487a,,
6690,6e219cafd656210dca135a52e0ec044c,,
6691,30aa7a12d6a142aa9fafbe37e08cb1a3,,
6692,64486f84f721d5873cc034802f8c31bc,,
6693,bb1013d0290e48b37be98f2a834131e8,,
6694,9c7f6cc990be56bbbfbaf17e4b52a24b,,
6695,07a7ef0ba3bb0d6564a73f4f3e1c2293,,
6696,e1dad4d35e61a13a237774ccfb24ae9b,,
6697,1da0f39ac6aed19ff817d0034acf9753,,
6698,e55c0c51b9ec0963d74029d2de84f85a,,
6699,54cc7131563c99be891630e83faa40e1,,
6700,39ec527984e5476affd895acee3dafaf,,
6701,f81e4a4525715e1318f1c227027ae97d,,
6702,9e5cd1fc52ee72cb0658f1e403aa00ad,,
6703,d1a0ac3ec79fb3fcafe4731c4c06845e,,
6704,637816ad02733d3306ae64bd0d2b6bee,,
6705,0fc7609bce8a244da2acfb417c80db7d,,
6706,8a3ef3903640c6ab01f5890ccb0445ed,,
6707,d1870bceedacbf78037200cae693a8ad,,
6708,2a8d5c257563e9fdad0a0ecb62d63a9d,,
6709,0c46c60ae2ef49657bc843707162ba6e,,
6710,89912d7c7ffbad7504be4a75676fa4c2,,
6711,5f8b30f872042fe9cc2b0b312094f156,,
6712,7ca2aa8117a49b630cdcbdfc57fab6e8,,
6713,07c9784228dc2ad0b00d2cecd8ca32ce,,
6714,2577c90f6ee46adf9d3f7c16ba8db9c3,,
6715,840285977e44c0eb0fee56caab3da73c,,
6716,26fbfd016190823c434c95a81f156ae4,,
6717,4a4926a13345cbedb54d6762e4ab0132,,
6718,caed3e720e2681a1058dca0c3fc33b55,,
6719,c20411ec6a9141978e0712711bdfe0f0,,
6720,ead9a151a1d35c75305d3dd321c6676e,,
6721,13a2f4b3f904a0893997c4fc8f2ec7d5,,
6722,e73b08596d7a8aabfdddbddb4b8996eb,,
6723,bfa0d8a65df9b8c5230599c120f5aa99,,
6724,e1473b87b0374c25573eafc237eb5b0d,,
6725,bdd7c058fbd05e43b11d0affb2e14dce,,
6726,a08642ee66d28e4216bda09d27e5df99,,
6727,24f6f3d25dd8561d3f258eac906a526c,,
6728,995df9b93db1e396b57692c6c7f1d673,,
6729,4a7f326315f1b706434fd5314bd605d2,,
6730,d003f5002399be95a85780d36462def4,,
6731,72a669da75812594654ab2097000c32c,,
6732,c0a0956a39319920d02c5c4eb30c5e10,,
6733,550e7bb1a7330b015e52b7fef89127eb,,
6734,fc547d2e786c1d19163f39dc576c0231,,
6735,cca16fe9fc516e6f57aeac51819dcb71,,
6736,2ad0a0582297b6f2ddb131796e300ee3,,
6737,393da55efee50c65017d1a7f66ee8c4c,,
6738,bcfa17affb4e89ebd01a97c580ed4cdd,,
6739,56cbb29cfb7448a5250255d7c729102b,,
6740,c34fa8189fe4e5b4995e1c14deb9f5a1,,
6741,00f6ea010b008e7b3635910a13b165a5,,
6742,2c24476310b2a011fb8bca443400c361,,
6743,741f6260e0f75b64a72e9a905003c29d,,
6744,92d641eafe819ad90148027f5da9afd3,,
6745,b084fef2354fe904f2279fa7d376855b,,
6746,8cf19589a1981643086e40e44940a4c5,,
6747,4c86814c036b5c7f89f7872567b59be2,,
6748,edac2fa7eb6c5e893625800c4aeea7e3,,
6749,ef9c72d529806d9ba341476d4c159838,,
6750,5e8b71155d862948b6e0da88f0b41789,,
6751,c982dc4f74dcfac91002598931c0b726,,
6752,83b8997aa1ebef2e386f3daf89226538,,
6753,a27a666f057315f08ce43d8da423e8ea,,
6754,5f87ade21db570b2dbdd0772edd54657,,
6755,5289d3ebfc24bbe70206daf1f546b687,,
6756,b9506d7fadfafc425ad9626574e125eb,,
6757,55a01c1ebef6b40ac9916b6abe9b57b0,,
6758,61ebefee1266d2cfcc7c0d23cc66062a,,
6759,35d511cc9aa867856fadbe6ebf464d78,,
6760,7641921e308edd4de40ad5f83db43a04,,
6761,fdf628a60de3bd9d3b9e924dd9974fde,,
6762,26149968f810b690fca81375c1d74373,,
6763,c2ded53ea0656e34e71bc8993b90650d,,
6764,47dfbb8880ec4668d2370c280d9f10bf,,
6765,59001f029aafc4adc0971c0397df6173,,
6766,960986ff8cca993c059343bf7e984a14,,
6767,1d0aa0b565ed9bdbc6c1f4a00bbc4f3d,,
6768,deee4629e174a4be2e42785df5bad4a7,,
6769,3531763820dc825219b9d6283721a959,,
6770,b669e716e27806335a1b9b2082f95bd6,,
6771,430b5a7cdb95a3cfc6ff30bfb4de1ac2,,
6772,26a271cd2fdd034304566deb6bcfdafe,,
6773,9bd1adceec12ca2802bfe40bb2240e40,,
6774,7907a6d9eb98127ed4906b37b5f52c7b,,
6775,82dd91dc60d7a36257237f229df31b70,,
6776,5d70e6a66652c5872f26f3da9233ff4b,,
6777,05812e40387f49e4b21a7bfeca0cca2d,,
6778,70d813b5e09d4fdac98c761c15c28a62,,
6779,479e2541da741a1bad39571b15c96a18,,
6780,522ba29396cc5b28294738ff91bbce1d,,
6781,235cc1d05d01d1a3d2424514b27e68e2,,
6782,fb85ad4fd2bc74adf94bd9cc36ee63da,,
6783,84c2a5a9252e223ab8e84010b685dc11,,
6784,bf1b395053b3d584ccee60148cef87b3,,
6785,a25f2880d2b6ab6f5fe7496ac083e51a,,
6786,33a9999af688cef83c55fe3579c4bd53,,
6787,bd1e09c6a0c08934bb2f93ea933fce56,,
6788,d23e0709ca64ced49fcba580e93a5b9d,,
6789,34acef22e21c0085165007dbead61508,,
6790,fed060df1eed19b5c4b62ccc071ba1e6,,
6791,0bc1fdd9a51cf38d3dffac3541189c02,,
6792,5fd15e6c0ff22e1265b2557eb6c29559,,
6793,4466722a9c574e8572224b7e853d4f53,,
6794,6db636a5372b53a603ac3a5bde9abba0,,
6795,f526a2ca5612d5913984a67edabaf991,,
6796,8065167dbab09db4ff16c3a34da435b8,,
6797,66c2c9894033a7e09a33548f4e51c2be,,
6798,9d1bda4d28af5a9f5d1d96833cec1728,,
6799,9bf048c56ab608b3020c7dd1a8120a73,,
6800,8654f1e5bde97ee6dbb0c890aa9f10b3,,
6801,988c264d9ed6d1d26345b3a938ba1998,,
6802,acfed41a5a0a64fa710d51bf6bdf5bd9,,
6803,a96764032e53b16ef7b0d99a79e020ad,,
6804,d5cab685b579ccaf021401bf2589b5f0,,
6805,69cbcdf09838a1e96a974c51fbc20f02,,
6806,8b201b0e7f10c44a86046aa1da0f37e6,,
6807,5456189d4e5c15a790a868b70fd25625,,
6808,a807e743ad2020d229347aede1882a8f,,
6809,65facde89bdf8b5b52c51fa5668a94cc,,
6810,06fc0c8a36a83d5150fca83d5bbb2612,,
6811,799cb4b13d53dcd60058a4dd35a933e6,,
6812,43aeffda3443f02792ab71c8bc4ea6d7,,
6813,28ca3539cc4b25b0a3d571c1fe108aba,,
6814,38f32b275b2bf74ee659cd5acdb14a8b,,
6815,7c0c6effa413bf976a309753c40f8bbe,,
6816,697d92515038d4f651881ae13fb49d95,,
6817,2de19392851565602fb1929dfa3f89ff,,
6818,d5b50c1579d9f27e41d477ae6a03de27,,
6819,df3d9c53189dd95a5888480835d341a9,,
6820,1a33d8ea1893170a972d67e493d59396,,
6821,89fbdb6764c16e5901842b67da4b34c1,,
6822,f39bf22d9a2f313425ee201932bac91a,,
6823,28f4e2984fc653938374f54b1af98fa1,,
6824,0ad4f3538ae67d99a7dbfcc01b2d2dd8,,
6825,9872b4046512bedead9dc84501aed242,,
6826,f613220060db299095fda77dbc2c3d06,,
6827,b20cf1d40c0f9925fcc8a04baaae451b,,
6828,12017acb07785c016482bdf208ced93f,,
6829,e6726e27fec3e06f2a768e015ec1f7c0,,
6830,959bfd3628a41ea05df15aae9be26b66,,
6831,cb56eeb149fe1d3df30a43e374d7ab94,,
6832,b76e81e3f3d4feae50c826b07a7a919f,,
6833,b7a656a61d26bd78d95c3449cfc1fab8,,
6834,a7acd47d97913f4d1ff0ca5961e29aa3,,
6835,02805e3e20ef629ffeeee1e68cf24ab0,,
6836,2d4909a3958f29872fe825878a8df373,,
6837,51acf15cbc6a76eb67f442f1d9dfa7a0,,
6838,ae63763dc4f4fad673ec942dfe1c0ea9,,
6839,342cf992c6259c1e9dd731d27a4573cc,,
6840,3f1932eefb6de2c9b6666565a6b93765,,
6841,85e75a3633a7c70abd7d959ff6ee12d0,,
6842,df78c5d9e63770b1895ff6bb2ad8167e,,
6843,63405137826f43487be86096f7191a76,,
6844,45e4d790cac8e1728ee364ea0d31d1c5,,
6845,8d4d03f080d431387a79cfbca4065dbd,,
6846,5f488a50b6910c735e114c7482c393bc,,
6847,03b3788b5dca6fdae323d0f1a03c03f6,,
6848,4fb0466bef8ba34cfb92cafa959f029d,,
6849,4ce70385b1b2a8d59d8d52f303e76285,,
6850,05a5622cb79be8e83a265ee80fd52d86,,
6851,f4a2a254cf460782d206fb9909c668ce,,
6852,b269b43565372f474745f4d71dc2a5c3,,
6853,84c4f998d2b48e875c6fe75ea0365f80,,
6854,3f5262c62f0dc21f1d0a331616428f5f,,
6855,3111867f5335731289a4feb3db5644b7,,
6856,81d946312f17a79100cf3471da48ac9b,,
6857,ff1ca9ec7c9d1694dcacaf5176976967,,
6858,44763cd60166db3c15077ca5ac0d1a28,,
6859,1131645a3637519663bd25b10778f048,,
6860,0c514de56dcdc9d3b7b71173361a5b7b,,
6861,d5235bb224047dae8ea4c5882dbc7e43,,
6862,4116d06d3791a21a4061bade884b4a75,,
6863,9c2eafb5480094f718bc40213531b7d5,,
6864,1cb4a7d3594586b84849e63b828de968,,
6865,8dbe3cdc6b82d368c82e44f054477769,,
6866,97d04624149987d7078075ae79e0f36a,,
6867,3b8a504e9cb1a71c7d8810dbc83c1f3d,,
6868,bec5308ba37fe8d4f33f5d343968a0a3,,
6869,7929c4ab2e5c659112d6f274fcb1fa9f,,
6870,8d90013d52788c1e2f5f47ad80e65d48,,
6871,fd3c8b1c5a38cfffb52d1d5729a10809,,
6872,bc5bfbc30b10c58d7a1756eb84182aed,,
6873,6ffaf27156505265f49d0dbc2d14a745,,
6874,75c9a85b2ccc5d3739e3853b07e8e740,,
6875,e8dd1df7bd9dc88018dca26d92558464,,
6876,1e4bf9d3f2d777304abbb673980d287f,,
6877,f964b9543ed1fcd3fcda049d744a50bd,,
6878,641b0cfd4b0c41a9c89d34c1a985b44e,,
6879,70a840557099db07a37542bdf701df90,,
6880,b6dbb1d1ef20d9d91326e8d9c9493c31,,
6881,48d8b71bbe9d91e9e3d8e97c376364f0,,
6882,42482ed25f9001ae44f6148432da91d7,,
6883,875a9828eae84e015c5ed0e2fdd76b8e,,
6884,31f51b7b36414dc9f0ddda7cac67328f,,
6885,223a54a99ae228f5ff2dd37df24889c4,,
6886,7670f6b1a24f876a30afc5f33043ede7,,
6887,4ca21d08bb5a350a586fca9867943535,,
6888,767c041d13e5c5a89d22126d0da123f6,,
6889,418e6b6e39af708710e1e497ca629ee8,,
6890,2dfc3c0d45043aa9d7aee9560f487a43,,
6891,fcf954f576b072584d4271144e57f6d3,,
6892,963c4b548a8dea988860f21015eae898,,
6893,1001232743e59b621733775979b08c76,,
6894,fa8e46763423d4ffd6830c67df94a9da,,
6895,a2ea42fa1f08d6f672e3c826a885f849,,
6896,435a306cba979f69d8502d354592d020,,
6897,d5d31d19fd6fc69ccb385e975c64e967,,
6898,c93d4db23236f4e9d44fb3e4966b0bd3,,
6899,887d935886b409acc14fa55a3c7e05ba,,
6900,85462c829a6d24bba94de291d9ef737f,,
6901,25193f2e5eb320bb11ac639eb5dc11c3,,
6902,773e080a5857ba8c0669c435af2f1095,,
6903,dabe405fe14fea8abeae766fdaa96185,,
6904,db8c4deefe2d5e672481418e9c7fcb99,,
6905,1e1fb5eb07d438571db43ef8376880fb,,
6906,a563935d922002ca4819f2490eb7be17,,
6907,92830b819eb02be8d93a9e8e8b5ae090,,
6908,3c009593bcf6cdfd25a06a0488c76941,,
6909,4c6a0e8134aee15172b8e37dd7972680,,
6910,7c7ba4a041b9bedb14fd83e7da0ac6e2,,
6911,87f8364df7064774ead518b556765572,,
6912,b975fb616a704b596fd49c6ffce543a9,,
6913,bade12795492d77cea24cac88d383e39,,
6914,dbad8f645978711294f000ea54f903d3,,
6915,3c2dd628b93ce49260c21b8aa9d8fba5,,
6916,5e117814dbbf7ffc4b9eea0ca1f52f5f,,
6917,c2e76da97811429e9127de90ec307700,,
6918,f7af5eef3236461e745cd8b81f1cf93b,,
6919,6a2889f097b3501ebc0343427e9e0c3e,,
6920,c699f572c40dbee492ca9ac0c1a0d9f7,,
6921,5e862859f60d643795701ab5a17c6348,,
6922,7230392803b2b7d2e496e45c12d188a4,,
6923,93b69d2902a418c407b43b1da3248c8d,,
6924,641f830c55badd977b6e91fa8796cdf2,,
6925,6944574816971eda40c20e1e05ad501d,,
6926,5497b569f15cb7ea779cc176d1faebe0,,
6927,dccc83277c036d6a82720e6a19785fad,,
6928,9e74ea34a09e4cc1707165181802c62e,,
6929,4fc7c067489da2964a49a63366b40409,,
6930,b1c86b81cf8904d2e951f6123c49ae42,,
6931,9772703b74227547ad49265a1f70b9c5,,
6932,60e51083a75aa5283aadde7f110df48e,,
6933,b7932b71e15722e1908ad98af13d50fb,,
6934,ebb6a080d72e09f6481721ef9f88c472,,
6935,52aa54cf5125eaafcec0daa3e4da0155,,
6936,c7bc54c0badbe7691fe5324a83f19cee,,
6937,832fc8dde9814d7ecf3d16ea3c3ed5a7,,
6938,7e07f7ac834250b4bc18be2a5a0c4bca,,
6939,37f2d6ab184a9f4a3d3eedf3aa35dff9,,
6940,19638106770d8d0494e4d1ccf64e1662,,
6941,99bc60c2d554be9304993efa0a5ef740,,
6942,a4ee1a3f5cdc4faad3b255294bba1cc4,,
6943,8410fae68bb5de5c8c1b080810903bed,,
6944,34decd8752d355a11b8428eef2c3b614,,
6945,51c58c76e2907090db536a7734cfbabe,,
6946,0be3244ab58beba40b4746250b7c80c0,,
6947,d4a0456a1c023a8d75170ce98199ac0f,,
6948,8aaec063e9ddc9511008aaa0ae48d0ce,,
6949,11aa1f65c72d9154a065404e24215f00,,
6950,55dc99e7642722de975684d45c090d30,,
6951,0355ee153bd16cfb69018d1ff000c419,,
6952,3569276c714b74577335c6b5860f0659,,
6953,6338d2b38bc1568196ff0a7cd3945819,,
6954,fda48abd925720a9a9555ddaccdd622d,,
6955,db0f36ba03d1c8fbec2cc96c3f8c0708,,
6956,3eb04543a5cd878e7590ac3e453d1b2d,,
6957,07f6b87e1e88e2370609c102502cd51a,,
6958,08b92dd5bd510ff336949f1042c11991,,
6959,d8888c68d56232a148462a0096b4579f,,
6960,1dd5326b67781543971d89e31d32ab9b,,
6961,49a2ed9b6af2a48a788b9dd6066bdb0a,,
6962,da959308ba225828ad7bfca0ce00f42a,,
6963,28c5a726ef22dffa940c6a38f2612fc3,,
6964,637209e621c8714a1f636e38542efe91,,
6965,76d58aad5928c554f665a8fad600dfb4,,
6966,ee182a14e532b122f40d561d87eb2136,,
6967,8ecdb6b16476fa6610c7200a093f562c,,
6968,6226ebfc1f9b743a8b02db4eb7145738,,
6969,0f7e1771e31bc1e8fb2014f9aa23cf98,,
6970,d1766314b6c9a6f528f4cb6643798d41,,
6971,09d4be69a2330cd49298bf30d29cc4e5,,
6972,6ddb61c8bad32ffc60da3a6c96e85b49,,
6973,3b8516e22443c84f95935e2b41c73666,,
6974,87c8e5d299ab6d6cda6c0c9002de26db,,
6975,47de9353032a12ede4ea28c8217b8a35,,
6976,275e372464deaeda080e47c4a1f8a8ef,,
6977,3d0d0276329277a86602012ae703b1c5,,
6978,e4004944daa2e2ab41f4d8cec3adec83,,
6979,59fce17965127867763cdd31e2b88ae2,,
6980,7acd16338dbb2d1fa02cd6f3b80436a3,,
6981,a9ff261ddbae34cbbb6b5d5c0f2d1ce6,,
6982,095965e73cfc1094f7bb310d5a6b2e33,,
6983,a49c0d3b59dbabaf8183f5758bacfbc0,,
6984,cbad739adf8a8bf6803b77f81946f8a4,,
6985,e7b8d4f1978aa78ee6d5ba378a12348f,,
6986,206c5193a3d82da78c115c6dc4b4cf6c,,
6987,1bd161a24fc63eed0e1bc3742e0dc7fd,,
6988,f44c40cf19eefcd917a4c9fc992adb22,,
6989,714ecc307ac6c09661404398747027ca,,
6990,4f066c3230d1e0d5f38a1837ea1a86e6,,
6991,819253f1316d7cf6bdc41f8634e4b92f,,
6992,0d6b78c4294517bd27a007b4e41ebd5e,,
6993,1be5a513d61c97663d45df55e8d62d8b,,
6994,f43994e34472b340e138b082c25d01e7,,
6995,c54e20196fd1f02eef4fe02190e773d9,,
6996,fab1d411448d12a807e3ded857ddeaed,,
6997,07eaadc46babea72e7fd1c3be000928e,,
6998,cbdc3e6b77c921f6f0c32924db8a8c01,,
6999,a9401a16f89aabfa1821aba90a64d3d6,,
7000,b66da14818c806a8913a205fab8c6037,,
7001,09e09dacf849bfa8770a2ff9fb9228a5,,
7002,24c62d554f43181518499236941d6163,,
7003,560e4f17e8b93958846f1186eb720f76,,
7004,99cc5f5b9f1a86c14dc1970defb07799,,
7005,fa6a64b3a0c696072eb77fc03e2858df,,
7006,917d123875f9235226a28cdef5320302,,
7007,7a1b601b146af835cef2bc71ea599c65,,
7008,ec382d53fa1973de25c35af7af550aff,,
7009,eccf078b6260753c6ae617c71a6a08e7,,
7010,0f5c1fd0f3e0662cadc45432a81d99ab,,
7011,47e7dff0be98580ee6d89d175a1084d9,,
7012,d2c09b4b3af157777fd5f22d8a37dd56,,
7013,532779ee14c90e573b4d5c99cd63f757,,
7014,64144d9b3b14c64bbdf7dc80816bd459,,
7015,171f7bcb6ead41478ece0bc757ea7e09,,
7016,8dd1d17e02123008c58b1ab3652a613f,,
7017,a58058bcddd545690af8cbb09f71783a,,
7018,a273a79b0d6373074b9f75aafd1dd11c,,
7019,3a182bad75cc603d81f6b423849fc6a4,,
7020,35cc820298fb447703ab51875b3966d2,,
7021,4020266ddfa512a56569cabefdf652dd,,
7022,8b1035c3bcdfedd76c9b55a997d334b7,,
7023,afe59339b8fe3ed8a390ccdf9030f6b1,,
7024,3112c494c644128c2a0f7fbc1e9a23f1,,
7025,a36b91d58c9dae658708fac3ae14b969,,
7026,4351d8299a773ed099cc12148b61fefd,,
7027,4b2af68b112c6842e2fce65b9f69473a,,
7028,d55f48bd044aaa65375a07b6c02b34af,,
7029,6e2e6f847032e2b8823d91cd52b3ef2a,,
7030,05b09773ad1b34275f0b5adee3c650ab,,
7031,3a58bfbbb6c7828c3bb1d4ddce641d46,,
7032,a331bd194ce409c37923a64ae652009f,,
7033,fdad73308669459f04e6c8e14c38a56f,,
7034,5fdca67311d04c9f5625d73a6bd4e825,,
7035,63226114e772943ce7f8017d9f5d4b90,,
7036,a82f9f71cde84001ecc92ccb09eccb5c,,
7037,ef8cb1391e62cb6721eddf6e3495087d,,
7038,cc56822c2b73e6729fcaccc06c0b3ce6,,
7039,c5cd08b16fd00a4d27e66bc0b133c5fb,,
7040,db50ae671fd181d31c89728e6a71e582,,
7041,71f3ff8361e8d200a0b497ec2cdc2097,,
7042,98041afa0df28be692b262a9b933fdb4,,
7043,24dec714435950378692d40fe4d4b449,,
7044,7702d29d578fa93ad74bfa30a3ad0024,,
7045,6ccb8529cc90ff30751eff7a1d055b6e,,
7046,c9cdb735d0efa9d3199d86a5a298b7b8,,
7047,f79a0cc2758c510b36de229416cdff9d,,
7048,0f79d6c2d500c1538179ab617b99c21c,,
7049,504412fae0060c9e33565ee870c5f9b3,,
7050,08ab45297bfe652cc0397f4b37719ba1,,
7051,fdb9d38ce2b5a1d31bb030cd2d3a03b9,,
7052,6bf2342213bed4c588b88c50af3810df,,
7053,ae8f2e2b28764a604d1acc4bd7c8feb7,,
7054,810482a949cbe7f5cd785a1dd9f0122c,,
7055,121403d574d2d7a06114cca4940d3963,,
7056,93a6df6c3e87cddf40ce9317f431b437,,
7057,340c846f464f205cf4df3cb61fab3a0b,,
7058,dcf83f047a81fd697ef3af3e27ed0ec6,,
7059,298a2bcc8923a18f24c1368eadf10d9e,,
7060,a3a4e7642114d0297711ac4ec5c70a04,,
7061,bf1d001ccf13938721098d0f5f3ab546,,
7062,cc2681fc29015a9c20bca401aba9d489,,
7063,a5efb875158cabc314fcb2308e4f32ff,,
7064,87fe5740deb9d4ef755cc157ff710cef,,
7065,f43e3bd17a33c0ce73efbf07f711c328,,
7066,eed17c97383c541f6cca658f3482f429,,
7067,709bc21ccabfc241df80244c45f930a8,,
7068,387c0c2633848a562d0299cb667239fd,,
7069,f82ed3f5d1a4a974884f7180af4f9ba5,,
7070,31e4a1bbfc15b961823e2abfe8a835e2,,
7071,b0327dd5245060b4f79ab8a05e114b20,,
7072,2a1da196c725cd74cff0d64e7a006551,,
7073,4f02c98de6b8540d695f300a2854b28e,,
7074,0cda721ed6ea6bc2826914ddac3cc338,,
7075,ea69da9e735f38910b59e3f303d17892,,
7076,0bf8f44d2c53e5bd65599e56113201d8,,
7077,f7956aab178ff4c161a505b6a050579f,,
7078,8c287a17b24f41ff9d8db8f07c27dab2,,
7079,544a71ab7a8564bf9af28402c82d70b7,,
7080,3e1160cd1ee5bb7c72a9ab1b5837eba2,,
7081,5724a6703905a9e591fe7f6017eab790,,
7082,8826e4b9c231e9b9a69a5f2e8efc815a,,
7083,ebd6034772ec8ea179c5a1802c6b886e,,
7084,9c848808794be6026fe4166547f40293,,
7085,41ec90343ef5c7b2c92e58d1ada4035a,,
7086,480b4b3b0b1ec9ec41980ff45a5fbaa7,,
7087,81b6b10c60f38572abf01c112ca59646,,
7088,0403dcc49b1420545299f692f7d8e270,,
7089,e977901dfe6c8ff87e5bcf5c513250ac,,
7090,b0db6c7062db390ce41581728f2ef122,,
7091,c5a4bb3e9ebfbb7762f7fefee9ee6d6a,,
7092,6d177be639f1b8388faaa200eb81aa26,,
7093,175dca62ef815a4e6d053c230fddec9e,,
7094,0f0cb9aefe4adc765a1d91318d075c4b,,
7095,3077b49eba93c24a339086c57db4edc1,,
7096,687caedb62d68fd4692af68d695efc1c,,
7097,957cf20a917829002fc55aeecaef794c,,
7098,b6ce8703574fbdc8bfd6a1df391ce1fe,,
7099,23ec43578519dac256b3f6ce800b82e7,,
7100,0bf296ea0621d5539aa1ca71600e1f09,,
7101,4352e4e84a3360c5d49b6c51c3646c45,,
7102,98eff279b10d8e5186e406ef91de2f3f,,
7103,c704708bcb669c0198feba47bf9f2c81,,
7104,784f110168ff6164216bc1af7f3aff7d,,
7105,f584978dc639c48313cbc8b991c769ad,,
7106,190fdc642be1770bf973c7e1b354f1b9,,
7107,5af696841a9c6453f9f667bdab0621e5,,
7108,c7eb48bae54b90e76875beae43a6dcd5,,
7109,b083e93e44742431259b7bf6f4df2000,,
7110,f254c9da93b8616baf724c5ee515d4d4,,
7111,10ce72448dc8291b84c67016f41fbd9a,,
7112,a69badf4b6b8c73c40d30cb9dfeffea5,,
7113,a656612b4ddb61780536400c117a9b91,,
7114,cd9c3b20829419695429f656fc340821,,
7115,4c9894ef150c2661e2c1ad333542f058,,
7116,ff4cd20d67101688ada57fbabe318e3a,,
7117,f2cdbdce3204d8c92da1db6034ff6a19,,
7118,89b16d4fc1a0315739b2e6b02e0101a0,,
7119,da84230d35b22a900b153d5cb969a7a7,,
7120,a3bf6f7cc8d798b1a4516f91837e4cdd,,
7121,1a1dd1f3590e710d0613a768a5c928c7,,
7122,243111debafd72d448a03ca22a0be2d7,,
7123,319e18fe9a6e761753d858a42e1e9c87,,
7124,0bb772b06c9e3cd1914e31b509556ebf,,
7125,89afbbdd7813f149b3a047bc544046a8,,
7126,4010e2f5597c66cfedeff01bf890fac4,,
7127,f2061f4d36c3ed5e865d8f8d8e0785b3,,
7128,3cc67455d9062474ce93c37a0be18240,,
7129,e86dc98123a85d3326a02767ea046da3,,
7130,8155f65396046e3efc544ff5b24fb205,,
7131,68ef1f45254c298cac176cabb6c0fe58,,
7132,675b2df2b587c591750c51ba2db29a8c,,
7133,8b126306391fa2af0f8bea265f2c9666,,
7134,ee3cb4950320fa16061f3f3519f8e08e,,
7135,dab5ccc01be2e36c4abd9ae34a04f3b7,,
7136,eac2bfcf6b1dd7733ab9e2f31452e5bd,,
7137,e1d6da7b8f2a3ccdc9a198433923ef09,,
7138,00d7ec94436e3a1416a3b302914957d3,,
7139,f58d3c50b2dce653f173900c37651dd7,,
7140,8a104f21359fb32d52d2eaee124e49d9,,
7141,7a059d43b8f1c7c231a2257df8a1a9cb,,
7142,9f63a48ff9b5d0014f8685e43ad28d80,,
7143,3c65a1c66c85c220069dcd52c3bf026e,,
7144,9a22abb1da9fc91bb8ae7b91bfe1451e,,
7145,316a926df7392be710915fdaaebbf18b,,
7146,c17fbe7ddf1c9b5993bb144c00d5136b,,
7147,18d067c6e901818fd873836a73e927e2,,
7148,3380c3e1993e6ab8c7d6910fb2cabc9f,,
7149,8ed0759dc9f237217ed150c21d9afeac,,
7150,18566c8e26d5b14f599fc92acec008e0,,
7151,99962ae11ae7b8de3b7304c55b8581ab,,
7152,2ebc99a3c4af2b3f021ab423c0ab1e8a,,
7153,7fa4634ab59a7832bc877fef162eacaa,,
7154,c3249c406e4f7d0f508c8bd96dd32c56,,
7155,02ac04211b58466d13d690dc9be8adf0,,
7156,0bd0a172d1f92a1c8bb43585affe0648,,
7157,b1c8b92e790c28010a3f0678db6638fc,,
7158,c377e5b8934beca956bfb45df7918062,,
7159,de4dc93bcd5dd4eb08fdec474455de0c,,
7160,983631022096bc36a1a690d72db6b1d3,,
7161,86e1e1f8d6a8d630b1577b3a5f3d65a3,,
7162,c4c088b96b22d0d2162e4825caf7bf9b,,
7163,6499001d40ddb478089f9636ca5a6033,,
7164,169d9147cecd82694d89707040728d5a,,
7165,6e4dcecad6279bd08a31ec5d920a4984,,
7166,eea5a7ea388de38cafb29752b812c9ff,,
7167,378e5f9c174b753e2269e584ba82a086,,
7168,5f8fbed589d176d76b04935caa744bec,,
7169,c6441fa162ce23651c241f1014f96681,,
7170,d4de3f75f584833fbf5318f1352349fc,,
7171,53c42a394b9b949e8fe7c66df360aa5e,,
7172,bedede7f872907a2f2f04a0681413ce9,,
7173,b2e49a8c3c4609119bb4673cf74cb7bc,,
7174,f732745735a435417280f120b2fc917f,,
7175,d8dc5358795768819f229a681d2dc483,,
7176,2de0597cbb7af462bfdb7b1c4f935248,,
7177,683847ef5ab5ddac7fa74ba56acd06ef,,
7178,3b1e3723cb316952edf175585cbf1ef0,,
7179,4440238097875a7ffcaeda8d7cdc420e,,
7180,993a33d083328d4debb5a1a3354e3cb0,,
7181,0068d4c7529e34fd4c9da863ce01a161,,
7182,6f75edad6dfc45ab8a79af4e5168a439,,
7183,d4008e9be9d30da69c1d6b622c0b5859,,
7184,c3dee3a63dd4de94d33eb09670584b32,,
7185,12592e0c38df5d4d8222fabaeb5ed8bd,,
7186,ab53934e13fe844e43c6c903dabf0128,,
7187,ada83813085876c62c8bf0481f1693cf,,
7188,a5c070a1bff740fb05683f14886888e7,,
7189,c8c464afaf408f2aecdf7744071b52af,,
7190,6b3066448fce3a65fbe2bda2b8e6b364,,
7191,7330d34ce601199f83d5aeefd81e11a1,,
7192,84ddef23ac361e8977e4673ac116b6dd,,
7193,79af987e53cfb0bf7187058829f811e0,,
7194,c29a172145a30a79b05c6f0216a1dbef,,
7195,af5341277e4627293fb84ff9777ce792,,
7196,505c99086b5c2c2aff4bed177070fb1a,,
7197,3eee912c7daba1d6c5c6968ef71b5570,,
7198,3c8b636f1d0af8f8e4d5cfa2479b4069,,
7199,05042f83b5d00b7ca6e2b4f0a2b3add1,,
7200,cab3be5d1206bf586249afffb74ab846,,
7201,0ae4dfa2347160e807c4a4b9bee98f47,,
7202,b4a11816441242128acc772adf40d612,,
7203,90ca0914d80d3877bb710d95ab9de2be,,
7204,f77cd6d8098fc4709515606d0a1ade9a,,
7205,aaee8c7e09fa4b50c160acd7e3302cfd,,
7206,53d3ec12f49fd2695220c6505ba5a92c,,
7207,fa74ab756f01ab6b562643955d297cba,,
7208,861eebcd948b656b6051ff0b7a27e3be,,
7209,39e137ff5bb5384d1ff800c77b9d196e,,
7210,633389c0591bdabc6cfd4b0d4fc245e4,,
7211,d0461ccb7f1b70ee7dc3188422e246d9,,
7212,c61a17863f7acb86b028b67af888539a,,
7213,3b82f3a80bd8bef6a0353a4443185c4e,,
7214,e08e093639ae659b84c6d2c95f542f0e,,
7215,cfb29a1c64c1c59c8f4837bab2d285d7,,
7216,d1664288850cb1224eac89ca5f092c66,,
7217,4b5ed09dd73806cd9fde2c5f7808f913,,
7218,22b05f7f7b5dc2c88e0b2038cd1a96a4,,
7219,f9cc777d635db7d25aa27e494d56676b,,
7220,c5935769ea277fc625da007d693f7cf2,,
7221,eca989843a1006206f8af3503b71b66c,,
7222,d1638380152648f1466e4aca9f260d15,,
7223,43111f9c3a9aca9f3b1daf09f392f3c8,,
7224,77baa1e549ada2966bd21cb3eb6b5072,,
7225,710e3f6901a5e7e1c97bcc64bdbfd39d,,
7226,6ce244d5b0b2fba2749fa09ac4b02adb,,
7227,1ab9af72a41c10ab6e385d4fa97b37b4,,
7228,f671b51a5aae50ac44610a380de4fdb7,,
7229,95f50ef561b3a5577c09859dc909fb8d,,
7230,5bb96d3a5bdcfc315f8b00c4535a1b0b,,
7231,577e010bab3273901812fba55ea8706c,,
7232,e70a78a696e2e294dc4ebaf48c449804,,
7233,16d80dbe6d4b3bf22ecf54833b17f3ec,,
7234,aaef504823a0043ebc6063bc805baa38,,
7235,69cbb87f131ddaa6b2ea5e9b6694c01d,,
7236,ff228af5af1389e09e293692ea479d98,,
7237,de6b31466c0af9a7024de03a5540f1f7,,
7238,b1fc28c48cb6e83e5015074c3b61ae65,,
7239,0b7e106ad1484a6e887b55b18834b740,,
7240,7057c640774c8b672285d0854316d564,,
7241,d707d86264e14f3d3f5bac156693e8f9,,
7242,f746e9703e48b20b6c64c1b9dce29d8a,,
7243,ae4eece1cdf581598449b32f7747f3a6,,
7244,30d1afcfeaf59da8e4f527df77e92aa9,,
7245,56595a1d570f2b10b5149b84a4767ce7,,
7246,5a19b7514d9adb447ed6aa694811f1eb,,
7247,cea56801015e8f1ee57c6e13bdb4231b,,
7248,829dd10a2effb3f6aad826dc06217f58,,
7249,bca92627fd1a1e37630c13079cb10b4f,,
7250,aa7ce2c5b9e3fba65a6502469a9e7d32,,
7251,cbe58732cb94078090d6a35b712e19d8,,
7252,622f9fbf44de6f0650d02b3088911446,,
7253,701a0c1cbb556697609f4f45a8c0a7c7,,
7254,159013703bc13afa6207bfcba78ec64a,,
7255,29012d883d912965b3719856bf07021b,,
7256,59c75ad5b178f5f2860deef480d6837b,,
7257,226301ee1193716a8079c58d8669b4f9,,
7258,dbc2d616d1bad5b37a847194b8bfb016,,
7259,accd14af27733e4a820b6db8c88d50dd,,
7260,636430b4495809e379c2623c22f95d59,,
7261,24018895d65de3eab9c2f29b071bf2e8,,
7262,afa70cee560c0b557c12a0cf0ca7611f,,
7263,84e233a4bd768d33767d7d53acf2a96d,,
7264,e0dbde719b3f28fa7ef3e429b44c6d41,,
7265,7fad834b5a2804776b9f68ce9b30a756,,
7266,fda9a587d6bbfa5ceabe1840b2ae6337,,
7267,c7b8b5d4f033d38b29c52d363b0bc7dc,,
7268,f4df16a55805e69f7013d79eca0c46a7,,
7269,479c67e60b431a189c31e65be43f3741,,
7270,184b98556b06d9962dee7e737b23902b,,
7271,e7b24e5307a06a2547e4cc31df3e2d1f,,
7272,7b917641f2ce238b8ea819f9b0497d3c,,
7273,0fb9b3a05b5cdf37f6c20513c4075d3c,,
7274,1b86a85640e5832e6b27d89c8f99adf9,,
7275,35e8dd323072ad8efa1ae1db44921669,,
7276,ddef4e1c6a194049fc45361836134ae7,,
7277,a979f5e3d61ebeec3dcbe8943c9316ca,,
7278,22ed80ee33043b4289b64b40b1032368,,
7279,c779f8e6464edd98859571efe4c0cc23,,
7280,45b99a45cfdae3158c6de1062c90055d,,
7281,cdc62b9e07d25bb4ceac1ba9d09e6e12,,
7282,403b430abd712f623f549ec1bba52c4d,,
7283,4375505cc90a8de4e82c267a1d2f97f4,,
7284,813a9dcf1078efd7086f5fdc2a0a313d,,
7285,f4eb5ccf14a42b3a6396eff3a53ed59b,,
7286,ecf2c02cc3881e508933ea679c43f64e,,
7287,f062f6c1128e0e9d51a76747d9018849,,
7288,3d3de59a9cdafdb58eb5ffde8dab8d70,,
7289,3711df960b95a8a8a61c5f09789d3084,,
7290,f84c0dc5ef76aecaa17012a85a7f0a4e,,
7291,bb2ab3d537fc2ff5eda009019226c37b,,
7292,14fefa0444174c6575f8832c18fc66f7,,
7293,b8b2b97c2b6b1cb436a57dcefca7f78e,,
7294,a2fb69954b14fe15857b0f54515fc745,,
7295,f00a8cd34ac361a3292c2d2361bbaebe,,
7296,9c15a8e386889addca20f94d2c8f40dc,,
7297,6d2bcf1b97f6731338a530650f776fb4,,
7298,22e864a06b508693b7cba4119282a1df,,
7299,b3852036b9bab5f90891f5f18617b559,,
7300,3406d5d8ae8ffd5e42386d8caf2d023f,,
7301,32f0241a4fbafab0850770a4832678c2,,
7302,7e43dec1572c29fac7a8e6ed7905e927,,
7303,af19419c91142ecb32673de460b8d556,,
7304,a87bddaf67f7f888914f5f9590560c47,,
7305,e00a9e967dd9d4b5b23d92f7c791fbdd,,
7306,516598fef0cb4c22e42999b3df120e2c,,
7307,c23936489d103366825cbd33c09d921c,,
7308,62202e376a671af629cc7c309561ff56,,
7309,633d23562dc69169de94e10026731594,,
7310,8fae0151f134c7499934dfe20c700eb9,,
7311,d5dee5de5515c0c97d57eec89feac17c,,
7312,c830e13bcc901a882b0107569025d583,,
7313,2a8f8a39a833b8f141e0474b097fdb36,,
7314,1e644a98460e4f7ea50717720a001efd,,
7315,34a48086263adb0c3245ec2bbb925809,,
7316,30214f9a2c610f550a40501fd11d74b1,,
7317,6caa7b567d4e6f6911014f796e288999,,
7318,6c2184be6158e9b5c7fb8c829c5e8585,,
7319,d650074cb4c31b78e04d220718bc0eb2,,
7320,8c5fd47e838f44848c14076f71fe0d10,,
7321,fe76b5241959c34204276ed01886e5e4,,
7322,855256cd7062aaf319512b1648249481,,
7323,c8846813f6660c127897a5da55050d96,,
7324,11acf00f7aba60feb6c6626ceff0cc51,,
7325,3a29c247ba9bea6c502265d526f76202,,
7326,020a76e6ac9418a2f23f467b861e6012,,
7327,d8e6c24dadbb377b6934a21ba7ce02c4,,
7328,2268c3174c1c0890af7ae1bae4c8cd74,,
7329,bebc85c00d7bbf56ebe048147b15ace4,,
7330,b0654fe0bbf7b60f93eeea050b99f553,,
7331,2450332fd88c37a0014408abd9800884,,
7332,1bcd72efb2404e184d0b572612bf1355,,
7333,0fcc5673242af956da6637881d14c414,,
7334,848d1942cc5b7feb97cc03d3ad08d6f9,,
7335,5255e5cae8fc9b03ddb4dc1c2512f355,,
7336,745ff65e8c4d1006694049e1da8b938b,,
7337,89cae81d189efb98d4adc9806c50f8fd,,
7338,d93b3bc2dd02c94fec754e34a0501284,,
7339,808b08eee6fcba85c15f66c78d2ad293,,
7340,9a0fc7a2679d20d5c7bab1f220316e58,,
7341,a5d6dfb0a704460b69941758468b3e5a,,
7342,f334ec537ee5bdf988d09fdbfeaac2c7,,
7343,404702c384b622b8bded2b8ab146ad93,,
7344,283d925bbde649adc0a7c703049ee7d5,,
7345,62a0c25ab8bb28f97b9f2abfd05ef5a6,,
7346,da4b2e029abb2741bcfef60fa7ab10b0,,
7347,0bd941a8340eaec12fd35ffc798599df,,
7348,685b9b163d583cf156f378adfdf3564c,,
7349,1dd805b0572515c3eac56564cddf181c,,
7350,af2e93677f85a4ff065cfd55c279793d,,
7351,55ff2653f73181fa930362206357f030,,
7352,9c6f467ce81f20c99c0254250fb745c6,,
7353,43c2e485e4b5b12e1e5da69bcff065a4,,
7354,66ed3b7961aea86a4a44a6798884b6bc,,
7355,200c27d689b7c5b6461f6cc33428049a,,
7356,874be9a5b3a7fc7127d02977c1f8a0c8,,
7357,3189cb39f65cbd55aa4bf4513f246692,,
7358,5ffcce68d2c246abbaf30aedc7f37848,,
7359,848811eccf00a2b215360b0a94e581f5,,
7360,72ef48dc4b05d21859f3842c373e5216,,
7361,c49120119e7b66ccffde14e3a3030d8d,,
7362,7ec0f086a920ce703cd2b74895b9be49,,
7363,531a7f47d8e6e7733e86000e5f793168,,
7364,6f5722cf3b8e5a90dc1e0eff127c4632,,
7365,cb9467b3ebfe0885daa1f6f2ce03196f,,
7366,38020becb73cea2d52e02adb5d3704ef,,
7367,c35748a22f311db6af79236075dfdb30,,
7368,e0df25d68711d044c43e0612d185732c,,
7369,d19db5477bfa4fbc71388d05346c1690,,
7370,3b0d18ac54563b6c0e9d333f4d72e61a,,
7371,8addcf68a92fde8dba0b2a99caf9bff9,,
7372,8d042c218851d6c8385cb5f1e321ced6,,
7373,117322874280c217ec357f6de7b5c77f,,
7374,5ad5cca8bc4c96585d42a6f8369be1e7,,
7375,934f3bcb20dfdd3e184f53df0383b9e0,,
7376,c7793b26c758ddf3e9d6561c31d394d4,,
7377,26ffc10557b83c414ab624b0dc6c8b24,,
7378,be548af60fd350e776d30cbf208312bd,,
7379,8c9c9fbe9fe4e3787e94905f9d617db9,,
7380,48c293293f88598d043cb59ebdab037b,,
7381,3b9c3ae2d2f1abe1498d4c746769aaa0,,
7382,d436e759a2f2a387b85ee7a3f91bfdd7,,
7383,07e81d2eee07982de62cd5b303d19872,,
7384,c9da6e79a6474de5625e41c71660daf9,,
7385,3faad4959dbc001b2529a158822193df,,
7386,372ea2dd928988579a7c716c1c36a9bd,,
7387,696e3791b5590f7fe3c22fbe1ee369b4,,
7388,ac2d6fd1aa1fe717c00e97b132ebc392,,
7389,32ff402bc897175da9f8cef21d98e3f7,,
7390,87c2116787ff620957ecc95521bc3c0f,,
7391,903c88d5dc12315b4f6e9d6ad6b82537,,
7392,001c62abd11fa4b57bf7a6c603a11bb9,,
7393,35df658da1f793bd9cab0a1ff94fdf33,,
7394,8dafcf8fe216a675953bddb06de7a3f0,,
7395,9825a1b0d9fd541a2849af0880927c88,,
7396,2f64fb8c55543d67a8831f1b1a7a89c2,,
7397,f03af6a10717282de524bec7dc01111f,,
7398,465c28b0dd4df27225df502c010675c6,,
7399,73a68f27d9581434d99b621f0c2a434c,,
7400,e82301e658d765151edd7134a663c4e1,,
7401,6d35e2b7e296586b9654009085774c81,,
7402,637bca124ad0ca9466e48b63b898bccd,,
7403,f6dc7b75bcaed70894cf4b1aa4c9e874,,
7404,d1088ba933bd7066a3a777f542f61fa6,,
7405,f730b8cd7f0d3e8c054e1a1cf1c8ece9,,
7406,c05a2f5debd74c8db062d027567ed546,,
7407,edb109423e4f668740936d2787dd470f,,
7408,06ef45756a44d6ec0301b519700bf053,,
7409,310c156419ea422872c92052fddd902b,,
7410,6ccced7f24b2fa0a84639d192f3a9679,,
7411,708254de6b71fa82c4d3479035c52a83,,
7412,87a463cb0b4da2f78e25cd0986475367,,
7413,42c97dfa8a8d7ab5ee5ddcc6a5c968da,,
7414,bceb6394825406de71ab3107fb86ef5c,,
7415,4e38e2f4a243c8638d2a3077a5d4f6c5,,
7416,3772be22ed5750f38e3eb653984d9b02,,
7417,82d54116781696f12d1b9cebbc4598b0,,
7418,74340eaeb135c761155f1a7f198f17dc,,
7419,e8290f572f0e2d4e85248dc375ed3b94,,
7420,e696a20c83939434527ea9a8b4d26d24,,
7421,ad7966354108cafde4ab6dfc2abcfcea,,
7422,67470bde06cb2a3fe8460fdfc41891ff,,
7423,b62c2d30390e698b52e3349c512a80c9,,
7424,1d728152dfddffb95b2a45677300fada,,
7425,427f804eef0ccf5d4f858288d6399c7d,,
7426,decb2702456870a7e201f456196b58b9,,
7427,66e0c8fcc2e2130b1e5d0fe125c34b91,,
7428,6994fb3398aba05141d0824ead52e474,,
7429,a2e687e5e0a43d0aaaeecc1ba215c352,,
7430,99ce1fa103014b5486f882bb82994acf,,
7431,a3a96d6827a3708af480708035a3cfc4,,
7432,4cc1691f988cd4596b2a38d1e64c18ce,,
7433,23fb8c811f66b576d6f412c120eac878,,
7434,a54c950714ffed6411b859ac44766467,,
7435,4d4b6d9c4e2ff4aef7674ac4ae960893,,
7436,a7b3150b3014d521b21d518ea94a9a00,,
7437,6740dbd4b12921e8aef0381c3bc2eb75,,
7438,a7baba733c9e351d8938a493e9e96480,,
7439,c9600084eb770e9fd5eecff32421e4d3,,
7440,98c7ea676add7df440b5893d776f7a6d,,
7441,2033421adffe1e569704229c139c0dab,,
7442,7fd7f2b3b421239d1874a2feaf76af8b,,
7443,34a7736e8074a6cef57277d7dfcaeeb7,,
7444,f9b0585f3bed42786c6c9fc199e59dc8,,
7445,fa347f99ad391a7ce5800ac7d161080a,,
7446,55c0eded30c834f91a4a717776f781e2,,
7447,803fade140992ca225f034458f38f1ad,,
7448,2c17d73eaffa2997a47e75019abadae5,,
7449,1329fffac9982cca468efe133cfacf50,,
7450,d8b48c0404394e83af61c15ad7eea1a3,,
7451,a880877c39bb56738db55b44336087c8,,
7452,b6ca31583bd0acc777d60f88750c3db6,,
7453,c32fba73ac1af46b2ccfd549172f1227,,
7454,c86e99892a6b79cfb79b2770530b4864,,
7455,2a5ac092c2766b2750c68c227d5357c8,,
7456,29392c4ed2a73fc38cdce3db84fa624a,,
7457,3c89c48cb5db0af4ff08d1b8568e5687,,
7458,b440e34f6b1bc9abd0844a7ed19a6b45,,
7459,3737e0d7e43e1b09167f4036e9cc414b,,
7460,977cf7eff248c3fe87a235ae3d051b1f,,
7461,26aeae00f116e0b0154b8e9e7df44f28,,
7462,9aa47821e79af6bbacc6ee49f915156c,,
7463,7f96d1a121676b1a4fb5f73684061d80,,
7464,db55ba974934917c0fd582f2dd7a109c,,
7465,0a97bd73cd153b33751d43821ff0a400,,
7466,9c37e4cad0a3fd8edae320d73c314e8c,,
7467,0a90417765296ad56c6c4c401eae71bd,,
7468,bc2518ea5985260ea91f96e2db178b5f,,
7469,42eede78f4743416e600783e0773d1c0,,
7470,e3a34f11358350448279e275774a0263,,
7471,38b57271d9d5c552236511e9c5d4cf04,,
7472,e34756c845af0df51049713c5d5f30be,,
7473,be9a14433ee7b842c1be4ba2eb5a19a7,,
7474,7a7df1b2eabf6a5b55cba56cd312fcc5,,
7475,45a9246ffe8005b732769f04824dca96,,
7476,886c574b0b86f018967dd04de7ef6fe7,,
7477,fccd891ab4d4ce283caa43e2575d7924,,
7478,cec3c34a4776cfc9e2b867b8c420fd53,,
7479,c24be4bf9e9be5e7898cdd383233813b,,
7480,7493b991594249bb3027be2df62a4dfd,,
7481,f80762497aaa467658859f20ca56f875,,
7482,33cfff7a487aad24b8501f93ba8831d9,,
7483,f0422b9adf9f34ea214374a48bcb757e,,
7484,9f32709697b0f56cfb6e82bb9ccf83d7,,
7485,7544176f3abc652330625e45f8cdbae9,,
7486,6ab7bc76941454c4ec71eb754f066f30,,
7487,c55d70318adf126c5f91d224c00d2c01,,
7488,432abc4bb7e9413b738f13e982b11868,,
7489,72e996bf235d7bcec83fd9c8f7de1977,,
7490,933f22ce388303435d472aa4f9a56d66,,
7491,b28d4d6124a0ac2910a1629df758cc37,,
7492,e00211e28b1305eb266b08e6e9583df1,,
7493,ff6e67a5f0b674097f5142ec24eb8fcb,,
7494,4170f061044a480249355b4dcc4306cc,,
7495,7d60fa34382d46eddec04ec8acb4cb52,,
7496,a4d8550e3c9eeb147f16812c33fe594e,,
7497,61af9a116d196c47cc049a122eb7b7f3,,
7498,f078e8a043122dd2b87426178bec0601,,
7499,b2132ea045444b2693693ff67cf6bc3a,,
7500,f168fbab6acf64bca970a59aace54ba0,,
7501,a04d7b32a88c1d2f397b67ff083f5313,,
7502,294ec32adf84bc61c69974ae54cf7e83,,
7503,78ab08388dcb0af78e8692e9e482952a,,
7504,0e37381aa92c289f168388fb6a332b8c,,
7505,700c0607ec73c9ccdd88de5617f850a9,,
7506,69a4552b4624ba6c770a637769fb5d4f,,
7507,6453e55d3511f7cacb8075f5bb82fd97,,
7508,bb575d53749fe2b8cb9ef5381d968808,,
7509,9badca58cd4dbe1ba757e725456753d0,,
7510,9335fbc722c3feb51e73c142238a0751,,
7511,bd95e87048a1d5303af08d98343498aa,,
7512,756d99387536d5721fcf4cf590627179,,
7513,091e4c8eda34e392cbecfc81d7aeb6c7,,
7514,bd4039c1e7b986f2e640817cea35c270,,
7515,87edb3eb0b79782b9b7eec15dc294872,,
7516,91a40f207d9a99e49866c204e28ce521,,
7517,e5fc40d67ca490bb598688f92a2eff6b,,
7518,692bd821a86c9a9f34a421b21debfcf2,,
7519,f2b4695127e8d36d54b5214ac6675000,,
7520,b06a67b1cfc4b815fbe169d323633c3e,,
7521,644bfd69ca745dd7e1884a4f4c2fc408,,
7522,3ee16cef000a96c344248a90e5cfccd2,,
7523,8df43ebd07c7eb0eeac8346283dcb5f7,,
7524,9bc0147aa824ade0f679cf44b9d21ccb,,
7525,50c4ba6278d1218afaf32150edaeb90b,,
7526,2384f9b394b4aebf46feef7bda01efdb,,
7527,5ea3b6705b0f21ed9cbe1899677a2ae9,,
7528,67560153b5cec1288c56658e789b31e9,,
7529,0a14e008bce3dbcce2470ca1123bd565,,
7530,8b0f143a34251629cd7c0d34743d3e63,,
7531,2466cb378b2949fca28ffb83050d151a,,
7532,e4b88ebc219a7581fa6222712e3227d9,,
7533,ee2eff16873d8db59ea97fb8ad5e58c7,,
7534,148fe91d0372058647fd126db36714d5,,
7535,1214680ab7c7ce4d1cc89b78a96010b8,,
7536,6a5cc0b66b8d4af9c13f1303c6de5ffb,,
7537,5dfac783c03cb58f51dd856ecc2bc16c,,
7538,391ffc7ec4eefb3d19575a93b7641bcc,,
7539,6eac976813faebe8dc84eaf3835e74c5,,
7540,470fe78b3e1c56bc1117d440c92b8c8f,,
7541,47ef18a50c1eaabc451a8083e0f6d4b7,,
7542,4c7a4bff88740fdb9736319e2169ef4e,,
7543,2ae687e6a07ac70f9391efc3c3a08746,,
7544,5490b5eb4e0cba88967869aad6e4e2b8,,
7545,caee5cd6d6691f96111daa9a32dd6431,,
7546,0903682c23bb2b58a57decbbb833d3fc,,
7547,6c20932e84b65fdc93dcfa63d9fdf1d5,,
7548,05819281002c55258bb3086cc55e3b48,,
7549,884f20408db7e6c39b69e4eb8e048e35,,
7550,b65129204d2b429ad4612276e2d2dd84,,
7551,78e3e60195790495de73121ecf24a8e9,,
7552,4b22c4bbfb4c64cb76db6f0319dacc8f,,
7553,eefb2c8c791cf40c6a5ca8b131d475f4,,
7554,c57f886720b4042062b470f807bf1212,,
7555,375df231fdc9598606a966787173c056,,
7556,54d8ec6ad7fb212c188a3607553748cc,,
7557,32291426a698e316ff990f4b93e27e98,,
7558,69093012b7c700d47368bc993df2f2eb,,
7559,e4c2c0efe450797793cc090b2fd59f84,,
7560,bfc5aa2abac6018b587819bf87cb1f9a,,
7561,ee1110b27defb401d09d65145d2c046c,,
7562,9a222ba2f42f77eada172595823be7b7,,
7563,32d951dce83800cf441b41c50b50208a,,
7564,6b64f58e84416337cb14d50fca10c2ea,,
7565,de25838fbbd4c64febcac5c2a7c094bc,,
7566,adfcd8070ddb982d9a0e2bff01a681ef,,
7567,c9f1703dd6eddf8e8b9cd50e9098265d,,
7568,79e7ac532c7b4052075ad6c85be3facc,,
7569,13fda059fd1f53956062ab04079b8cf7,,
7570,021cebcddd589b19448cae16b26c9863,,
7571,53416873e47e7e576ec17bdfa919b405,,
7572,7a5f4e79d1efd7b32518909b00753bd5,,
7573,b9445f54b56479caf17cc14534d4ff79,,
7574,4932f17e88988f2e6ce80c1fe627f390,,
7575,5071ecad7048bcc543cad7ed3f8496fc,,
7576,534fdc08ee52646076cca848c744eafc,,
7577,d5c7f88f88f69807ac508571475473fe,,
7578,8a1deb06940aa081c0cd103659e57510,,
7579,53d99b6d0957c93029223458e5e9e5bc,,
7580,623a22a6d357ae6cb2269fd6e6ffe457,,
7581,eb879c95e942688b2fde3061e313e5b8,,
7582,75cb55b879fce1a96c8273cdd77048c0,,
7583,e46cd9a60e519442571060be59a55149,,
7584,ef04092847409d2ea98b392331985dcb,,
7585,c3d455bdad379c5c262e16b750789baf,,
7586,9d6c47919e951f12b90c5df731cc68bb,,
7587,bd7b8c7051dabffb30d7ce3f66ee2448,,
7588,7c86ff19f62a250146e4a6c55168e0b9,,
7589,b23fa1eb9b60a23d45c43df4c20e180e,,
7590,a0c04a4f156d76aa695bb9264c1bc0b9,,
7591,eb9821fc7f3a5af8d7b54a482478aaab,,
7592,344764125b7586cb29d3af60106bd807,,
7593,29053c264a170a054de97ff356245dfc,,
7594,dd6ded8699cc4d3bf62c7e961b8a70ec,,
7595,ec44c46c8fbfd5e3d91c8b46ac2badcf,,
7596,825c6002ff3ab0e041ebd7025ba41b4f,,
7597,948e99d0e90585562815a1b73b96c5dd,,
7598,99c6fe26241ccf3a84ef771506d99fa2,,
7599,00e6511435645e50673991768a713c66,,
7600,eaf66ac783499827a7f09d69793a07d7,,
7601,5a33146b3a9f15e2e3fe5d52ea9df09c,,
7602,760c42976ae580bcfe3381ccb4bc2a2e,,
7603,d065d62d5db3a99245b8eff06975c94f,,
7604,198fa06f052feedc1684e42829c137fc,,
7605,114db3f43c4ac596ba4e0da70b7afc90,,
7606,e994de172996c57b3c414dd7192b500c,,
7607,393ff5d6edd16d9094d468789febbb4a,,
7608,2442cc58025c02b3d153183bb0f65bd4,,
7609,3b31f5eba8578eb248aafbabbb5240d4,,
7610,905c650345aa10be67b1193b35cc44a5,,
7611,50a159e2f93214ad4ebb0ec9c5d428f7,,
7612,83d0de668184afcde783b9922ec962b1,,
7613,8b6b71ad7870d27f593a16905a42445f,,
7614,7ae412eda1a4203bb31484fdcdf0864d,,
7615,c14efea7c94be982c8045ff9d3c16266,,
7616,466a84e8d13813e7aabfe440f437d990,,
7617,f40e70ccbb570093d3069d1855e8d716,,
7618,c4b7ca39cc464a7af7f80fb9f4bc05c3,,
7619,519da2cbc9327761dfc95ecdc9af3bfd,,
7620,ebd0b86bc3cf2b3fc044d8178f6541dc,,
7621,d6f1c51db42f3d11c7001141d7b417a7,,
7622,d1baa7e7eae6ec14a7342a27ab6a4b37,,
7623,9e3843c81ae2badfb22d9a46813d4470,,
7624,f3b08a5e211d74b09025915fa906449a,,
7625,ecc3d16c7cbe0903bfe1bea8f3755236,,
7626,7105b8ee8d4c00c513b334fdfdcd6c49,,
7627,94f02c7d0a57b89c1815e1e18314a037,,
7628,537e2fe52437bd0b4f139d9397208c55,,
7629,de917fad4d201600ab0832d4625dc054,,
7630,a6220c7ef591dd3f61c996877d0504d8,,
7631,cc10f085bbb94d2cf54436567d7c8aed,,
7632,d6d46d84e69f9d216c81b39bd7acfd08,,
7633,11253234dfdb3f8252246a66f3440d6f,,
7634,1553a517c2865e17ba28e1fac79bec75,,
7635,7b8d2f39e387bc0a54504377f8318247,,
7636,9f345a662a5f3f02ccf0c91e3d786c62,,
7637,400be2106c2e1d3b4a505b075f9c3943,,
7638,9a947bb2c389def80ba16bfe12587d24,,
7639,6baaf1d0cb562d864baedc5db3acaf11,,
7640,1a2aac625091eebb572f8b74bb8d1ce2,,
7641,1be6e10d8e0afdbe07aab32a2985b23b,,
7642,9559ae040fe5fac16fc58b41bc03b714,,
7643,21fe7ff04e29b6226685f06b08208e49,,
7644,e142b7febd70389ad7034febac1e5cd9,,
7645,b801c926e3101268f1b816bd658bcc2f,,
7646,ab0c6950b69d38008bea90173b44aefa,,
7647,d06caef003246b913feba14f74dc9e1a,,
7648,e05d82c55450c622c1e477bd1c7006b2,,
7649,764bdd14f26588403269fab48b4c0ad8,,
7650,510932ca0cdcb0dc885ce987bc67387d,,
7651,7f8e10f3342e3763a4251fbde58ba92e,,
7652,79c1bcc4eda4d24d26faa9154123774e,,
7653,3e526b460db033d30d9860e2a20107ee,,
7654,7e9faf4f810f09529d000a8ca03e96b8,,
7655,b4bebe718759817d5cf440821cf435d7,,
7656,7bd46f8d2cc1f459bd176828df350655,,
7657,5ed3bb060e0e6d7fe6472f1982e530e9,,
7658,95c518378ccd428a5e674c3c668e9f2e,,
7659,600a7b8ec7c5e6b21eb9b12b86eb1b4a,,
7660,0c63ad44d6bc717dcf0c965d1284d503,,
7661,090a77c517a7a2caa23e443a77a78bc7,,
7662,4a40f41b4f18ff0dffee2fefbb19ed3f,,
7663,98b3643c066287fc7f2418dfb7317dba,,
7664,7cd2df8fe3fe766914f311e7044ae747,,
7665,1b37e45a5f52c1150b3c5dcadf618aac,,
7666,e4e5fcff14e99aa91c9e3c6a0e2395cc,,
7667,4db9a5906b55661f277770dee7a4e3c8,,
7668,f20638cc61a1ad764ed718b278f9055c,,
7669,dc5a57e65f5f1e4aa7864083e55ea2c0,,
7670,ecbf3405442e732ce340669db10f18b4,,
7671,bd044fc0a6c80e3f94bdbefb3d36cdff,,
7672,a8133622df02940b40d4dc7c6c0b2712,,
7673,2144175d2259fe321bd5be95bea58d89,,
7674,9d4c88beba0b2d533f205f1b615e6c7e,,
7675,7fff6b6143de8f92c066b3fc8296ffbe,,
7676,264e5e8732450598190acec51da65cdc,,
7677,5554bf43ed8256dff3a716d9811a7afb,,
7678,72273ecaf2d7de847ce3555519a6257a,,
7679,6001e27f6577164029e34413c8c019ce,,
7680,2b12c146454d425994569aa61bceb435,,
7681,22e0f8d843db20fc522b7aa9100ba15d,,
7682,500d4f7a12600df45965673dd4642d4f,,
7683,f0d3a67702abc214a7ca6c1158e5a62c,,
7684,07c52f877d1c531c1da6ea32b3c6bff5,,
7685,a18dd083ecf438507441cb0d5fc3122e,,
7686,5d3dfae104348251b8fbc99f8d39a601,,
7687,37ffc81d6b4fddaae6b0482ef956dd63,,
7688,915845d6283e37f8855d3ac5c0bcd599,,
7689,f5e114741e483a029e24405d07e0f670,,
7690,95b532b4358d9b7df9102074081e7e31,,
7691,1d3d8045a44963e4367b437fdf361dc5,,
7692,b9773cfc818a958e8090ea4d53d0d1ed,,
7693,562fcf2bfefeabc1ab87b205fbb7e2cb,,
7694,7e11c52b13383a5b0d309fbdb2df0185,,
7695,cc4c05d450b5688a72299fd33ebedc0f,,
7696,d80c552562190ea7eb75ef6e2cde3ad8,,
7697,a798f33537433d71e8e219b26a2c7ec2,,
7698,3a4465af672ccb78b09364132ba9e4d4,,
7699,9fcd098c5a32cf1aa1a3bc8128a7daaa,,
7700,dd036a4ae490d912713ea354b58d8eb9,,
7701,fe6e8727c605a29cfbaf5aead99d83a1,,
7702,d8aef66ed061a62078ef30ab96bebe01,,
7703,5b35810de01fe586e598f49e17cfcecc,,
7704,c445380a860360322df76605978e1618,,
7705,b398c381f4263375bfba1da2649a1eaa,,
7706,a04310d441e8d2c7a5066627baeec9b6,,
7707,331e4fe39216db524c07eab27b107cf7,,
7708,c62385e0dbf6892862499ac723598afd,,
7709,03a1deb18638f73ce898b2adac1c8ec9,,
7710,497419c137d260d9cad01b6e06c1c936,,
7711,f0a5d0215fb79628b4879882cb22046f,,
7712,880a1fc64038757f0a332bdf8b81ef05,,
7713,84d0f286cb639e7ceb3b185c62776100,,
7714,f75c7cec3ddc9fbff27aca59b01c5bf5,,
7715,c970573e9cb96664f92635e105212888,,
7716,bfed5501cd4160d9cf038f99f992dd20,,
7717,39b20d5c2588bafb42c5d6915de11b6b,,
7718,58828230621362791c841c47151ddf15,,
7719,ccf9d24a414565e908da2e72beb306de,,
7720,16d60f4cf354e55767cd9ad2b7ccc4bb,,
7721,b8d39f06d855369018fd52f0f9bb3596,,
7722,adb6453b3935267a4d77a60fd75d807d,,
7723,52754aa5f7eb637258abda6dac50201b,,
7724,f1a956dea62abf0e11ff2a61b9aa192e,,
7725,c13682fc07a61cda3b9344b21b26c86e,,
7726,33453ab3633e39269f3368e83acb993b,,
7727,074d9f9ceede2e4fad8aec367a335a77,,
7728,3dc568b37b7dbf893932e40949dc090c,,
7729,c0db35440abdadea53ddf0f68fc68431,,
7730,d8dab9eef691dc2a83874a3560fbaddb,,
7731,2d7eef10a777361cd0872f70dda344ba,,
7732,4726ffb66a6516baff6de98df2b5a26b,,
7733,7f70358de767d2a47aae0773933f84d3,,
7734,f121597ae1a23fe4e8d1a051b3533dd5,,
7735,52bbaa0fbe4b7a3d193fc41eec5b0f46,,
7736,d5ac3e845ce7d8ae724837805912da91,,
7737,9858e810bb88db4a43c7285c3bcf2f37,,
7738,a4ff02d4ba4e5f4420fab051ebd975aa,,
7739,a408bd35cb44b141bf67fe60e72561b3,,
7740,01dfcde514052a6dc35ea4407f41d6e1,,
7741,327e57e785d4808c280054de8f4639b0,,
7742,d1a9750fbe2b10c8d52dfddf4cb1bde3,,
7743,78ef82c809a7a83e145b2ff221af942d,,
7744,6f56626692cd29912c0eac773b21dcbf,,
7745,dff4a8c3a1dd49f5be5bb73b538f6b91,,
7746,6f59b0e5e3fb83824e6d994793cc00ed,,
7747,ec5c3e40db39e2e12c39b76f9d5e1ec2,,
7748,01e5bb47fb34f075f87cbfbc8d630124,,
7749,dc5c8aee736af815a7952a7dc7bccfee,,
7750,1ccd539748c427c85899566015a9373c,,
7751,ceeecabdd20612d39d87af49f190b414,,
7752,d69b8fd852515da7355d327ebad76a77,,
7753,4c547c4817c06b4e77da45768358eb98,,
7754,527af9b6db70b874fd633ce7d56076e3,,
7755,1b6ada2e6a396b9fc86ec1905b3c017d,,
7756,77e6971aea24697a8ab12490aba58aab,,
7757,e0c370969267c34db431130a881e72f4,,
7758,a8e96a9ccdebc9ad76b206493270f670,,
7759,84219af34ad6929dc1a9d5b1d7ab2ac0,,
7760,3c659b2837afab3af6b952fcbaa6a515,,
7761,e739dc3b9262a94c9a5c206c39864278,,
7762,84ae5b7bd213e53668fa2eeba29ac60d,,
7763,308af8bc571b7c2e743a35d7489e4e32,,
7764,8246fac2d2f17fad9bf28d3ad7d0f1cb,,
7765,6372e988e276e2b77a2ce257ed1b21aa,,
7766,9b7a3bed1f74654040a37290572015c5,,
7767,2b8bc8c425c959228db9a99fd1b4ec66,,
7768,cfbe34e8826d4e2bb02061d9ef056e83,,
7769,dc7254ab21584e852fe556646c86d6f4,,
7770,277e42bee7396d25cb4e9e2286e9f245,,
7771,d19246d956e226f8a41ad8848482c5fe,,
7772,b2e452fe7fc20523a2a54b2d2db5c9ab,,
7773,022a0bb891701b0161a7d4518415d0f4,,
7774,401b94094eae879be1760beada10743f,,
7775,8cd79170b9a39ff09db077594b8ef415,,
7776,a8e773eff750fc08a72de5075c79474f,,
7777,85fb392d25b2a8c56e054b2e3cf4b0ad,,
7778,1ec8e0f0d006e23ad9ab3686bc6a61e5,,
7779,f534baed77c3ea8471dae9811cc235f1,,
7780,445d5d7f60a018ce7be8c09b2af9012d,,
7781,edb9c2eec6fa3dbfb0f7443c4ffccb4a,,
7782,a886fbc23aece507ae9663d9877fe7a1,,
7783,3f452dab89968d231cf7730cf8d9178e,,
7784,69ea325f5f312d270c5b5acd9ebb77ee,,
7785,3ee83e295ae1fca3fbee89fb67666bc1,,
7786,6e4a5f12ebdbcd25db876280c85915a4,,
7787,eb88d9362516b7ff394e7c3b41d2931d,,
7788,8d3f432144fb13e62d865a20dcfa7e82,,
7789,4ec6654ea6a3bb662c245cb0e45e6f6b,,
7790,6468063d0445cf082716fa830a507de2,,
7791,685746f405341f7cdd4fcfef07b41bda,,
7792,62c56362b10d68cfaf8000485da3de5e,,
7793,62128872685beec5aaf0bd18a3cceb0b,,
7794,e7043a7f067f15e7a833df1f0e9c7a7a,,
7795,5aeb565364a376a498fbcb54f6b5dd6f,,
7796,09fc43e064588dca30345bf48cea81a8,,
7797,0e492e8df48427de3324676b8df25fd0,,
7798,c8ca4858e14ad4bc1a466796f147f1ca,,
7799,2f3e4e71d38f7f20aad08dd262b9ca63,,
7800,838e413e9561b104afa20bdd1d02f8ae,,
7801,9e5184539ff152c09de06033c1e4260e,,
7802,b63cd7e9557adcd7ad081fd8bd069539,,
7803,2478b7db4a1d7d9013536df40b338f3c,,
7804,38b05b6f866c00580bb9cf735d1acddf,,
7805,9f1f0177237ed9f6c767aa1884abded4,,
7806,c5da6dbc1ed61b7ab06cd92b1dfbdaac,,
7807,0939cc4fdee01c1d6f34541b9f8bd475,,
7808,5b5ecc77a66ee3e3d5ea183b2bf81553,,
7809,9d0bc55b262f263dde42556320e261cf,,
7810,2314634bf328b5e24bc7a5a3d82c08ee,,
7811,738dc44527924dc7229e284254e76362,,
7812,255a76a1ac28860f33678d4b9cbde7bf,,
7813,dfefdf0717c69330a75f3cd28abcfff5,,
7814,7200c323caff2ce71735a87fa810a211,,
7815,6db74a5a5881080c9a8a1572e8b289cb,,
7816,c23bbf3044bfdb3cb04b6e00920ba1ee,,
7817,026dcf3b549e8fb23143ea82023f58be,,
7818,bdee785032e09e6976dfcc2948dc540f,,
7819,abfe06f56b989f9e1d6034b12bb885d8,,
7820,f2196dcfec3027846cdd304448f28fa5,,
7821,eec36dafc7b16caaadf5418529dc29cd,,
7822,0981f547380ba7b05772f3e5685b1beb,,
7823,957c6cf443a82d55f348284784fe6324,,
7824,602dcec72143bd0f1eabfad244f081dd,,
7825,6109a474ebb5c73ef1dc5fe36c6f7df2,,
7826,1b75a56162b47135cd93def864901042,,
7827,9fdc67635e14822c347061fd50f40939,,
7828,2e1b1f41e613f0592627547bf4b49cb2,,
7829,28de07f534e1942fb63732ccd9e09338,,
7830,8b90a3312d9fc702a9ec8236e23065c7,,
7831,fe78f239c395dbce8631e211cd4e32e6,,
7832,8fb12946881047895dd14ed095a99367,,
7833,a9b5352dfb32a821700f5d6876baa479,,
7834,6d0b36e4884c8cf6458c7f69daaf6e08,,
7835,f800a3979b283e4b697fa2aade0c1947,,
7836,888def072ecd54df26237e65ede1be05,,
7837,9c51659368b9df260684b25ecaca3f77,,
7838,b648dd9ceb6d90df1768261a382ec687,,
7839,4f168af41a521c3def05bbab5d3c2d5d,,
7840,691b8d6d8606006ea205fd1189d017f7,,
7841,33f9166b614aff651d1f0cb240dc98af,,
7842,58068fcdb3562d6c87a5984660f7c81b,,
7843,b5db121ca6ba4d979a6bef814d5fdb17,,
7844,d0bd34262db1f6c9753c6ead015e347f,,
7845,31a3f7a3ae29edf51a356c3e8eaa023e,,
7846,e61f5f4feabbb1cb6c09a2bd4494b916,,
7847,684007dfab2690881f18447158417ead,,
7848,e5739e452d5b7c5e68c4171ece2557e3,,
7849,b993648443f3e9ff352b64202528592b,,
7850,9518fc0f7ee2483168d18fe28e0d0083,,
7851,1c4653246dc78308252d47160786ad15,,
7852,6f076bd7534e295a7a9870bcf603a81f,,
7853,9bc70f1bfc8dbca7c881616b0198edcb,,
7854,294c12f8fdc2228f1f080227aac95f27,,
7855,4858f73263019107826aab5c18e98114,,
7856,669b67af2cab5c7d7cdc569052d13f9d,,
7857,5c90deb93f9fd965642b6edda6561bde,,
7858,167ff6e9aa4e03593520c277f4071557,,
7859,62274c435774e0ed7a219c9c3b693bce,,
7860,8a31a42bb904f022190f57733ccef19c,,
7861,e87c5d758af35b08e49524b37e731c66,,
7862,5c023def11d24939459afd3e3cb69620,,
7863,2819283411c64ee7b3c4885044bcaa0a,,
7864,b48211c0c0fba52fcc8d919d03ed005b,,
7865,830a3227ef20baac63414e821f96f740,,
7866,87a1d44e21700bd0eb3db27371eb3999,,
7867,3405272b1d7134dc93364c69167448da,,
7868,57b445bdaf42976e8a4c92561ec097db,,
7869,8d6842e797f4edcbefa0e580a3e73fd5,,
7870,5a6fbb00a1d8eabcf61d3094e008c283,,
7871,5a94f8031f8dfc6f222e1f4c2df0fade,,
7872,01227af585a47c16680f927d21a7f06a,,
7873,7fa9e5162e347814fdf3596f3ebcedd8,,
7874,28df755fd0a605c432d3342214f8cd65,,
7875,6976004fb0e04f4435b0e1e127032881,,
7876,5491324b554f337dc1eaf3e0c93eebb4,,
7877,8c72125b59c871657b90358f53dab131,,
7878,e4215cfc8c41ec04a55431cc413688a9,,
7879,2aa5b4c0381297847a846c197a4208b3,,
7880,f6de38334730ae611fbf46dd649b1476,,
7881,416319e9adb8ee8ef939608e9ffa6962,,
7882,da07bf2ac3a36b2ff58e35561f15613f,,
7883,cd5ba6aadfeafe1aa567c7d18fe93660,,
7884,bbde3819952e358ed7c67acd1cd4516e,,
7885,33b1d7be5b5cc5230d25191ea8305d9a,,
7886,ea2550ea9814a9ed57936301517e50b0,,
7887,3a565cdeac048c3fafbba7b913061689,,
7888,c5d6646dda31ee94cf4bbfef14e08e76,,
7889,49f0eacee68196c3e5b997ee6d82214e,,
7890,aadf3a115d8d11e9dca722fbc2f8b783,,
7891,8363aae89c7a8c538005c6b26ea5d4e7,,
7892,25591f9ed81c3fb2001ce4e62b08b627,,
7893,a5b9c716881eaccb44574cbcef8f048b,,
7894,8a2e377920bb4f87e746d837d6ff0f40,,
7895,35597497e528841c22f9c07331b08c49,,
7896,3d478da1e66bfacc7567914809447099,,
7897,87f911e13431605386cb4a32367e74f0,,
7898,aebe292567e0f8447fdc94994189a80a,,
7899,822c5bce81fb31e02a3561f4e083c52d,,
7900,9cf499926b48d9cafb7d952e1e9f725b,,
7901,0e204892570cac5d8352fac145f1e66c,,
7902,b640ae62431d5a81eff0992bc612c9e6,,
7903,af3e715af952b5325f9f06e703ca40ad,,
7904,c071f89d0a9d629aa19c3ea7f90bd38f,,
7905,ae73856854dae06ef0423afdc995e9c8,,
7906,1443a8d2509ecfda39e42fe18ce2d864,,
7907,287de3ae1fa63dec27e7b5f42cfe7c66,,
7908,295f60908595262b10bfd016661819fd,,
7909,1450e63cc91f0a136c2a54bebf9a07a8,,
7910,43f1934ed5821f2b4897e6535b432668,,
7911,08abd36dda089b53088bb7bf7558336a,,
7912,60cd3ff208f41abe56a6fd7c594dc103,,
7913,621f180f39962cf8dc87f62cf681200b,,
7914,74c2ad4cf2820e6ede00c6c4fb3e4ab2,,
7915,96daa0c757713deeb2148c1952063648,,
7916,14d85920aa1445d33deaa0d5ff443fd5,,
7917,284fb1dab2ace8d8a67e590395096142,,
7918,52f458343920a7409c42f4ec0a9cc8e0,,
7919,b0977afdffe62b39dc66b4c2313563d3,,
7920,b265d93d05d4e53741646f108598a055,,
7921,6210281e975f738e94a5643d366e3b09,,
7922,6aa05e4c2cd649f22d309c40540b4230,,
7923,1c231e0f3f25031a6a0a2261d0f9cbcf,,
7924,76512fc338f0cdc3252fb1e4a0d7709c,,
7925,d7f13cf51705adfe64e2b31c332409ca,,
7926,369a3711e3d38086b74319999fcf77f5,,
7927,9e5d11af345645e8379267b0d57a3b64,,
7928,7812bf8e4dbb7288800509b89776da73,,
7929,feca5568f51e661e151ea21dd3286909,,
7930,74d22c241baec436993abf1416138165,,
7931,39f81a4d7b5b86706391dcc09a4c2e94,,
7932,25ab6fdebec09bb2b98756d9068a4c09,,
7933,9f2739434a4444b74f5cbe8888a77ea2,,
7934,08e77f0dd5d4895c3133efe1056159ad,,
7935,e7ded102214a944d051a2628d5452faa,,
7936,73cc9e1ff0ef4259e95b692a37e6ea52,,
7937,e4fe4288bba2a29f9ad2eadbce43cf80,,
7938,d887469d2d1a490b480e32c145c68469,,
7939,2ac0289a1ec7052e6e157ffdb6b68fe4,,
7940,73b0a645fdadb31c74ffba963d4350bc,,
7941,69e6550df1d1713b0bde6c627c42deab,,
7942,a406463af22a5935dd7d7665d1443b14,,
7943,cdffccb112b4bc1ccd2dcc1cc3e948cd,,
7944,e3002210b3ff23cc6121c6fe8be4b2d9,,
7945,99d9afb22b65ea97fcd21ce67e1ddb6c,,
7946,0240270d611683829ea5bee2a8c52eb0,,
7947,bd86f3cec249d54cd3bd64763da8612b,,
7948,bedeb6cf82f3257a34cfdad3dba80413,,
7949,60d21b09253d29039ad12e751e6f2f5a,,
7950,37bcf02187f518f188dc8d97038f3e84,,
7951,6d1a11077fe4183a4109d649cf319923,,
7952,4d65e71e1e9562f67cebf7cfb462c5ae,,
7953,a72d4017523d473110826da984945c60,,
7954,a639966cd3a4bf121202b3dd166c935e,,
7955,725f6e74ba6aed08098c779047a19559,,
7956,7f8cb9cdc9c8f069cec25c44ab4210de,,
7957,f488b8f138b456f09dff6f4eeb079ecc,,
7958,36057d1f3d51b9c92008174dac3bc390,,
7959,a5531d279c394d4e3269bfe5c9aff98b,,
7960,7fbd12db8dceaec4f97268f44853fc57,,
7961,2470531626032d9f836359f11fd4fdf7,,
7962,5c25da900a402f4414069c93bcea9424,,
7963,d1258da064449272f0791bc950214da6,,
7964,7b22fd3e61cb1d3649fa02db994ab146,,
7965,e65d809914de1f87fd337a75ac08454f,,
7966,51fc45502634ba97726929d243438c63,,
7967,51aa1de7c4bbf08d3dacf37183832cbe,,
7968,90b46d166cca71d23d7158ce41f5863c,,
7969,2c657f6c839abdd8fd4a6dc72dabc6ca,,
7970,1d8574ef8f2ebeaf169ac040bda870af,,
7971,0964b1a9a2d9012b729e1ae1a4808d79,,
7972,a82ab9e22ff10be0575503d3262a1a61,,
7973,79651b24fbb072aba80cd457ccee57f8,,
7974,97072543ae9c3b84a7f9ae1cf3dee70c,,
7975,2efc345029c31b8c52f224ced1029ff8,,
7976,a6ba6423d654ae961d730c72a1a2f50f,,
7977,f3bb881e44da68789ac2c3fdffff4c8c,,
7978,fefe14a66d64bff9fa7d05ae8651adb7,,
7979,f0aa8148ce45747389ea072aaaae57ae,,
7980,a20eedc8f4a55e36f0bfc88bc5f8dd06,,
7981,6811459c1bf02a325e7b475a97abbdb5,,
7982,c8412809e48d1d77a9ebd583a0bd9e27,,
7983,f47ce13f49f1d36c3c2fe6be7d6fae4f,,
7984,c7c18a00f4c61c696c30c721bf7621d2,,
7985,7daab1271531f4451d96a6d60f05cffa,,
7986,dac0955cb9071d9394bc235986a55af0,,
7987,2ff022519be7751ee90020e3c71c7c4f,,
7988,ba57c9eb0628f28c35722f0ebef5b620,,
7989,3f156d535f158d7a4370cf836520b185,,
7990,52d6b3779791687e72e755f6b0798ff5,,
7991,896728c112dfe5f55662f5f17656e076,,
7992,30a51ed1a47b8312c8607b32e37cce85,,
7993,5abf7737cdd199a1b7ca5af6d653696f,,
7994,8a539748fa4ea8902c3471f43911b7dd,,
7995,297276e5cd02ffae7626e025bedfd9fa,,
7996,9d3e66d1513d70f510b33d11a65c425c,,
7997,1d33889037497d32695ac48a786af6d5,,
7998,cccc2eaa9a08088488cc2e0e682b551e,,
7999,82b8e31cf5bd59934af005c609d05e64,,
8000,e3c973ccb8b37ad37da0acd96be64830,,
8001,f2f22139dfe311f57ecc1726f35c5802,,
8002,436b91d1faa3d2c896f31e1b91b868a3,,
8003,dd1c5062a0c646d6af4d2d77b4129db4,,
8004,ae2e55ae29c56bb4e122410aba1603e8,,
8005,f2d8b98b713b1587017e9e0e7ae33fc1,,
8006,d8269110acd7e97bed6f5423656b4eb7,,
8007,c8005edbb20996f1efd85cdc46bd805e,,
8008,f56e89dc86b2573d9759aa38c8bd05e9,,
8009,ff339e5fa7be6af83c1b43796092398f,,
8010,c233968ed8653578230b2556054cd675,,
8011,a4119823dddda4b7cd9be59893173b0a,,
8012,a5fc7a2b37df563ea4ecad2d5c5b4778,,
8013,130e070fe606be39506ac1dc4bd7f5bf,,
8014,31fd11d1920dede9f0fa0dcb35baa34e,,
8015,9bb60a3f88287060ff55db1d8e1dce44,,
8016,900ca15382fabf04c7b62af369e0b551,,
8017,0c9045b2cc21942d866067874807cad8,,
8018,c457fa90e865cfd7d755308718d1f6c6,,
8019,9817b2ffd97c44aba650bb86f4ab1b27,,
8020,293a463681a08ed0c816c6618a032534,,
8021,5f537ae857febf9281dd301fd9ccb5f2,,
8022,d644b494434ee6fd201b8a0f740054b6,,
8023,733dbfd0b96484c20b09ecdc4e4b095c,,
8024,5cd64763e1df1acf97df32f5e310bcd6,,
8025,103b9b34a5c6a68bccd320b924513711,,
8026,ea295f8383b74ad29cf5ba2daea89f98,,
8027,dce48bd8efed423c2484093638a369f4,,
8028,e4858d718f97a3ff5dab42484f5b1bd7,,
8029,8f18d0ffda3fb439d6ad4473d575409d,,
8030,46247d80557447a1ee718f12f1daba3c,,
8031,5f89fd817087371714c3480585e1d0ef,,
8032,96d899632a66fc8acc41e89ad288f00b,,
8033,b6d811787ee589d5c13dfd8f3aa893f4,,
8034,13f815f5a33a985e3c9a9f2b2e347e5b,,
8035,f683044312e78c93b51910d9734d17ad,,
8036,7f99c8b70a5d283079d10fefeae1d8a5,,
8037,b14a7f66d2c7fccac708bd5540448658,,
8038,9363078b5551157c88ef7e405f422ef2,,
8039,38e5d191e77117979a52ba888ea2df9e,,
8040,4b446d90784478ad6a0840b6382b8710,,
8041,a96bea30c0bb515012eaae00385a0489,,
8042,02577ddcd838f2559936453b6071dc17,,
8043,93e402b3157850fc6995e60ebb11f70a,,
8044,5b003d43ec0ce5979062442486f84cf7,,
8045,18a3bb8a5a0e5449d25195eb10804e39,,
8046,5af8bba8cb7a8edb4bf416d4dd4d5228,,
8047,7e059274c3afb96b3a33191c804d5a0f,,
8048,cf55f513b16209a90e3d71b1f5234c95,,
8049,6ae973c0f3341e2eb19e08dfe4ee42fc,,
8050,0a619ab32b0cd639d989cce1e1e17da0,,
8051,5ee0695f6d2cd77ad8b49aab7b875445,,
8052,78d0d8888cb53a305dd5931d7cdb84eb,,
8053,9676a10811c1fb71f39ce325e330cd06,,
8054,e3810062235511acdb79ecda62f3f0f0,,
8055,da808179f9d32176f9eb34ede63017e5,,
8056,f36677a82700c606398b90d5c4719e75,,
8057,ddd2f284a0815fb717d5ad3ee2d0d3d8,,
8058,8685b6e382786e031881297b2bf4ae7e,,
8059,490a74ec501de5be85b6e2b6d32d8514,,
8060,aa6fa0228a86251c04d6a74b7bcf1b12,,
8061,601216d398fcb7c5f0e05f69ac5734e4,,
8062,949819ffbb671f6db1ebba07195d5571,,
8063,460b108f9429430e435d2b25e8bdb251,,
8064,95eeb46ecc4a9693119627fedb8df55c,,
8065,d0fe5433525c2dd49ca417cc8a4c82e8,,
8066,7ac43767d5c17c9700f95785ad1cd3d3,,
8067,7274571a802c724b6bb60c4e0ba08bee,,
8068,afe7eb15c8438861ca43f2b20dccf260,,
8069,df6fd828e7cac6338bf51fff6f843a63,,
8070,e76c15467a217238e680e38de3128f05,,
8071,285186bdcabfd05a4d4fe4be52983a59,,
8072,77edc8db84f358e3c7ff787f907cb1f1,,
8073,ffb16f062dfe8fd1161eb29ad1bd80ab,,
8074,5610328a948bda29dfd0e939d28e9f9c,,
8075,e23cac7f1762108d885e548863bacb32,,
8076,7e77e55ae8c546ed11cf6ffd04dda106,,
8077,b4806746e850d3bdeee7b7491c93dc44,,
8078,4dc06a02761e8bc34e417cbf3f53acef,,
8079,593ebf6ab700617588d4570293721619,,
8080,d9d9d64870b78f0bd2be305777f95e52,,
8081,f0a6026f3c1dafdf2496721f3721c039,,
8082,5c845f5a01b97dd479aeef86b465605f,,
8083,8003fd3fd9c33b3c72cf7b70f619809f,,
8084,700e60e9a130333e62698a1c4ef46fa0,,
8085,1406f6f2b430bc206d22fb814d6edeba,,
8086,8a2de6d2185bec383f053b9aeaa24616,,
8087,954c4fc8d1287b99baa0d4937ecd0ac2,,
8088,24c0f0bf150365059c0e8a4e1fef058b,,
8089,5defe2d09b6802c65d28af7d80ebf788,,
8090,5c6a9d25b7c602062f4095c2518aa46a,,
8091,1fc07c65ff0dc92429f8f5990785cec7,,
8092,08feee903e2c1828e1ba8599941f4f63,,
8093,e02856c4928623247b30d6113fbe59fe,,
8094,82a85cb538cdcaf16ea34b2bca1fe118,,
8095,d6150329ed7041e5734c32d2e6c70c15,,
8096,bee357c2ab4deb8d82094c1254c40379,,
8097,dacdcb2643b7fb7038e1f41cb31b4932,,
8098,5102e1dcf0e7e165bc15966bc8062a12,,
8099,5a145fb4724f271a9fed0c8de7a7bf9d,,
8100,0032bfa835ce0f43a92ae0bbab6871cb,,
8101,d3c5d7ceeb968c58ab20710cae53e022,,
8102,74322183fb32bc720347884f80985c40,,
8103,45b107368018ae2d6174aa5c1c6aa29c,,
8104,4002b1133f43037e87085d13da0db7b7,,
8105,6e5820ec2c6f92c75e0ff86c68011042,,
8106,d9ef8f2b1620b5accb8fd81fbc873b39,,
8107,bb21976c037d50bb45aedaa4448ede1e,,
8108,7b3f3b2a473fa265132ca41c139372b0,,
8109,ee9d46e743ccade3196701a6068fa860,,
8110,60d4bb410d7a6dbbd05b26bc73da2d9c,,
8111,5618b00aeacbdf535a22fa008a8f2ad7,,
8112,eff939d5ca03e6b4e85d115fa2ad7e9a,,
8113,f70104d45bb1a6177e3a6826b0eaa030,,
8114,8ed11de0354e0571d6972983dfcefd60,,
8115,bc93d165d96e4fa4883f130b3f7b9885,,
8116,b0ee38976e71dfbfba705974713ee612,,
8117,4fc84c3c665c970865284b352e2134e3,,
8118,df4146c2cb4e97d9c227bdd90d4dc6f8,,
8119,3df74d2fbfaa978ea7dddd31ff05f9f2,,
8120,530f322b76df13d90d37b08b7c592e39,,
8121,6571e5fffadcb4ab16a0fc6388deed0f,,
8122,0c86c8cc04ce1ef02e6f280a932a2624,,
8123,d13eecf391803d164d6f0fd89f1871e8,,
8124,c009af812719b5960f2e11eb295c7466,,
8125,6ae06c0101d0cfa56d4ca5c6aaa7750b,,
8126,f8afcfc27d12a46a36fe0150a56ee749,,
8127,287288c13cab7312a9ced8268cad03ef,,
8128,8e03d0bfa55336cccbfa604e66a878fb,,
8129,c64dd4f75e74ee4c23f27a8d99a3ed19,,
8130,f35124ad7e0c9d8537a8e57966c06445,,
8131,42e82f9af1c127c73cb4845bb919ac86,,
8132,5112ffdb6b267c33eb57cb47580d7bb5,,
8133,7e20141d92f88166015e47b537178a33,,
8134,2e5002e01c53488e4f40c4a68b3cd4b6,,
8135,3c044e6b0f5e68685f9de5269bc0f5d6,,
8136,6132aed76295829095a8ad229f995ced,,
8137,26db031a2a246f6525d08296fad489f6,,
8138,7a06c24907b5a0474a182905cb0c8dae,,
8139,44d1baf3f558ceb7cad8400079178649,,
8140,4986e447599c3957af4df8eb907613ea,,
8141,1df63c491243a9f5c0ad727672be2763,,
8142,aef75d4c390d838aabe56e2d601b6a13,,
8143,5c4baef054d63b3b93c99a885fc94fac,,
8144,e85bc7944c6dad97514e5dbbf774ace4,,
8145,a712e62023246ce138c377b93660ee69,,
8146,5412642aeef99bc006be1cb1d8689ccd,,
8147,2c338fdeda4b425aec3800c89246828a,,
8148,f67a592b0bb22b35277c751dd0631ad1,,
8149,d6c1175d1961ea5a938d6a6ae26d2135,,
8150,682a1fd346b6fff340afbdb80c2f7caf,,
8151,294c41defe507592692b93bb10c33123,,
8152,a51ad4ec379a9209c740025a6d410708,,
8153,7aecfafc3f7197a290d62660924583a8,,
8154,ae607241f09b3b41864703c488ccd111,,
8155,2131ddffffd2ccdc49b3c50edecf9d6e,,
8156,265e7f265773d27e1770a3cd3ce05677,,
8157,f29962cf62f852b83823f7ab438f64d7,,
8158,b4714bdc3d893bc158efe750a60d6de6,,
8159,50c5fe8acdcd1ce4ddde5fec6e61c81c,,
8160,4e4ce0014805e5233656108980fc35a5,,
8161,9aea86aa9b34cebb8bbc0db42d6c7559,,
8162,2eb5bcf03e017074aeab169637feb019,,
8163,f2f8cceffb465c40558be00452ebe833,,
8164,41a7f02bda7016398ff2d492d0f717e2,,
8165,5c2226e06c1c417be01fdd49ce5501b9,,
8166,7f032b79af6d35aa1b943ef60c83edfa,,
8167,5fcce7dc17349db4badc8e94e41f45eb,,
8168,777e89beb78fc98db5806423fe7f7254,,
8169,c37af9634aac2e27a80dbc6f115f583c,,
8170,bce6156cc1e42f3c62b14d424664c974,,
8171,8001484017154333b90372d0055508b8,,
8172,51a08c0f649d0958cad761b47f6699af,,
8173,650dabf1b46d9fd75380b11c772e6bf6,,
8174,4df50e072ddab1882a4795b15f3a7124,,
8175,aa082e66a044358b7222c7e2fb499a2b,,
8176,1075cff47acd7b66b405f2d186192ad9,,
8177,ae4ad154b75bebccec42417cb00bb08a,,
8178,589c60dd4940000360acc551fd112705,,
8179,cc9bcb8d5cfb549f56cb21d55d0571f4,,
8180,6ac0b26f19900930a2ec02c9f5187b53,,
8181,a23accdd92c621553d8e58b8b40eed83,,
8182,eed22b80775127e0a2143e287d79c575,,
8183,70b8788b7d72841a18ebf2e47e70e24e,,
8184,0bec02fc4922292847f64a9065d7b32d,,
8185,e3306507fac36d68ea6c6e20bda23200,,
8186,2d89735825e26abf44c7c5f5981ddeb6,,
8187,248849ede6c19a5b38182908836cb666,,
8188,a716d9d2767072033e5a3a7a23c42fb5,,
8189,17e1f862d37507d9b5a73208ef30ccc6,,
8190,ab81f1e238ba4350b836f161a0c5c043,,
8191,17364682bc0141eab397828f49642a60,,
8192,9e214636c44de44bb1b3c62e5f2af44b,,
8193,944145f2933819f15c2c06746e839e97,,
8194,ba0476c61b241addd5a5b83fc6dd0aa4,,
8195,2ce127e7731155d1373bfbd0abdc368b,,
8196,30362d7b1bcf3e92232f765dd647752b,,
8197,129065b74e139bb331d985027c1da317,,
8198,befafdac95e8e497f11df8c2d997a989,,
8199,cb4e0cc18babaee27c613971a3155fb8,,
8200,275322852b2d7d5cff8a19cc5e72ff4e,,
8201,8fccff804b4b917572a6bfa3f32b3132,,
8202,d391b688a24367fdafa1a25a8fd9e6ad,,
8203,eee4c72a63e67252e0f2a3462a16ea95,,
8204,72bd56326bacd70420b41ec463aae7e8,,
8205,f236820cf87ca90929a81b8f4b2a3e3e,,
8206,d69244e15961cf6fb54d50a3baaaa46d,,
8207,3f42a18d856e04de46dec49a7adb376a,,
8208,0dd642748050ba621498690175a3bcb8,,
8209,99b39fd0cf009ddf94fa26bdd8636c67,,
8210,69bf739361bfca3db482e3ce7249fa55,,
8211,589ce42577588f51fa6d8de876b55dbc,,
8212,f18c633e29a58f190d91ec485ef6138d,,
8213,f7b519160f85eb52ace93414ffce8982,,
8214,d3dd5bb57e15006aae47d7be82b94438,,
8215,7a8b6bab463a5bb84042635acbac50cf,,
8216,bde3843781f35eee9ffa24bd228f41d5,,
8217,083bbffb698cdc7ab5402052b5b3dfce,,
8218,4271f838ba2f13ffd46386db5248e904,,
8219,ba8e50f3e374a63eae8af2f9d9a7acb0,,
8220,c1d018bf50493567d288a9fdad021e6c,,
8221,7a11953f0c2c18ee2bec9c6fd5f4e561,,
8222,1cce91f7fa498dba0e31b6c6548214e0,,
8223,ab833a07de59607fa4fbaebf1d92fb33,,
8224,8cd313b5545fa75f9a7dd0273e17c568,,
8225,1ed6debd60ccda239c0f6eb93306ee26,,
8226,2b03baa16076f3848892001f9f5d392a,,
8227,5d7ca212ea70ef050c80f5088155cbf2,,
8228,163ee5ba5116b02bb3424105ab4b57e6,,
8229,4f53892473ee239f9dc9d80047cb3627,,
8230,513540cba1445676334e1a17a3d95ff0,,
8231,846ffdd927cf1a58e0c5a2507e83d85f,,
8232,37aba3bbad701308106b141471c063f0,,
8233,890d0c582d769f001e95fa6f38252daf,,
8234,362e3e8ac1b34cd114f6e47ad94e3e28,,
8235,1da8a722a706485d9299b750b3be0a38,,
8236,5a1e02d983668583f95b2220fc7dc71d,,
8237,d00866f3a286162b27e7a466cb88eb9f,,
8238,ef78804e47bf8950bced09b56309ec0b,,
8239,615b584af86176f21b7a609807c56197,,
8240,9be75d21da501c45d6e6b2f5e859a7a2,,
8241,835061458363b1b59aeb19f3a5d3e879,,
8242,8a4acae5d50cd14899eafd08c2dfa8fc,,
8243,007433133235efc27a39f11df6940829,,
8244,52e38cf820ba3f92ca415cb2a2672ea0,,
